ibutton,date,time,date.time,temperature.c
1,7/23/2021,0:00,7/23/2021 0:00,17.188
1,7/24/2021,0:00,7/24/2021 0:00,13.312
1,7/25/2021,0:00,7/25/2021 0:00,16.875
1,7/26/2021,0:00,7/26/2021 0:00,17.625
1,7/27/2021,0:00,7/27/2021 0:00,17.5
1,7/28/2021,0:00,7/28/2021 0:00,13.688
1,7/29/2021,0:00,7/29/2021 0:00,14.5
1,7/30/2021,0:00,7/30/2021 0:00,15.438
1,7/31/2021,0:00,7/31/2021 0:00,11.125
1,8/1/2021,0:00,8/1/2021 0:00,10.438
1,8/2/2021,0:00,8/2/2021 0:00,10.5
1,8/3/2021,0:00,8/3/2021 0:00,10.312
1,8/4/2021,0:00,8/4/2021 0:00,10.375
1,8/5/2021,0:00,8/5/2021 0:00,10.25
1,8/6/2021,0:00,8/6/2021 0:00,10
1,8/7/2021,0:00,8/7/2021 0:00,10.438
1,8/8/2021,0:00,8/8/2021 0:00,13.5
1,8/9/2021,0:00,8/9/2021 0:00,13.188
1,8/10/2021,0:00,8/10/2021 0:00,12.375
1,8/11/2021,0:00,8/11/2021 0:00,10.5
1,8/12/2021,0:00,8/12/2021 0:00,11.375
1,7/23/2021,0:12,7/23/2021 0:12,16.875
1,7/24/2021,0:12,7/24/2021 0:12,13.875
1,7/25/2021,0:12,7/25/2021 0:12,17.25
1,7/26/2021,0:12,7/26/2021 0:12,17.562
1,7/27/2021,0:12,7/27/2021 0:12,17.438
1,7/28/2021,0:12,7/28/2021 0:12,13.688
1,7/29/2021,0:12,7/29/2021 0:12,12.875
1,7/30/2021,0:12,7/30/2021 0:12,15.312
1,7/31/2021,0:12,7/31/2021 0:12,11.062
1,8/1/2021,0:12,8/1/2021 0:12,10.375
1,8/2/2021,0:12,8/2/2021 0:12,10.438
1,8/3/2021,0:12,8/3/2021 0:12,10.312
1,8/4/2021,0:12,8/4/2021 0:12,10.375
1,8/5/2021,0:12,8/5/2021 0:12,10.25
1,8/6/2021,0:12,8/6/2021 0:12,9.938
1,8/7/2021,0:12,8/7/2021 0:12,10.438
1,8/8/2021,0:12,8/8/2021 0:12,14.75
1,8/9/2021,0:12,8/9/2021 0:12,12.375
1,8/10/2021,0:12,8/10/2021 0:12,12.688
1,8/11/2021,0:12,8/11/2021 0:12,10.5
1,8/12/2021,0:12,8/12/2021 0:12,11.25
1,7/23/2021,0:24,7/23/2021 0:24,16.625
1,7/24/2021,0:24,7/24/2021 0:24,13.75
1,7/25/2021,0:24,7/25/2021 0:24,17.188
1,7/26/2021,0:24,7/26/2021 0:24,17.5
1,7/27/2021,0:24,7/27/2021 0:24,17.375
1,7/28/2021,0:24,7/28/2021 0:24,13.375
1,7/29/2021,0:24,7/29/2021 0:24,13.5
1,7/30/2021,0:24,7/30/2021 0:24,15.25
1,7/31/2021,0:24,7/31/2021 0:24,11
1,8/1/2021,0:24,8/1/2021 0:24,10.5
1,8/2/2021,0:24,8/2/2021 0:24,10.5
1,8/3/2021,0:24,8/3/2021 0:24,10.375
1,8/4/2021,0:24,8/4/2021 0:24,10.375
1,8/5/2021,0:24,8/5/2021 0:24,10.188
1,8/6/2021,0:24,8/6/2021 0:24,9.938
1,8/7/2021,0:24,8/7/2021 0:24,10.5
1,8/8/2021,0:24,8/8/2021 0:24,14.812
1,8/9/2021,0:24,8/9/2021 0:24,13.188
1,8/10/2021,0:24,8/10/2021 0:24,12.625
1,8/11/2021,0:24,8/11/2021 0:24,10.562
1,8/12/2021,0:24,8/12/2021 0:24,11.312
1,7/23/2021,0:36,7/23/2021 0:36,16.312
1,7/24/2021,0:36,7/24/2021 0:36,13.875
1,7/25/2021,0:36,7/25/2021 0:36,17.125
1,7/26/2021,0:36,7/26/2021 0:36,17.375
1,7/27/2021,0:36,7/27/2021 0:36,15.938
1,7/28/2021,0:36,7/28/2021 0:36,15.438
1,7/29/2021,0:36,7/29/2021 0:36,13.875
1,7/30/2021,0:36,7/30/2021 0:36,15.562
1,7/31/2021,0:36,7/31/2021 0:36,11.125
1,8/1/2021,0:36,8/1/2021 0:36,10.438
1,8/2/2021,0:36,8/2/2021 0:36,10.438
1,8/3/2021,0:36,8/3/2021 0:36,10.312
1,8/4/2021,0:36,8/4/2021 0:36,10.312
1,8/5/2021,0:36,8/5/2021 0:36,10.188
1,8/6/2021,0:36,8/6/2021 0:36,9.938
1,8/7/2021,0:36,8/7/2021 0:36,10.562
1,8/8/2021,0:36,8/8/2021 0:36,14.438
1,8/9/2021,0:36,8/9/2021 0:36,12.875
1,8/10/2021,0:36,8/10/2021 0:36,12.688
1,8/11/2021,0:36,8/11/2021 0:36,10.5
1,8/12/2021,0:36,8/12/2021 0:36,11.5
1,7/23/2021,0:48,7/23/2021 0:48,16.062
1,7/24/2021,0:48,7/24/2021 0:48,13.562
1,7/25/2021,0:48,7/25/2021 0:48,17.062
1,7/26/2021,0:48,7/26/2021 0:48,17.312
1,7/27/2021,0:48,7/27/2021 0:48,17.188
1,7/28/2021,0:48,7/28/2021 0:48,13.812
1,7/29/2021,0:48,7/29/2021 0:48,13.875
1,7/30/2021,0:48,7/30/2021 0:48,15.562
1,7/31/2021,0:48,7/31/2021 0:48,11.125
1,8/1/2021,0:48,8/1/2021 0:48,10.438
1,8/2/2021,0:48,8/2/2021 0:48,10.438
1,8/3/2021,0:48,8/3/2021 0:48,10.25
1,8/4/2021,0:48,8/4/2021 0:48,10.375
1,8/5/2021,0:48,8/5/2021 0:48,10.188
1,8/6/2021,0:48,8/6/2021 0:48,9.938
1,8/7/2021,0:48,8/7/2021 0:48,10.562
1,8/8/2021,0:48,8/8/2021 0:48,14.062
1,8/9/2021,0:48,8/9/2021 0:48,12.625
1,8/10/2021,0:48,8/10/2021 0:48,12.562
1,8/11/2021,0:48,8/11/2021 0:48,10.5
1,8/12/2021,0:48,8/12/2021 0:48,11.5
1,7/23/2021,1:00,7/23/2021 1:00,15.75
1,7/24/2021,1:00,7/24/2021 1:00,13.875
1,7/25/2021,1:00,7/25/2021 1:00,16.625
1,7/26/2021,1:00,7/26/2021 1:00,17.25
1,7/27/2021,1:00,7/27/2021 1:00,17.188
1,7/28/2021,1:00,7/28/2021 1:00,13.5
1,7/29/2021,1:00,7/29/2021 1:00,14.312
1,7/30/2021,1:00,7/30/2021 1:00,15.125
1,7/31/2021,1:00,7/31/2021 1:00,11.188
1,8/1/2021,1:00,8/1/2021 1:00,10.625
1,8/2/2021,1:00,8/2/2021 1:00,10.375
1,8/3/2021,1:00,8/3/2021 1:00,10.25
1,8/4/2021,1:00,8/4/2021 1:00,10.312
1,8/5/2021,1:00,8/5/2021 1:00,10.188
1,8/6/2021,1:00,8/6/2021 1:00,9.938
1,8/7/2021,1:00,8/7/2021 1:00,10.562
1,8/8/2021,1:00,8/8/2021 1:00,14
1,8/9/2021,1:00,8/9/2021 1:00,12.75
1,8/10/2021,1:00,8/10/2021 1:00,12
1,8/11/2021,1:00,8/11/2021 1:00,10.375
1,8/12/2021,1:00,8/12/2021 1:00,11.375
1,7/23/2021,1:12,7/23/2021 1:12,15.438
1,7/24/2021,1:12,7/24/2021 1:12,13.562
1,7/25/2021,1:12,7/25/2021 1:12,16.375
1,7/26/2021,1:12,7/26/2021 1:12,17.188
1,7/27/2021,1:12,7/27/2021 1:12,17.188
1,7/28/2021,1:12,7/28/2021 1:12,13.188
1,7/29/2021,1:12,7/29/2021 1:12,14.438
1,7/30/2021,1:12,7/30/2021 1:12,15.25
1,7/31/2021,1:12,7/31/2021 1:12,11.062
1,8/1/2021,1:12,8/1/2021 1:12,10.438
1,8/2/2021,1:12,8/2/2021 1:12,10.438
1,8/3/2021,1:12,8/3/2021 1:12,10.312
1,8/4/2021,1:12,8/4/2021 1:12,10.25
1,8/5/2021,1:12,8/5/2021 1:12,10.312
1,8/6/2021,1:12,8/6/2021 1:12,10.062
1,8/7/2021,1:12,8/7/2021 1:12,10.5
1,8/8/2021,1:12,8/8/2021 1:12,13.688
1,8/9/2021,1:12,8/9/2021 1:12,12.812
1,8/10/2021,1:12,8/10/2021 1:12,12.625
1,8/11/2021,1:12,8/11/2021 1:12,10.375
1,8/12/2021,1:12,8/12/2021 1:12,11.375
1,7/23/2021,1:24,7/23/2021 1:24,15.188
1,7/24/2021,1:24,7/24/2021 1:24,14.062
1,7/25/2021,1:24,7/25/2021 1:24,16.75
1,7/26/2021,1:24,7/26/2021 1:24,17.125
1,7/27/2021,1:24,7/27/2021 1:24,17.188
1,7/28/2021,1:24,7/28/2021 1:24,12.625
1,7/29/2021,1:24,7/29/2021 1:24,14
1,7/30/2021,1:24,7/30/2021 1:24,15.875
1,7/31/2021,1:24,7/31/2021 1:24,11.125
1,8/1/2021,1:24,8/1/2021 1:24,10.562
1,8/2/2021,1:24,8/2/2021 1:24,10.438
1,8/3/2021,1:24,8/3/2021 1:24,10.25
1,8/4/2021,1:24,8/4/2021 1:24,10.25
1,8/5/2021,1:24,8/5/2021 1:24,10.25
1,8/6/2021,1:24,8/6/2021 1:24,9.938
1,8/7/2021,1:24,8/7/2021 1:24,10.5
1,8/8/2021,1:24,8/8/2021 1:24,12.875
1,8/9/2021,1:24,8/9/2021 1:24,12.625
1,8/10/2021,1:24,8/10/2021 1:24,12.75
1,8/11/2021,1:24,8/11/2021 1:24,10.438
1,8/12/2021,1:24,8/12/2021 1:24,11.312
1,7/23/2021,1:36,7/23/2021 1:36,14.938
1,7/24/2021,1:36,7/24/2021 1:36,14.125
1,7/25/2021,1:36,7/25/2021 1:36,14.875
1,7/26/2021,1:36,7/26/2021 1:36,16.938
1,7/27/2021,1:36,7/27/2021 1:36,17.125
1,7/28/2021,1:36,7/28/2021 1:36,12.812
1,7/29/2021,1:36,7/29/2021 1:36,14.438
1,7/30/2021,1:36,7/30/2021 1:36,15.062
1,7/31/2021,1:36,7/31/2021 1:36,11.188
1,8/1/2021,1:36,8/1/2021 1:36,10.625
1,8/2/2021,1:36,8/2/2021 1:36,10.438
1,8/3/2021,1:36,8/3/2021 1:36,10.25
1,8/4/2021,1:36,8/4/2021 1:36,10.25
1,8/5/2021,1:36,8/5/2021 1:36,10.25
1,8/6/2021,1:36,8/6/2021 1:36,9.938
1,8/7/2021,1:36,8/7/2021 1:36,10.438
1,8/8/2021,1:36,8/8/2021 1:36,13.438
1,8/9/2021,1:36,8/9/2021 1:36,12.812
1,8/10/2021,1:36,8/10/2021 1:36,12.75
1,8/11/2021,1:36,8/11/2021 1:36,10.438
1,8/12/2021,1:36,8/12/2021 1:36,11.562
1,7/23/2021,1:48,7/23/2021 1:48,14.625
1,7/24/2021,1:48,7/24/2021 1:48,14.25
1,7/25/2021,1:48,7/25/2021 1:48,15.062
1,7/26/2021,1:48,7/26/2021 1:48,16.938
1,7/27/2021,1:48,7/27/2021 1:48,17.062
1,7/28/2021,1:48,7/28/2021 1:48,12.5
1,7/29/2021,1:48,7/29/2021 1:48,14.562
1,7/30/2021,1:48,7/30/2021 1:48,11.562
1,7/31/2021,1:48,7/31/2021 1:48,11.125
1,8/1/2021,1:48,8/1/2021 1:48,10.25
1,8/2/2021,1:48,8/2/2021 1:48,10.438
1,8/3/2021,1:48,8/3/2021 1:48,10.25
1,8/4/2021,1:48,8/4/2021 1:48,10.25
1,8/5/2021,1:48,8/5/2021 1:48,10.25
1,8/6/2021,1:48,8/6/2021 1:48,9.938
1,8/7/2021,1:48,8/7/2021 1:48,10.438
1,8/8/2021,1:48,8/8/2021 1:48,12.812
1,8/9/2021,1:48,8/9/2021 1:48,12.812
1,8/10/2021,1:48,8/10/2021 1:48,12.312
1,8/11/2021,1:48,8/11/2021 1:48,10.438
1,8/12/2021,1:48,8/12/2021 1:48,11.5
1,7/23/2021,2:00,7/23/2021 2:00,14.375
1,7/24/2021,2:00,7/24/2021 2:00,14
1,7/25/2021,2:00,7/25/2021 2:00,16.312
1,7/26/2021,2:00,7/26/2021 2:00,16.875
1,7/27/2021,2:00,7/27/2021 2:00,17.062
1,7/28/2021,2:00,7/28/2021 2:00,13.062
1,7/29/2021,2:00,7/29/2021 2:00,14.375
1,7/30/2021,2:00,7/30/2021 2:00,16.062
1,7/31/2021,2:00,7/31/2021 2:00,11.062
1,8/1/2021,2:00,8/1/2021 2:00,10.25
1,8/2/2021,2:00,8/2/2021 2:00,10.438
1,8/3/2021,2:00,8/3/2021 2:00,10.25
1,8/4/2021,2:00,8/4/2021 2:00,10.25
1,8/5/2021,2:00,8/5/2021 2:00,10.25
1,8/6/2021,2:00,8/6/2021 2:00,9.938
1,8/7/2021,2:00,8/7/2021 2:00,10.438
1,8/8/2021,2:00,8/8/2021 2:00,13.125
1,8/9/2021,2:00,8/9/2021 2:00,12.625
1,8/10/2021,2:00,8/10/2021 2:00,12.5
1,8/11/2021,2:00,8/11/2021 2:00,10.438
1,8/12/2021,2:00,8/12/2021 2:00,11.5
1,7/23/2021,2:12,7/23/2021 2:12,14.125
1,7/24/2021,2:12,7/24/2021 2:12,12.562
1,7/25/2021,2:12,7/25/2021 2:12,12.688
1,7/26/2021,2:12,7/26/2021 2:12,16.812
1,7/27/2021,2:12,7/27/2021 2:12,16.75
1,7/28/2021,2:12,7/28/2021 2:12,12.438
1,7/29/2021,2:12,7/29/2021 2:12,14.688
1,7/30/2021,2:12,7/30/2021 2:12,13.625
1,7/31/2021,2:12,7/31/2021 2:12,11
1,8/1/2021,2:12,8/1/2021 2:12,10.25
1,8/2/2021,2:12,8/2/2021 2:12,10.375
1,8/3/2021,2:12,8/3/2021 2:12,10.25
1,8/4/2021,2:12,8/4/2021 2:12,10.25
1,8/5/2021,2:12,8/5/2021 2:12,10.25
1,8/6/2021,2:12,8/6/2021 2:12,9.938
1,8/7/2021,2:12,8/7/2021 2:12,10.438
1,8/8/2021,2:12,8/8/2021 2:12,13
1,8/9/2021,2:12,8/9/2021 2:12,12.812
1,8/10/2021,2:12,8/10/2021 2:12,12.562
1,8/11/2021,2:12,8/11/2021 2:12,10.438
1,8/12/2021,2:12,8/12/2021 2:12,11.312
1,7/23/2021,2:24,7/23/2021 2:24,13.875
1,7/24/2021,2:24,7/24/2021 2:24,13.312
1,7/25/2021,2:24,7/25/2021 2:24,11.688
1,7/26/2021,2:24,7/26/2021 2:24,16.75
1,7/27/2021,2:24,7/27/2021 2:24,16.938
1,7/28/2021,2:24,7/28/2021 2:24,12.375
1,7/29/2021,2:24,7/29/2021 2:24,13.75
1,7/30/2021,2:24,7/30/2021 2:24,10.75
1,7/31/2021,2:24,7/31/2021 2:24,11
1,8/1/2021,2:24,8/1/2021 2:24,10.188
1,8/2/2021,2:24,8/2/2021 2:24,10.375
1,8/3/2021,2:24,8/3/2021 2:24,10.188
1,8/4/2021,2:24,8/4/2021 2:24,10.25
1,8/5/2021,2:24,8/5/2021 2:24,10.25
1,8/6/2021,2:24,8/6/2021 2:24,9.938
1,8/7/2021,2:24,8/7/2021 2:24,10.375
1,8/8/2021,2:24,8/8/2021 2:24,12.625
1,8/9/2021,2:24,8/9/2021 2:24,12.625
1,8/10/2021,2:24,8/10/2021 2:24,12.688
1,8/11/2021,2:24,8/11/2021 2:24,10.5
1,8/12/2021,2:24,8/12/2021 2:24,11.438
1,7/23/2021,2:36,7/23/2021 2:36,13.625
1,7/24/2021,2:36,7/24/2021 2:36,13.188
1,7/25/2021,2:36,7/25/2021 2:36,15.5
1,7/26/2021,2:36,7/26/2021 2:36,16.688
1,7/27/2021,2:36,7/27/2021 2:36,16.938
1,7/28/2021,2:36,7/28/2021 2:36,12.25
1,7/29/2021,2:36,7/29/2021 2:36,14.25
1,7/30/2021,2:36,7/30/2021 2:36,16.438
1,7/31/2021,2:36,7/31/2021 2:36,10.938
1,8/1/2021,2:36,8/1/2021 2:36,10.125
1,8/2/2021,2:36,8/2/2021 2:36,10.375
1,8/3/2021,2:36,8/3/2021 2:36,10.188
1,8/4/2021,2:36,8/4/2021 2:36,10.25
1,8/5/2021,2:36,8/5/2021 2:36,10.25
1,8/6/2021,2:36,8/6/2021 2:36,9.938
1,8/7/2021,2:36,8/7/2021 2:36,10.375
1,8/8/2021,2:36,8/8/2021 2:36,13.312
1,8/9/2021,2:36,8/9/2021 2:36,12.938
1,8/10/2021,2:36,8/10/2021 2:36,12.625
1,8/11/2021,2:36,8/11/2021 2:36,10.438
1,8/12/2021,2:36,8/12/2021 2:36,11.438
1,7/23/2021,2:48,7/23/2021 2:48,13.375
1,7/24/2021,2:48,7/24/2021 2:48,13.812
1,7/25/2021,2:48,7/25/2021 2:48,14.125
1,7/26/2021,2:48,7/26/2021 2:48,16.688
1,7/27/2021,2:48,7/27/2021 2:48,16.688
1,7/28/2021,2:48,7/28/2021 2:48,12.062
1,7/29/2021,2:48,7/29/2021 2:48,14.125
1,7/30/2021,2:48,7/30/2021 2:48,16.875
1,7/31/2021,2:48,7/31/2021 2:48,11.062
1,8/1/2021,2:48,8/1/2021 2:48,10.188
1,8/2/2021,2:48,8/2/2021 2:48,10.375
1,8/3/2021,2:48,8/3/2021 2:48,10.188
1,8/4/2021,2:48,8/4/2021 2:48,10.25
1,8/5/2021,2:48,8/5/2021 2:48,10.25
1,8/6/2021,2:48,8/6/2021 2:48,9.938
1,8/7/2021,2:48,8/7/2021 2:48,10.375
1,8/8/2021,2:48,8/8/2021 2:48,13.75
1,8/9/2021,2:48,8/9/2021 2:48,12.75
1,8/10/2021,2:48,8/10/2021 2:48,12.062
1,8/11/2021,2:48,8/11/2021 2:48,10.438
1,8/12/2021,2:48,8/12/2021 2:48,11.5
1,7/23/2021,3:00,7/23/2021 3:00,13.188
1,7/24/2021,3:00,7/24/2021 3:00,14.188
1,7/25/2021,3:00,7/25/2021 3:00,13.188
1,7/26/2021,3:00,7/26/2021 3:00,16.625
1,7/27/2021,3:00,7/27/2021 3:00,16.75
1,7/28/2021,3:00,7/28/2021 3:00,12
1,7/29/2021,3:00,7/29/2021 3:00,13.062
1,7/30/2021,3:00,7/30/2021 3:00,16.688
1,7/31/2021,3:00,7/31/2021 3:00,10.812
1,8/1/2021,3:00,8/1/2021 3:00,10.188
1,8/2/2021,3:00,8/2/2021 3:00,10.312
1,8/3/2021,3:00,8/3/2021 3:00,10.125
1,8/4/2021,3:00,8/4/2021 3:00,10.25
1,8/5/2021,3:00,8/5/2021 3:00,10.188
1,8/6/2021,3:00,8/6/2021 3:00,9.938
1,8/7/2021,3:00,8/7/2021 3:00,10.312
1,8/8/2021,3:00,8/8/2021 3:00,14.25
1,8/9/2021,3:00,8/9/2021 3:00,12.688
1,8/10/2021,3:00,8/10/2021 3:00,12.312
1,8/11/2021,3:00,8/11/2021 3:00,10.438
1,8/12/2021,3:00,8/12/2021 3:00,11.438
1,7/23/2021,3:12,7/23/2021 3:12,12.938
1,7/24/2021,3:12,7/24/2021 3:12,13.75
1,7/25/2021,3:12,7/25/2021 3:12,12
1,7/26/2021,3:12,7/26/2021 3:12,16.562
1,7/27/2021,3:12,7/27/2021 3:12,16.75
1,7/28/2021,3:12,7/28/2021 3:12,11.875
1,7/29/2021,3:12,7/29/2021 3:12,14.125
1,7/30/2021,3:12,7/30/2021 3:12,16.5
1,7/31/2021,3:12,7/31/2021 3:12,11.062
1,8/1/2021,3:12,8/1/2021 3:12,10.062
1,8/2/2021,3:12,8/2/2021 3:12,10.312
1,8/3/2021,3:12,8/3/2021 3:12,10.125
1,8/4/2021,3:12,8/4/2021 3:12,10.25
1,8/5/2021,3:12,8/5/2021 3:12,10.188
1,8/6/2021,3:12,8/6/2021 3:12,9.938
1,8/7/2021,3:12,8/7/2021 3:12,10.312
1,8/8/2021,3:12,8/8/2021 3:12,14.25
1,8/9/2021,3:12,8/9/2021 3:12,12.812
1,8/10/2021,3:12,8/10/2021 3:12,12.5
1,8/11/2021,3:12,8/11/2021 3:12,10.5
1,8/12/2021,3:12,8/12/2021 3:12,11.625
1,7/23/2021,3:24,7/23/2021 3:24,12.75
1,7/24/2021,3:24,7/24/2021 3:24,14.188
1,7/25/2021,3:24,7/25/2021 3:24,15.625
1,7/26/2021,3:24,7/26/2021 3:24,16.562
1,7/27/2021,3:24,7/27/2021 3:24,16.688
1,7/28/2021,3:24,7/28/2021 3:24,12
1,7/29/2021,3:24,7/29/2021 3:24,14.312
1,7/30/2021,3:24,7/30/2021 3:24,16.375
1,7/31/2021,3:24,7/31/2021 3:24,11.188
1,8/1/2021,3:24,8/1/2021 3:24,10.125
1,8/2/2021,3:24,8/2/2021 3:24,10.312
1,8/3/2021,3:24,8/3/2021 3:24,10.25
1,8/4/2021,3:24,8/4/2021 3:24,10.25
1,8/5/2021,3:24,8/5/2021 3:24,10.188
1,8/6/2021,3:24,8/6/2021 3:24,9.938
1,8/7/2021,3:24,8/7/2021 3:24,10.312
1,8/8/2021,3:24,8/8/2021 3:24,13.062
1,8/9/2021,3:24,8/9/2021 3:24,12.562
1,8/10/2021,3:24,8/10/2021 3:24,12.625
1,8/11/2021,3:24,8/11/2021 3:24,10.438
1,8/12/2021,3:24,8/12/2021 3:24,11.75
1,7/23/2021,3:36,7/23/2021 3:36,12.5
1,7/24/2021,3:36,7/24/2021 3:36,13.75
1,7/25/2021,3:36,7/25/2021 3:36,13.125
1,7/26/2021,3:36,7/26/2021 3:36,16.5
1,7/27/2021,3:36,7/27/2021 3:36,16.625
1,7/28/2021,3:36,7/28/2021 3:36,11.938
1,7/29/2021,3:36,7/29/2021 3:36,14.188
1,7/30/2021,3:36,7/30/2021 3:36,16.562
1,7/31/2021,3:36,7/31/2021 3:36,11.25
1,8/1/2021,3:36,8/1/2021 3:36,10.062
1,8/2/2021,3:36,8/2/2021 3:36,10.25
1,8/3/2021,3:36,8/3/2021 3:36,10.125
1,8/4/2021,3:36,8/4/2021 3:36,10.188
1,8/5/2021,3:36,8/5/2021 3:36,10.188
1,8/6/2021,3:36,8/6/2021 3:36,9.938
1,8/7/2021,3:36,8/7/2021 3:36,10.25
1,8/8/2021,3:36,8/8/2021 3:36,13.688
1,8/9/2021,3:36,8/9/2021 3:36,12.562
1,8/10/2021,3:36,8/10/2021 3:36,12.75
1,8/11/2021,3:36,8/11/2021 3:36,10.375
1,8/12/2021,3:36,8/12/2021 3:36,11.875
1,7/23/2021,3:48,7/23/2021 3:48,12.312
1,7/24/2021,3:48,7/24/2021 3:48,14.25
1,7/25/2021,3:48,7/25/2021 3:48,13.375
1,7/26/2021,3:48,7/26/2021 3:48,16.438
1,7/27/2021,3:48,7/27/2021 3:48,16.562
1,7/28/2021,3:48,7/28/2021 3:48,11.75
1,7/29/2021,3:48,7/29/2021 3:48,14.312
1,7/30/2021,3:48,7/30/2021 3:48,16.562
1,7/31/2021,3:48,7/31/2021 3:48,11.375
1,8/1/2021,3:48,8/1/2021 3:48,10.062
1,8/2/2021,3:48,8/2/2021 3:48,10.312
1,8/3/2021,3:48,8/3/2021 3:48,10.062
1,8/4/2021,3:48,8/4/2021 3:48,10.25
1,8/5/2021,3:48,8/5/2021 3:48,10.188
1,8/6/2021,3:48,8/6/2021 3:48,9.938
1,8/7/2021,3:48,8/7/2021 3:48,10.25
1,8/8/2021,3:48,8/8/2021 3:48,13.75
1,8/9/2021,3:48,8/9/2021 3:48,11.812
1,8/10/2021,3:48,8/10/2021 3:48,13.125
1,8/11/2021,3:48,8/11/2021 3:48,10.438
1,8/12/2021,3:48,8/12/2021 3:48,11.625
1,7/23/2021,4:00,7/23/2021 4:00,12.062
1,7/24/2021,4:00,7/24/2021 4:00,14.25
1,7/25/2021,4:00,7/25/2021 4:00,13
1,7/26/2021,4:00,7/26/2021 4:00,16.375
1,7/27/2021,4:00,7/27/2021 4:00,16.5
1,7/28/2021,4:00,7/28/2021 4:00,11.812
1,7/29/2021,4:00,7/29/2021 4:00,13.812
1,7/30/2021,4:00,7/30/2021 4:00,16.312
1,7/31/2021,4:00,7/31/2021 4:00,11.188
1,8/1/2021,4:00,8/1/2021 4:00,10.062
1,8/2/2021,4:00,8/2/2021 4:00,10.25
1,8/3/2021,4:00,8/3/2021 4:00,10.125
1,8/4/2021,4:00,8/4/2021 4:00,10.188
1,8/5/2021,4:00,8/5/2021 4:00,10.188
1,8/6/2021,4:00,8/6/2021 4:00,9.938
1,8/7/2021,4:00,8/7/2021 4:00,10.25
1,8/8/2021,4:00,8/8/2021 4:00,13.938
1,8/9/2021,4:00,8/9/2021 4:00,12.625
1,8/10/2021,4:00,8/10/2021 4:00,13.062
1,8/11/2021,4:00,8/11/2021 4:00,10.375
1,8/12/2021,4:00,8/12/2021 4:00,11.625
1,7/23/2021,4:12,7/23/2021 4:12,11.875
1,7/24/2021,4:12,7/24/2021 4:12,14.062
1,7/25/2021,4:12,7/25/2021 4:12,11.438
1,7/26/2021,4:12,7/26/2021 4:12,16.312
1,7/27/2021,4:12,7/27/2021 4:12,14
1,7/28/2021,4:12,7/28/2021 4:12,11.625
1,7/29/2021,4:12,7/29/2021 4:12,14.125
1,7/30/2021,4:12,7/30/2021 4:12,16.438
1,7/31/2021,4:12,7/31/2021 4:12,11.125
1,8/1/2021,4:12,8/1/2021 4:12,10
1,8/2/2021,4:12,8/2/2021 4:12,10.25
1,8/3/2021,4:12,8/3/2021 4:12,10.062
1,8/4/2021,4:12,8/4/2021 4:12,10.188
1,8/5/2021,4:12,8/5/2021 4:12,10.125
1,8/6/2021,4:12,8/6/2021 4:12,9.938
1,8/7/2021,4:12,8/7/2021 4:12,10.25
1,8/8/2021,4:12,8/8/2021 4:12,14.062
1,8/9/2021,4:12,8/9/2021 4:12,12.375
1,8/10/2021,4:12,8/10/2021 4:12,12.938
1,8/11/2021,4:12,8/11/2021 4:12,10.375
1,8/12/2021,4:12,8/12/2021 4:12,11.188
1,7/23/2021,4:24,7/23/2021 4:24,11.688
1,7/24/2021,4:24,7/24/2021 4:24,14.562
1,7/25/2021,4:24,7/25/2021 4:24,12.312
1,7/26/2021,4:24,7/26/2021 4:24,16.25
1,7/27/2021,4:24,7/27/2021 4:24,15.5
1,7/28/2021,4:24,7/28/2021 4:24,11.625
1,7/29/2021,4:24,7/29/2021 4:24,14.188
1,7/30/2021,4:24,7/30/2021 4:24,16.438
1,7/31/2021,4:24,7/31/2021 4:24,10.75
1,8/1/2021,4:24,8/1/2021 4:24,10
1,8/2/2021,4:24,8/2/2021 4:24,10.25
1,8/3/2021,4:24,8/3/2021 4:24,10.062
1,8/4/2021,4:24,8/4/2021 4:24,10.188
1,8/5/2021,4:24,8/5/2021 4:24,10.125
1,8/6/2021,4:24,8/6/2021 4:24,9.938
1,8/7/2021,4:24,8/7/2021 4:24,10.25
1,8/8/2021,4:24,8/8/2021 4:24,14.062
1,8/9/2021,4:24,8/9/2021 4:24,11.625
1,8/10/2021,4:24,8/10/2021 4:24,13.25
1,8/11/2021,4:24,8/11/2021 4:24,10.312
1,8/12/2021,4:24,8/12/2021 4:24,11.688
1,7/23/2021,4:36,7/23/2021 4:36,11.5
1,7/24/2021,4:36,7/24/2021 4:36,14.625
1,7/25/2021,4:36,7/25/2021 4:36,12.562
1,7/26/2021,4:36,7/26/2021 4:36,16.188
1,7/27/2021,4:36,7/27/2021 4:36,16.062
1,7/28/2021,4:36,7/28/2021 4:36,13.375
1,7/29/2021,4:36,7/29/2021 4:36,13.875
1,7/30/2021,4:36,7/30/2021 4:36,16.375
1,7/31/2021,4:36,7/31/2021 4:36,11
1,8/1/2021,4:36,8/1/2021 4:36,10
1,8/2/2021,4:36,8/2/2021 4:36,10.25
1,8/3/2021,4:36,8/3/2021 4:36,10
1,8/4/2021,4:36,8/4/2021 4:36,10.125
1,8/5/2021,4:36,8/5/2021 4:36,10.125
1,8/6/2021,4:36,8/6/2021 4:36,9.938
1,8/7/2021,4:36,8/7/2021 4:36,10.188
1,8/8/2021,4:36,8/8/2021 4:36,13.812
1,8/9/2021,4:36,8/9/2021 4:36,12.125
1,8/10/2021,4:36,8/10/2021 4:36,13.188
1,8/11/2021,4:36,8/11/2021 4:36,10.375
1,8/12/2021,4:36,8/12/2021 4:36,11.75
1,7/23/2021,4:48,7/23/2021 4:48,11.312
1,7/24/2021,4:48,7/24/2021 4:48,14.562
1,7/25/2021,4:48,7/25/2021 4:48,11.938
1,7/26/2021,4:48,7/26/2021 4:48,16.188
1,7/27/2021,4:48,7/27/2021 4:48,15.562
1,7/28/2021,4:48,7/28/2021 4:48,14.25
1,7/29/2021,4:48,7/29/2021 4:48,14.875
1,7/30/2021,4:48,7/30/2021 4:48,16.25
1,7/31/2021,4:48,7/31/2021 4:48,11.312
1,8/1/2021,4:48,8/1/2021 4:48,10
1,8/2/2021,4:48,8/2/2021 4:48,10.25
1,8/3/2021,4:48,8/3/2021 4:48,10.062
1,8/4/2021,4:48,8/4/2021 4:48,10.125
1,8/5/2021,4:48,8/5/2021 4:48,10.125
1,8/6/2021,4:48,8/6/2021 4:48,9.938
1,8/7/2021,4:48,8/7/2021 4:48,10.188
1,8/8/2021,4:48,8/8/2021 4:48,12.375
1,8/9/2021,4:48,8/9/2021 4:48,12.375
1,8/10/2021,4:48,8/10/2021 4:48,13.125
1,8/11/2021,4:48,8/11/2021 4:48,10.375
1,8/12/2021,4:48,8/12/2021 4:48,11.75
1,7/23/2021,5:00,7/23/2021 5:00,11.125
1,7/24/2021,5:00,7/24/2021 5:00,14.75
1,7/25/2021,5:00,7/25/2021 5:00,11.812
1,7/26/2021,5:00,7/26/2021 5:00,16.125
1,7/27/2021,5:00,7/27/2021 5:00,15.25
1,7/28/2021,5:00,7/28/2021 5:00,12.562
1,7/29/2021,5:00,7/29/2021 5:00,15
1,7/30/2021,5:00,7/30/2021 5:00,15.938
1,7/31/2021,5:00,7/31/2021 5:00,11.625
1,8/1/2021,5:00,8/1/2021 5:00,10
1,8/2/2021,5:00,8/2/2021 5:00,10.25
1,8/3/2021,5:00,8/3/2021 5:00,10
1,8/4/2021,5:00,8/4/2021 5:00,10.188
1,8/5/2021,5:00,8/5/2021 5:00,10.125
1,8/6/2021,5:00,8/6/2021 5:00,9.938
1,8/7/2021,5:00,8/7/2021 5:00,10.188
1,8/8/2021,5:00,8/8/2021 5:00,13.812
1,8/9/2021,5:00,8/9/2021 5:00,10.375
1,8/10/2021,5:00,8/10/2021 5:00,11.312
1,8/11/2021,5:00,8/11/2021 5:00,10.375
1,8/12/2021,5:00,8/12/2021 5:00,12.188
1,7/23/2021,5:12,7/23/2021 5:12,10.938
1,7/24/2021,5:12,7/24/2021 5:12,13.25
1,7/25/2021,5:12,7/25/2021 5:12,10.625
1,7/26/2021,5:12,7/26/2021 5:12,16.062
1,7/27/2021,5:12,7/27/2021 5:12,14.375
1,7/28/2021,5:12,7/28/2021 5:12,13.812
1,7/29/2021,5:12,7/29/2021 5:12,14.188
1,7/30/2021,5:12,7/30/2021 5:12,13.312
1,7/31/2021,5:12,7/31/2021 5:12,11.438
1,8/1/2021,5:12,8/1/2021 5:12,9.938
1,8/2/2021,5:12,8/2/2021 5:12,10.25
1,8/3/2021,5:12,8/3/2021 5:12,10
1,8/4/2021,5:12,8/4/2021 5:12,10.188
1,8/5/2021,5:12,8/5/2021 5:12,10.75
1,8/6/2021,5:12,8/6/2021 5:12,9.938
1,8/7/2021,5:12,8/7/2021 5:12,10.188
1,8/8/2021,5:12,8/8/2021 5:12,13.812
1,8/9/2021,5:12,8/9/2021 5:12,11.688
1,8/10/2021,5:12,8/10/2021 5:12,12.688
1,8/11/2021,5:12,8/11/2021 5:12,10.375
1,8/12/2021,5:12,8/12/2021 5:12,11.5
1,7/23/2021,5:24,7/23/2021 5:24,10.75
1,7/24/2021,5:24,7/24/2021 5:24,13.5
1,7/25/2021,5:24,7/25/2021 5:24,11.875
1,7/26/2021,5:24,7/26/2021 5:24,16
1,7/27/2021,5:24,7/27/2021 5:24,14.688
1,7/28/2021,5:24,7/28/2021 5:24,14.375
1,7/29/2021,5:24,7/29/2021 5:24,13.875
1,7/30/2021,5:24,7/30/2021 5:24,14.812
1,7/31/2021,5:24,7/31/2021 5:24,11.5
1,8/1/2021,5:24,8/1/2021 5:24,10
1,8/2/2021,5:24,8/2/2021 5:24,10.5
1,8/3/2021,5:24,8/3/2021 5:24,10.062
1,8/4/2021,5:24,8/4/2021 5:24,10.125
1,8/5/2021,5:24,8/5/2021 5:24,10.125
1,8/6/2021,5:24,8/6/2021 5:24,9.938
1,8/7/2021,5:24,8/7/2021 5:24,10.188
1,8/8/2021,5:24,8/8/2021 5:24,13.312
1,8/9/2021,5:24,8/9/2021 5:24,11.5
1,8/10/2021,5:24,8/10/2021 5:24,12.812
1,8/11/2021,5:24,8/11/2021 5:24,10.312
1,8/12/2021,5:24,8/12/2021 5:24,11.125
1,7/23/2021,5:36,7/23/2021 5:36,10.562
1,7/24/2021,5:36,7/24/2021 5:36,14
1,7/25/2021,5:36,7/25/2021 5:36,11.75
1,7/26/2021,5:36,7/26/2021 5:36,15.938
1,7/27/2021,5:36,7/27/2021 5:36,14.625
1,7/28/2021,5:36,7/28/2021 5:36,13.562
1,7/29/2021,5:36,7/29/2021 5:36,13.938
1,7/30/2021,5:36,7/30/2021 5:36,14.688
1,7/31/2021,5:36,7/31/2021 5:36,11.75
1,8/1/2021,5:36,8/1/2021 5:36,10
1,8/2/2021,5:36,8/2/2021 5:36,10.375
1,8/3/2021,5:36,8/3/2021 5:36,10.062
1,8/4/2021,5:36,8/4/2021 5:36,10.25
1,8/5/2021,5:36,8/5/2021 5:36,10.125
1,8/6/2021,5:36,8/6/2021 5:36,9.938
1,8/7/2021,5:36,8/7/2021 5:36,10.188
1,8/8/2021,5:36,8/8/2021 5:36,13.062
1,8/9/2021,5:36,8/9/2021 5:36,10.438
1,8/10/2021,5:36,8/10/2021 5:36,12.312
1,8/11/2021,5:36,8/11/2021 5:36,10.375
1,8/12/2021,5:36,8/12/2021 5:36,10.375
1,7/23/2021,5:48,7/23/2021 5:48,10.375
1,7/24/2021,5:48,7/24/2021 5:48,14.188
1,7/25/2021,5:48,7/25/2021 5:48,11.875
1,7/26/2021,5:48,7/26/2021 5:48,15.875
1,7/27/2021,5:48,7/27/2021 5:48,15.625
1,7/28/2021,5:48,7/28/2021 5:48,14.25
1,7/29/2021,5:48,7/29/2021 5:48,14.5
1,7/30/2021,5:48,7/30/2021 5:48,14.125
1,7/31/2021,5:48,7/31/2021 5:48,10.125
1,8/1/2021,5:48,8/1/2021 5:48,10.062
1,8/2/2021,5:48,8/2/2021 5:48,10.25
1,8/3/2021,5:48,8/3/2021 5:48,10.062
1,8/4/2021,5:48,8/4/2021 5:48,10.312
1,8/5/2021,5:48,8/5/2021 5:48,10.125
1,8/6/2021,5:48,8/6/2021 5:48,10
1,8/7/2021,5:48,8/7/2021 5:48,10.188
1,8/8/2021,5:48,8/8/2021 5:48,11.688
1,8/9/2021,5:48,8/9/2021 5:48,11.438
1,8/10/2021,5:48,8/10/2021 5:48,11.938
1,8/11/2021,5:48,8/11/2021 5:48,10.375
1,8/12/2021,5:48,8/12/2021 5:48,10.25
1,7/23/2021,6:00,7/23/2021 6:00,10.5
1,7/24/2021,6:00,7/24/2021 6:00,14.375
1,7/25/2021,6:00,7/25/2021 6:00,11.125
1,7/26/2021,6:00,7/26/2021 6:00,15.812
1,7/27/2021,6:00,7/27/2021 6:00,15.25
1,7/28/2021,6:00,7/28/2021 6:00,13.438
1,7/29/2021,6:00,7/29/2021 6:00,14.125
1,7/30/2021,6:00,7/30/2021 6:00,12.438
1,7/31/2021,6:00,7/31/2021 6:00,10.938
1,8/1/2021,6:00,8/1/2021 6:00,10.062
1,8/2/2021,6:00,8/2/2021 6:00,10.312
1,8/3/2021,6:00,8/3/2021 6:00,10.062
1,8/4/2021,6:00,8/4/2021 6:00,10.312
1,8/5/2021,6:00,8/5/2021 6:00,10.125
1,8/6/2021,6:00,8/6/2021 6:00,10
1,8/7/2021,6:00,8/7/2021 6:00,10.188
1,8/8/2021,6:00,8/8/2021 6:00,10.625
1,8/9/2021,6:00,8/9/2021 6:00,11
1,8/10/2021,6:00,8/10/2021 6:00,10.625
1,8/11/2021,6:00,8/11/2021 6:00,10.312
1,8/12/2021,6:00,8/12/2021 6:00,10.25
1,7/23/2021,6:12,7/23/2021 6:12,10.812
1,7/24/2021,6:12,7/24/2021 6:12,14.25
1,7/25/2021,6:12,7/25/2021 6:12,10.688
1,7/26/2021,6:12,7/26/2021 6:12,15.75
1,7/27/2021,6:12,7/27/2021 6:12,15.188
1,7/28/2021,6:12,7/28/2021 6:12,12.688
1,7/29/2021,6:12,7/29/2021 6:12,12.938
1,7/30/2021,6:12,7/30/2021 6:12,13.625
1,7/31/2021,6:12,7/31/2021 6:12,11.625
1,8/1/2021,6:12,8/1/2021 6:12,10
1,8/2/2021,6:12,8/2/2021 6:12,10.25
1,8/3/2021,6:12,8/3/2021 6:12,10.062
1,8/4/2021,6:12,8/4/2021 6:12,10.312
1,8/5/2021,6:12,8/5/2021 6:12,10.125
1,8/6/2021,6:12,8/6/2021 6:12,10
1,8/7/2021,6:12,8/7/2021 6:12,10.188
1,8/8/2021,6:12,8/8/2021 6:12,10.375
1,8/9/2021,6:12,8/9/2021 6:12,11.75
1,8/10/2021,6:12,8/10/2021 6:12,11.062
1,8/11/2021,6:12,8/11/2021 6:12,10.312
1,8/12/2021,6:12,8/12/2021 6:12,10.812
1,7/23/2021,6:24,7/23/2021 6:24,11.312
1,7/24/2021,6:24,7/24/2021 6:24,14.062
1,7/25/2021,6:24,7/25/2021 6:24,12.812
1,7/26/2021,6:24,7/26/2021 6:24,15.688
1,7/27/2021,6:24,7/27/2021 6:24,15.125
1,7/28/2021,6:24,7/28/2021 6:24,14.562
1,7/29/2021,6:24,7/29/2021 6:24,14.625
1,7/30/2021,6:24,7/30/2021 6:24,13.625
1,7/31/2021,6:24,7/31/2021 6:24,11.375
1,8/1/2021,6:24,8/1/2021 6:24,10
1,8/2/2021,6:24,8/2/2021 6:24,10.25
1,8/3/2021,6:24,8/3/2021 6:24,10
1,8/4/2021,6:24,8/4/2021 6:24,10.312
1,8/5/2021,6:24,8/5/2021 6:24,10.125
1,8/6/2021,6:24,8/6/2021 6:24,10
1,8/7/2021,6:24,8/7/2021 6:24,10.188
1,8/8/2021,6:24,8/8/2021 6:24,10.375
1,8/9/2021,6:24,8/9/2021 6:24,10.625
1,8/10/2021,6:24,8/10/2021 6:24,11
1,8/11/2021,6:24,8/11/2021 6:24,10.312
1,8/12/2021,6:24,8/12/2021 6:24,10.312
1,7/23/2021,6:36,7/23/2021 6:36,11.75
1,7/24/2021,6:36,7/24/2021 6:36,14.375
1,7/25/2021,6:36,7/25/2021 6:36,11.312
1,7/26/2021,6:36,7/26/2021 6:36,15.688
1,7/27/2021,6:36,7/27/2021 6:36,15.125
1,7/28/2021,6:36,7/28/2021 6:36,13.062
1,7/29/2021,6:36,7/29/2021 6:36,14.625
1,7/30/2021,6:36,7/30/2021 6:36,14.125
1,7/31/2021,6:36,7/31/2021 6:36,10.312
1,8/1/2021,6:36,8/1/2021 6:36,10
1,8/2/2021,6:36,8/2/2021 6:36,10.312
1,8/3/2021,6:36,8/3/2021 6:36,10
1,8/4/2021,6:36,8/4/2021 6:36,10.312
1,8/5/2021,6:36,8/5/2021 6:36,10.125
1,8/6/2021,6:36,8/6/2021 6:36,10
1,8/7/2021,6:36,8/7/2021 6:36,10.125
1,8/8/2021,6:36,8/8/2021 6:36,10.562
1,8/9/2021,6:36,8/9/2021 6:36,11.375
1,8/10/2021,6:36,8/10/2021 6:36,10.375
1,8/11/2021,6:36,8/11/2021 6:36,10.312
1,8/12/2021,6:36,8/12/2021 6:36,10.312
1,7/23/2021,6:48,7/23/2021 6:48,12
1,7/24/2021,6:48,7/24/2021 6:48,14.375
1,7/25/2021,6:48,7/25/2021 6:48,11.438
1,7/26/2021,6:48,7/26/2021 6:48,15.688
1,7/27/2021,6:48,7/27/2021 6:48,15.188
1,7/28/2021,6:48,7/28/2021 6:48,13.188
1,7/29/2021,6:48,7/29/2021 6:48,14.938
1,7/30/2021,6:48,7/30/2021 6:48,14.125
1,7/31/2021,6:48,7/31/2021 6:48,10.188
1,8/1/2021,6:48,8/1/2021 6:48,10
1,8/2/2021,6:48,8/2/2021 6:48,10.312
1,8/3/2021,6:48,8/3/2021 6:48,10
1,8/4/2021,6:48,8/4/2021 6:48,10.312
1,8/5/2021,6:48,8/5/2021 6:48,10.062
1,8/6/2021,6:48,8/6/2021 6:48,9.938
1,8/7/2021,6:48,8/7/2021 6:48,10.125
1,8/8/2021,6:48,8/8/2021 6:48,10.312
1,8/9/2021,6:48,8/9/2021 6:48,11.5
1,8/10/2021,6:48,8/10/2021 6:48,10.438
1,8/11/2021,6:48,8/11/2021 6:48,10.312
1,8/12/2021,6:48,8/12/2021 6:48,10.312
1,7/23/2021,7:00,7/23/2021 7:00,12.188
1,7/24/2021,7:00,7/24/2021 7:00,12.688
1,7/25/2021,7:00,7/25/2021 7:00,10.875
1,7/26/2021,7:00,7/26/2021 7:00,15.625
1,7/27/2021,7:00,7/27/2021 7:00,15.5
1,7/28/2021,7:00,7/28/2021 7:00,12.625
1,7/29/2021,7:00,7/29/2021 7:00,14.75
1,7/30/2021,7:00,7/30/2021 7:00,14
1,7/31/2021,7:00,7/31/2021 7:00,12
1,8/1/2021,7:00,8/1/2021 7:00,10
1,8/2/2021,7:00,8/2/2021 7:00,10.25
1,8/3/2021,7:00,8/3/2021 7:00,10
1,8/4/2021,7:00,8/4/2021 7:00,10.312
1,8/5/2021,7:00,8/5/2021 7:00,10.062
1,8/6/2021,7:00,8/6/2021 7:00,10
1,8/7/2021,7:00,8/7/2021 7:00,10.188
1,8/8/2021,7:00,8/8/2021 7:00,10.312
1,8/9/2021,7:00,8/9/2021 7:00,10.938
1,8/10/2021,7:00,8/10/2021 7:00,10.688
1,8/11/2021,7:00,8/11/2021 7:00,10.312
1,8/12/2021,7:00,8/12/2021 7:00,10.375
1,7/23/2021,7:12,7/23/2021 7:12,12.438
1,7/24/2021,7:12,7/24/2021 7:12,11.375
1,7/25/2021,7:12,7/25/2021 7:12,12.625
1,7/26/2021,7:12,7/26/2021 7:12,15.5
1,7/27/2021,7:12,7/27/2021 7:12,14.938
1,7/28/2021,7:12,7/28/2021 7:12,13.125
1,7/29/2021,7:12,7/29/2021 7:12,13.688
1,7/30/2021,7:12,7/30/2021 7:12,14.25
1,7/31/2021,7:12,7/31/2021 7:12,10.938
1,8/1/2021,7:12,8/1/2021 7:12,9.938
1,8/2/2021,7:12,8/2/2021 7:12,10.25
1,8/3/2021,7:12,8/3/2021 7:12,10
1,8/4/2021,7:12,8/4/2021 7:12,10.312
1,8/5/2021,7:12,8/5/2021 7:12,10.062
1,8/6/2021,7:12,8/6/2021 7:12,10
1,8/7/2021,7:12,8/7/2021 7:12,10.125
1,8/8/2021,7:12,8/8/2021 7:12,10.312
1,8/9/2021,7:12,8/9/2021 7:12,10.375
1,8/10/2021,7:12,8/10/2021 7:12,12.5
1,8/11/2021,7:12,8/11/2021 7:12,10.25
1,8/12/2021,7:12,8/12/2021 7:12,10.312
1,7/23/2021,7:24,7/23/2021 7:24,12.625
1,7/24/2021,7:24,7/24/2021 7:24,12.625
1,7/25/2021,7:24,7/25/2021 7:24,12.812
1,7/26/2021,7:24,7/26/2021 7:24,15.562
1,7/27/2021,7:24,7/27/2021 7:24,14.625
1,7/28/2021,7:24,7/28/2021 7:24,13
1,7/29/2021,7:24,7/29/2021 7:24,14.312
1,7/30/2021,7:24,7/30/2021 7:24,14.125
1,7/31/2021,7:24,7/31/2021 7:24,10.125
1,8/1/2021,7:24,8/1/2021 7:24,9.938
1,8/2/2021,7:24,8/2/2021 7:24,10.25
1,8/3/2021,7:24,8/3/2021 7:24,10
1,8/4/2021,7:24,8/4/2021 7:24,10.312
1,8/5/2021,7:24,8/5/2021 7:24,10.062
1,8/6/2021,7:24,8/6/2021 7:24,10
1,8/7/2021,7:24,8/7/2021 7:24,10.125
1,8/8/2021,7:24,8/8/2021 7:24,11.062
1,8/9/2021,7:24,8/9/2021 7:24,10.25
1,8/10/2021,7:24,8/10/2021 7:24,12.812
1,8/11/2021,7:24,8/11/2021 7:24,10.25
1,8/12/2021,7:24,8/12/2021 7:24,10.375
1,7/23/2021,7:36,7/23/2021 7:36,12.812
1,7/24/2021,7:36,7/24/2021 7:36,12.062
1,7/25/2021,7:36,7/25/2021 7:36,13.375
1,7/26/2021,7:36,7/26/2021 7:36,15.625
1,7/27/2021,7:36,7/27/2021 7:36,14.75
1,7/28/2021,7:36,7/28/2021 7:36,13.125
1,7/29/2021,7:36,7/29/2021 7:36,14.812
1,7/30/2021,7:36,7/30/2021 7:36,14.562
1,7/31/2021,7:36,7/31/2021 7:36,10.125
1,8/1/2021,7:36,8/1/2021 7:36,9.938
1,8/2/2021,7:36,8/2/2021 7:36,10.25
1,8/3/2021,7:36,8/3/2021 7:36,10
1,8/4/2021,7:36,8/4/2021 7:36,10.25
1,8/5/2021,7:36,8/5/2021 7:36,10.062
1,8/6/2021,7:36,8/6/2021 7:36,10
1,8/7/2021,7:36,8/7/2021 7:36,10.125
1,8/8/2021,7:36,8/8/2021 7:36,10.375
1,8/9/2021,7:36,8/9/2021 7:36,10.438
1,8/10/2021,7:36,8/10/2021 7:36,10.375
1,8/11/2021,7:36,8/11/2021 7:36,10.312
1,8/12/2021,7:36,8/12/2021 7:36,10.625
1,7/23/2021,7:48,7/23/2021 7:48,13.062
1,7/24/2021,7:48,7/24/2021 7:48,11.875
1,7/25/2021,7:48,7/25/2021 7:48,13.625
1,7/26/2021,7:48,7/26/2021 7:48,15.75
1,7/27/2021,7:48,7/27/2021 7:48,15.062
1,7/28/2021,7:48,7/28/2021 7:48,13.062
1,7/29/2021,7:48,7/29/2021 7:48,14.812
1,7/30/2021,7:48,7/30/2021 7:48,14.562
1,7/31/2021,7:48,7/31/2021 7:48,10.125
1,8/1/2021,7:48,8/1/2021 7:48,10
1,8/2/2021,7:48,8/2/2021 7:48,10.25
1,8/3/2021,7:48,8/3/2021 7:48,10.062
1,8/4/2021,7:48,8/4/2021 7:48,10.312
1,8/5/2021,7:48,8/5/2021 7:48,10.062
1,8/6/2021,7:48,8/6/2021 7:48,10
1,8/7/2021,7:48,8/7/2021 7:48,10.125
1,8/8/2021,7:48,8/8/2021 7:48,10.312
1,8/9/2021,7:48,8/9/2021 7:48,10.25
1,8/10/2021,7:48,8/10/2021 7:48,10.375
1,8/11/2021,7:48,8/11/2021 7:48,10.312
1,8/12/2021,7:48,8/12/2021 7:48,10.375
1,7/23/2021,8:00,7/23/2021 8:00,13.438
1,7/24/2021,8:00,7/24/2021 8:00,10.812
1,7/25/2021,8:00,7/25/2021 8:00,14.062
1,7/26/2021,8:00,7/26/2021 8:00,15.625
1,7/27/2021,8:00,7/27/2021 8:00,15.125
1,7/28/2021,8:00,7/28/2021 8:00,13.125
1,7/29/2021,8:00,7/29/2021 8:00,14.5
1,7/30/2021,8:00,7/30/2021 8:00,14.625
1,7/31/2021,8:00,7/31/2021 8:00,10.125
1,8/1/2021,8:00,8/1/2021 8:00,10
1,8/2/2021,8:00,8/2/2021 8:00,10.25
1,8/3/2021,8:00,8/3/2021 8:00,10.062
1,8/4/2021,8:00,8/4/2021 8:00,10.312
1,8/5/2021,8:00,8/5/2021 8:00,10.125
1,8/6/2021,8:00,8/6/2021 8:00,10.062
1,8/7/2021,8:00,8/7/2021 8:00,10.125
1,8/8/2021,8:00,8/8/2021 8:00,10.312
1,8/9/2021,8:00,8/9/2021 8:00,10.312
1,8/10/2021,8:00,8/10/2021 8:00,10.312
1,8/11/2021,8:00,8/11/2021 8:00,10.312
1,8/12/2021,8:00,8/12/2021 8:00,10.375
1,7/23/2021,8:12,7/23/2021 8:12,13.812
1,7/24/2021,8:12,7/24/2021 8:12,12.938
1,7/25/2021,8:12,7/25/2021 8:12,14.062
1,7/26/2021,8:12,7/26/2021 8:12,15.812
1,7/27/2021,8:12,7/27/2021 8:12,15.25
1,7/28/2021,8:12,7/28/2021 8:12,13.062
1,7/29/2021,8:12,7/29/2021 8:12,14.562
1,7/30/2021,8:12,7/30/2021 8:12,14.75
1,7/31/2021,8:12,7/31/2021 8:12,10.125
1,8/1/2021,8:12,8/1/2021 8:12,10.062
1,8/2/2021,8:12,8/2/2021 8:12,10.25
1,8/3/2021,8:12,8/3/2021 8:12,10.062
1,8/4/2021,8:12,8/4/2021 8:12,10.375
1,8/5/2021,8:12,8/5/2021 8:12,10.125
1,8/6/2021,8:12,8/6/2021 8:12,10.062
1,8/7/2021,8:12,8/7/2021 8:12,10.125
1,8/8/2021,8:12,8/8/2021 8:12,10.375
1,8/9/2021,8:12,8/9/2021 8:12,10.312
1,8/10/2021,8:12,8/10/2021 8:12,10.312
1,8/11/2021,8:12,8/11/2021 8:12,10.375
1,8/12/2021,8:12,8/12/2021 8:12,10.375
1,7/23/2021,8:24,7/23/2021 8:24,14.188
1,7/24/2021,8:24,7/24/2021 8:24,12.125
1,7/25/2021,8:24,7/25/2021 8:24,13.5
1,7/26/2021,8:24,7/26/2021 8:24,15.812
1,7/27/2021,8:24,7/27/2021 8:24,15.438
1,7/28/2021,8:24,7/28/2021 8:24,12.938
1,7/29/2021,8:24,7/29/2021 8:24,15.062
1,7/30/2021,8:24,7/30/2021 8:24,14.5
1,7/31/2021,8:24,7/31/2021 8:24,10.125
1,8/1/2021,8:24,8/1/2021 8:24,10.062
1,8/2/2021,8:24,8/2/2021 8:24,10.312
1,8/3/2021,8:24,8/3/2021 8:24,10.062
1,8/4/2021,8:24,8/4/2021 8:24,10.438
1,8/5/2021,8:24,8/5/2021 8:24,10.125
1,8/6/2021,8:24,8/6/2021 8:24,10.062
1,8/7/2021,8:24,8/7/2021 8:24,10.188
1,8/8/2021,8:24,8/8/2021 8:24,10.375
1,8/9/2021,8:24,8/9/2021 8:24,10.312
1,8/10/2021,8:24,8/10/2021 8:24,10.312
1,8/11/2021,8:24,8/11/2021 8:24,10.375
1,8/12/2021,8:24,8/12/2021 8:24,10.375
1,7/23/2021,8:36,7/23/2021 8:36,14.5
1,7/24/2021,8:36,7/24/2021 8:36,12.938
1,7/25/2021,8:36,7/25/2021 8:36,11.562
1,7/26/2021,8:36,7/26/2021 8:36,15.438
1,7/27/2021,8:36,7/27/2021 8:36,15.312
1,7/28/2021,8:36,7/28/2021 8:36,13.125
1,7/29/2021,8:36,7/29/2021 8:36,15.125
1,7/30/2021,8:36,7/30/2021 8:36,11.062
1,7/31/2021,8:36,7/31/2021 8:36,10.125
1,8/1/2021,8:36,8/1/2021 8:36,10.125
1,8/2/2021,8:36,8/2/2021 8:36,10.312
1,8/3/2021,8:36,8/3/2021 8:36,10.125
1,8/4/2021,8:36,8/4/2021 8:36,10.5
1,8/5/2021,8:36,8/5/2021 8:36,10.125
1,8/6/2021,8:36,8/6/2021 8:36,10.062
1,8/7/2021,8:36,8/7/2021 8:36,10.188
1,8/8/2021,8:36,8/8/2021 8:36,10.5
1,8/9/2021,8:36,8/9/2021 8:36,10.312
1,8/10/2021,8:36,8/10/2021 8:36,10.312
1,8/11/2021,8:36,8/11/2021 8:36,10.375
1,8/12/2021,8:36,8/12/2021 8:36,10.438
1,7/23/2021,8:48,7/23/2021 8:48,14.875
1,7/24/2021,8:48,7/24/2021 8:48,10.75
1,7/25/2021,8:48,7/25/2021 8:48,13
1,7/26/2021,8:48,7/26/2021 8:48,15.875
1,7/27/2021,8:48,7/27/2021 8:48,15.375
1,7/28/2021,8:48,7/28/2021 8:48,14.062
1,7/29/2021,8:48,7/29/2021 8:48,15.25
1,7/30/2021,8:48,7/30/2021 8:48,14.438
1,7/31/2021,8:48,7/31/2021 8:48,10.125
1,8/1/2021,8:48,8/1/2021 8:48,10.125
1,8/2/2021,8:48,8/2/2021 8:48,10.375
1,8/3/2021,8:48,8/3/2021 8:48,10.125
1,8/4/2021,8:48,8/4/2021 8:48,10.562
1,8/5/2021,8:48,8/5/2021 8:48,10.125
1,8/6/2021,8:48,8/6/2021 8:48,10.125
1,8/7/2021,8:48,8/7/2021 8:48,10.25
1,8/8/2021,8:48,8/8/2021 8:48,10.5
1,8/9/2021,8:48,8/9/2021 8:48,10.438
1,8/10/2021,8:48,8/10/2021 8:48,10.438
1,8/11/2021,8:48,8/11/2021 8:48,10.438
1,8/12/2021,8:48,8/12/2021 8:48,10.438
1,7/22/2021,9:00,7/22/2021 9:00,21.812
1,7/23/2021,9:00,7/23/2021 9:00,15.438
1,7/24/2021,9:00,7/24/2021 9:00,10.625
1,7/25/2021,9:00,7/25/2021 9:00,12.688
1,7/26/2021,9:00,7/26/2021 9:00,15.875
1,7/27/2021,9:00,7/27/2021 9:00,15.438
1,7/28/2021,9:00,7/28/2021 9:00,14.75
1,7/29/2021,9:00,7/29/2021 9:00,15.5
1,7/30/2021,9:00,7/30/2021 9:00,14.812
1,7/31/2021,9:00,7/31/2021 9:00,10.188
1,8/1/2021,9:00,8/1/2021 9:00,10.188
1,8/2/2021,9:00,8/2/2021 9:00,10.375
1,8/3/2021,9:00,8/3/2021 9:00,10.188
1,8/4/2021,9:00,8/4/2021 9:00,10.562
1,8/5/2021,9:00,8/5/2021 9:00,10.188
1,8/6/2021,9:00,8/6/2021 9:00,10.125
1,8/7/2021,9:00,8/7/2021 9:00,10.312
1,8/8/2021,9:00,8/8/2021 9:00,10.562
1,8/9/2021,9:00,8/9/2021 9:00,10.438
1,8/10/2021,9:00,8/10/2021 9:00,10.438
1,8/11/2021,9:00,8/11/2021 9:00,10.5
1,8/12/2021,9:00,8/12/2021 9:00,10.5
1,7/22/2021,9:12,7/22/2021 9:12,22.625
1,7/23/2021,9:12,7/23/2021 9:12,16
1,7/24/2021,9:12,7/24/2021 9:12,11.625
1,7/25/2021,9:12,7/25/2021 9:12,13.625
1,7/26/2021,9:12,7/26/2021 9:12,15.938
1,7/27/2021,9:12,7/27/2021 9:12,15.5
1,7/28/2021,9:12,7/28/2021 9:12,15.25
1,7/29/2021,9:12,7/29/2021 9:12,15.75
1,7/30/2021,9:12,7/30/2021 9:12,15.062
1,7/31/2021,9:12,7/31/2021 9:12,10.125
1,8/1/2021,9:12,8/1/2021 9:12,10.188
1,8/2/2021,9:12,8/2/2021 9:12,10.438
1,8/3/2021,9:12,8/3/2021 9:12,10.188
1,8/4/2021,9:12,8/4/2021 9:12,10.688
1,8/5/2021,9:12,8/5/2021 9:12,10.188
1,8/6/2021,9:12,8/6/2021 9:12,10.188
1,8/7/2021,9:12,8/7/2021 9:12,10.375
1,8/8/2021,9:12,8/8/2021 9:12,10.625
1,8/9/2021,9:12,8/9/2021 9:12,10.375
1,8/10/2021,9:12,8/10/2021 9:12,10.5
1,8/11/2021,9:12,8/11/2021 9:12,10.625
1,8/12/2021,9:12,8/12/2021 9:12,10.438
1,7/22/2021,9:24,7/22/2021 9:24,24.375
1,7/23/2021,9:24,7/23/2021 9:24,16.562
1,7/24/2021,9:24,7/24/2021 9:24,11.125
1,7/25/2021,9:24,7/25/2021 9:24,14.062
1,7/26/2021,9:24,7/26/2021 9:24,15.688
1,7/27/2021,9:24,7/27/2021 9:24,15.5
1,7/28/2021,9:24,7/28/2021 9:24,15.562
1,7/29/2021,9:24,7/29/2021 9:24,15.75
1,7/30/2021,9:24,7/30/2021 9:24,11.25
1,7/31/2021,9:24,7/31/2021 9:24,10.25
1,8/1/2021,9:24,8/1/2021 9:24,10.25
1,8/2/2021,9:24,8/2/2021 9:24,10.438
1,8/3/2021,9:24,8/3/2021 9:24,10.25
1,8/4/2021,9:24,8/4/2021 9:24,10.75
1,8/5/2021,9:24,8/5/2021 9:24,10.188
1,8/6/2021,9:24,8/6/2021 9:24,10.188
1,8/7/2021,9:24,8/7/2021 9:24,10.375
1,8/8/2021,9:24,8/8/2021 9:24,10.688
1,8/9/2021,9:24,8/9/2021 9:24,10.438
1,8/10/2021,9:24,8/10/2021 9:24,10.562
1,8/11/2021,9:24,8/11/2021 9:24,10.625
1,8/12/2021,9:24,8/12/2021 9:24,10.5
1,7/22/2021,9:36,7/22/2021 9:36,25.812
1,7/23/2021,9:36,7/23/2021 9:36,17.25
1,7/24/2021,9:36,7/24/2021 9:36,13.562
1,7/25/2021,9:36,7/25/2021 9:36,13.562
1,7/26/2021,9:36,7/26/2021 9:36,15.812
1,7/27/2021,9:36,7/27/2021 9:36,15.562
1,7/28/2021,9:36,7/28/2021 9:36,15.312
1,7/29/2021,9:36,7/29/2021 9:36,13.25
1,7/30/2021,9:36,7/30/2021 9:36,10.75
1,7/31/2021,9:36,7/31/2021 9:36,10.25
1,8/1/2021,9:36,8/1/2021 9:36,10.25
1,8/2/2021,9:36,8/2/2021 9:36,10.5
1,8/3/2021,9:36,8/3/2021 9:36,10.25
1,8/4/2021,9:36,8/4/2021 9:36,10.812
1,8/5/2021,9:36,8/5/2021 9:36,10.25
1,8/6/2021,9:36,8/6/2021 9:36,10.25
1,8/7/2021,9:36,8/7/2021 9:36,10.438
1,8/8/2021,9:36,8/8/2021 9:36,10.688
1,8/9/2021,9:36,8/9/2021 9:36,10.5
1,8/10/2021,9:36,8/10/2021 9:36,10.688
1,8/11/2021,9:36,8/11/2021 9:36,10.75
1,8/12/2021,9:36,8/12/2021 9:36,10.562
1,7/22/2021,9:48,7/22/2021 9:48,27.438
1,7/23/2021,9:48,7/23/2021 9:48,18
1,7/24/2021,9:48,7/24/2021 9:48,14.062
1,7/25/2021,9:48,7/25/2021 9:48,14.312
1,7/26/2021,9:48,7/26/2021 9:48,15.812
1,7/27/2021,9:48,7/27/2021 9:48,15.625
1,7/28/2021,9:48,7/28/2021 9:48,15.312
1,7/29/2021,9:48,7/29/2021 9:48,13.562
1,7/30/2021,9:48,7/30/2021 9:48,10.688
1,7/31/2021,9:48,7/31/2021 9:48,10.25
1,8/1/2021,9:48,8/1/2021 9:48,10.312
1,8/2/2021,9:48,8/2/2021 9:48,10.5
1,8/3/2021,9:48,8/3/2021 9:48,10.312
1,8/4/2021,9:48,8/4/2021 9:48,10.812
1,8/5/2021,9:48,8/5/2021 9:48,10.25
1,8/6/2021,9:48,8/6/2021 9:48,10.25
1,8/7/2021,9:48,8/7/2021 9:48,10.562
1,8/8/2021,9:48,8/8/2021 9:48,10.812
1,8/9/2021,9:48,8/9/2021 9:48,10.5
1,8/10/2021,9:48,8/10/2021 9:48,11.688
1,8/11/2021,9:48,8/11/2021 9:48,10.875
1,8/12/2021,9:48,8/12/2021 9:48,10.562
1,7/22/2021,10:00,7/22/2021 10:00,29.438
1,7/23/2021,10:00,7/23/2021 10:00,19.75
1,7/24/2021,10:00,7/24/2021 10:00,13.562
1,7/25/2021,10:00,7/25/2021 10:00,13.938
1,7/26/2021,10:00,7/26/2021 10:00,15.875
1,7/27/2021,10:00,7/27/2021 10:00,15.688
1,7/28/2021,10:00,7/28/2021 10:00,15.562
1,7/29/2021,10:00,7/29/2021 10:00,14.312
1,7/30/2021,10:00,7/30/2021 10:00,11.062
1,7/31/2021,10:00,7/31/2021 10:00,10.312
1,8/1/2021,10:00,8/1/2021 10:00,10.375
1,8/2/2021,10:00,8/2/2021 10:00,10.562
1,8/3/2021,10:00,8/3/2021 10:00,10.375
1,8/4/2021,10:00,8/4/2021 10:00,10.875
1,8/5/2021,10:00,8/5/2021 10:00,10.25
1,8/6/2021,10:00,8/6/2021 10:00,10.375
1,8/7/2021,10:00,8/7/2021 10:00,10.562
1,8/8/2021,10:00,8/8/2021 10:00,10.75
1,8/9/2021,10:00,8/9/2021 10:00,10.625
1,8/10/2021,10:00,8/10/2021 10:00,11.062
1,8/11/2021,10:00,8/11/2021 10:00,10.938
1,8/12/2021,10:00,8/12/2021 10:00,10.625
1,7/22/2021,10:12,7/22/2021 10:12,31.562
1,7/23/2021,10:12,7/23/2021 10:12,18.875
1,7/24/2021,10:12,7/24/2021 10:12,11.5
1,7/25/2021,10:12,7/25/2021 10:12,13.688
1,7/26/2021,10:12,7/26/2021 10:12,16
1,7/27/2021,10:12,7/27/2021 10:12,15.812
1,7/28/2021,10:12,7/28/2021 10:12,15.25
1,7/29/2021,10:12,7/29/2021 10:12,11.875
1,7/30/2021,10:12,7/30/2021 10:12,10.562
1,7/31/2021,10:12,7/31/2021 10:12,10.312
1,8/1/2021,10:12,8/1/2021 10:12,10.438
1,8/2/2021,10:12,8/2/2021 10:12,10.562
1,8/3/2021,10:12,8/3/2021 10:12,10.375
1,8/4/2021,10:12,8/4/2021 10:12,10.938
1,8/5/2021,10:12,8/5/2021 10:12,10.25
1,8/6/2021,10:12,8/6/2021 10:12,10.312
1,8/7/2021,10:12,8/7/2021 10:12,10.625
1,8/8/2021,10:12,8/8/2021 10:12,11
1,8/9/2021,10:12,8/9/2021 10:12,10.688
1,8/10/2021,10:12,8/10/2021 10:12,10.938
1,8/11/2021,10:12,8/11/2021 10:12,11
1,8/12/2021,10:12,8/12/2021 10:12,10.625
1,7/22/2021,10:24,7/22/2021 10:24,33.75
1,7/23/2021,10:24,7/23/2021 10:24,15.938
1,7/24/2021,10:24,7/24/2021 10:24,14.188
1,7/25/2021,10:24,7/25/2021 10:24,13.562
1,7/26/2021,10:24,7/26/2021 10:24,16.062
1,7/27/2021,10:24,7/27/2021 10:24,15.688
1,7/28/2021,10:24,7/28/2021 10:24,15.688
1,7/29/2021,10:24,7/29/2021 10:24,12.375
1,7/30/2021,10:24,7/30/2021 10:24,10.688
1,7/31/2021,10:24,7/31/2021 10:24,10.312
1,8/1/2021,10:24,8/1/2021 10:24,10.5
1,8/2/2021,10:24,8/2/2021 10:24,10.562
1,8/3/2021,10:24,8/3/2021 10:24,10.5
1,8/4/2021,10:24,8/4/2021 10:24,11.062
1,8/5/2021,10:24,8/5/2021 10:24,10.25
1,8/6/2021,10:24,8/6/2021 10:24,10.438
1,8/7/2021,10:24,8/7/2021 10:24,10.625
1,8/8/2021,10:24,8/8/2021 10:24,10.875
1,8/9/2021,10:24,8/9/2021 10:24,10.688
1,8/10/2021,10:24,8/10/2021 10:24,11.125
1,8/11/2021,10:24,8/11/2021 10:24,11
1,8/12/2021,10:24,8/12/2021 10:24,10.625
1,7/22/2021,10:36,7/22/2021 10:36,35.688
1,7/23/2021,10:36,7/23/2021 10:36,14.188
1,7/24/2021,10:36,7/24/2021 10:36,13.812
1,7/25/2021,10:36,7/25/2021 10:36,13.312
1,7/26/2021,10:36,7/26/2021 10:36,16.188
1,7/27/2021,10:36,7/27/2021 10:36,15.75
1,7/28/2021,10:36,7/28/2021 10:36,16.062
1,7/29/2021,10:36,7/29/2021 10:36,14.312
1,7/30/2021,10:36,7/30/2021 10:36,10.688
1,7/31/2021,10:36,7/31/2021 10:36,10.438
1,8/1/2021,10:36,8/1/2021 10:36,10.5
1,8/2/2021,10:36,8/2/2021 10:36,10.625
1,8/3/2021,10:36,8/3/2021 10:36,10.5
1,8/4/2021,10:36,8/4/2021 10:36,11.062
1,8/5/2021,10:36,8/5/2021 10:36,10.25
1,8/6/2021,10:36,8/6/2021 10:36,10.5
1,8/7/2021,10:36,8/7/2021 10:36,10.938
1,8/8/2021,10:36,8/8/2021 10:36,11.062
1,8/9/2021,10:36,8/9/2021 10:36,10.75
1,8/10/2021,10:36,8/10/2021 10:36,11.188
1,8/11/2021,10:36,8/11/2021 10:36,11.062
1,8/12/2021,10:36,8/12/2021 10:36,10.75
1,7/22/2021,10:48,7/22/2021 10:48,37.375
1,7/23/2021,10:48,7/23/2021 10:48,13.25
1,7/24/2021,10:48,7/24/2021 10:48,14.125
1,7/25/2021,10:48,7/25/2021 10:48,12.75
1,7/26/2021,10:48,7/26/2021 10:48,16.312
1,7/27/2021,10:48,7/27/2021 10:48,16
1,7/28/2021,10:48,7/28/2021 10:48,15.938
1,7/29/2021,10:48,7/29/2021 10:48,13.75
1,7/30/2021,10:48,7/30/2021 10:48,10.75
1,7/31/2021,10:48,7/31/2021 10:48,10.562
1,8/1/2021,10:48,8/1/2021 10:48,10.562
1,8/2/2021,10:48,8/2/2021 10:48,10.688
1,8/3/2021,10:48,8/3/2021 10:48,10.562
1,8/4/2021,10:48,8/4/2021 10:48,11.125
1,8/5/2021,10:48,8/5/2021 10:48,10.25
1,8/6/2021,10:48,8/6/2021 10:48,10.625
1,8/7/2021,10:48,8/7/2021 10:48,11.062
1,8/8/2021,10:48,8/8/2021 10:48,11.188
1,8/9/2021,10:48,8/9/2021 10:48,10.875
1,8/10/2021,10:48,8/10/2021 10:48,11.25
1,8/11/2021,10:48,8/11/2021 10:48,11.25
1,8/12/2021,10:48,8/12/2021 10:48,10.75
1,7/22/2021,11:00,7/22/2021 11:00,39.188
1,7/23/2021,11:00,7/23/2021 11:00,12.75
1,7/24/2021,11:00,7/24/2021 11:00,14.438
1,7/25/2021,11:00,7/25/2021 11:00,13.125
1,7/26/2021,11:00,7/26/2021 11:00,16.312
1,7/27/2021,11:00,7/27/2021 11:00,16
1,7/28/2021,11:00,7/28/2021 11:00,15.625
1,7/29/2021,11:00,7/29/2021 11:00,13.312
1,7/30/2021,11:00,7/30/2021 11:00,10.812
1,7/31/2021,11:00,7/31/2021 11:00,10.625
1,8/1/2021,11:00,8/1/2021 11:00,10.562
1,8/2/2021,11:00,8/2/2021 11:00,10.688
1,8/3/2021,11:00,8/3/2021 11:00,10.562
1,8/4/2021,11:00,8/4/2021 11:00,11.125
1,8/5/2021,11:00,8/5/2021 11:00,10.25
1,8/6/2021,11:00,8/6/2021 11:00,10.625
1,8/7/2021,11:00,8/7/2021 11:00,10.938
1,8/8/2021,11:00,8/8/2021 11:00,11.188
1,8/9/2021,11:00,8/9/2021 11:00,10.875
1,8/10/2021,11:00,8/10/2021 11:00,11.688
1,8/11/2021,11:00,8/11/2021 11:00,11.312
1,8/12/2021,11:00,8/12/2021 11:00,11.062
1,7/22/2021,11:12,7/22/2021 11:12,41.562
1,7/23/2021,11:12,7/23/2021 11:12,12.562
1,7/24/2021,11:12,7/24/2021 11:12,13.938
1,7/25/2021,11:12,7/25/2021 11:12,12.125
1,7/26/2021,11:12,7/26/2021 11:12,16.5
1,7/27/2021,11:12,7/27/2021 11:12,16.312
1,7/28/2021,11:12,7/28/2021 11:12,15
1,7/29/2021,11:12,7/29/2021 11:12,12.375
1,7/30/2021,11:12,7/30/2021 11:12,10.75
1,7/31/2021,11:12,7/31/2021 11:12,10.625
1,8/1/2021,11:12,8/1/2021 11:12,10.625
1,8/2/2021,11:12,8/2/2021 11:12,10.75
1,8/3/2021,11:12,8/3/2021 11:12,10.562
1,8/4/2021,11:12,8/4/2021 11:12,11.188
1,8/5/2021,11:12,8/5/2021 11:12,10.25
1,8/6/2021,11:12,8/6/2021 11:12,10.625
1,8/7/2021,11:12,8/7/2021 11:12,11.062
1,8/8/2021,11:12,8/8/2021 11:12,11.75
1,8/9/2021,11:12,8/9/2021 11:12,10.938
1,8/10/2021,11:12,8/10/2021 11:12,11.188
1,8/11/2021,11:12,8/11/2021 11:12,11.312
1,8/12/2021,11:12,8/12/2021 11:12,11.062
1,7/22/2021,11:24,7/22/2021 11:24,42.812
1,7/23/2021,11:24,7/23/2021 11:24,12.562
1,7/24/2021,11:24,7/24/2021 11:24,13.5
1,7/25/2021,11:24,7/25/2021 11:24,15.875
1,7/26/2021,11:24,7/26/2021 11:24,16.562
1,7/27/2021,11:24,7/27/2021 11:24,16.438
1,7/28/2021,11:24,7/28/2021 11:24,15.875
1,7/29/2021,11:24,7/29/2021 11:24,12.875
1,7/30/2021,11:24,7/30/2021 11:24,10.812
1,7/31/2021,11:24,7/31/2021 11:24,10.625
1,8/1/2021,11:24,8/1/2021 11:24,10.688
1,8/2/2021,11:24,8/2/2021 11:24,10.812
1,8/3/2021,11:24,8/3/2021 11:24,10.75
1,8/4/2021,11:24,8/4/2021 11:24,11.25
1,8/5/2021,11:24,8/5/2021 11:24,10.25
1,8/6/2021,11:24,8/6/2021 11:24,10.688
1,8/7/2021,11:24,8/7/2021 11:24,11
1,8/8/2021,11:24,8/8/2021 11:24,11.438
1,8/9/2021,11:24,8/9/2021 11:24,11
1,8/10/2021,11:24,8/10/2021 11:24,11.25
1,8/11/2021,11:24,8/11/2021 11:24,11.375
1,8/12/2021,11:24,8/12/2021 11:24,11.25
1,7/22/2021,11:36,7/22/2021 11:36,33.688
1,7/23/2021,11:36,7/23/2021 11:36,12.625
1,7/24/2021,11:36,7/24/2021 11:36,14.438
1,7/25/2021,11:36,7/25/2021 11:36,17.125
1,7/26/2021,11:36,7/26/2021 11:36,16.438
1,7/27/2021,11:36,7/27/2021 11:36,16.812
1,7/28/2021,11:36,7/28/2021 11:36,16.625
1,7/29/2021,11:36,7/29/2021 11:36,12.625
1,7/30/2021,11:36,7/30/2021 11:36,11
1,7/31/2021,11:36,7/31/2021 11:36,10.688
1,8/1/2021,11:36,8/1/2021 11:36,10.688
1,8/2/2021,11:36,8/2/2021 11:36,10.875
1,8/3/2021,11:36,8/3/2021 11:36,10.688
1,8/4/2021,11:36,8/4/2021 11:36,11.25
1,8/5/2021,11:36,8/5/2021 11:36,10.25
1,8/6/2021,11:36,8/6/2021 11:36,10.75
1,8/7/2021,11:36,8/7/2021 11:36,11
1,8/8/2021,11:36,8/8/2021 11:36,11.25
1,8/9/2021,11:36,8/9/2021 11:36,11.125
1,8/10/2021,11:36,8/10/2021 11:36,11.188
1,8/11/2021,11:36,8/11/2021 11:36,11.375
1,8/12/2021,11:36,8/12/2021 11:36,10.938
1,7/22/2021,11:48,7/22/2021 11:48,24.875
1,7/23/2021,11:48,7/23/2021 11:48,12.812
1,7/24/2021,11:48,7/24/2021 11:48,14.125
1,7/25/2021,11:48,7/25/2021 11:48,14
1,7/26/2021,11:48,7/26/2021 11:48,16.688
1,7/27/2021,11:48,7/27/2021 11:48,17.188
1,7/28/2021,11:48,7/28/2021 11:48,16.375
1,7/29/2021,11:48,7/29/2021 11:48,12.5
1,7/30/2021,11:48,7/30/2021 11:48,10.875
1,7/31/2021,11:48,7/31/2021 11:48,10.688
1,8/1/2021,11:48,8/1/2021 11:48,10.75
1,8/2/2021,11:48,8/2/2021 11:48,10.938
1,8/3/2021,11:48,8/3/2021 11:48,10.75
1,8/4/2021,11:48,8/4/2021 11:48,11.375
1,8/5/2021,11:48,8/5/2021 11:48,10.25
1,8/6/2021,11:48,8/6/2021 11:48,10.812
1,8/7/2021,11:48,8/7/2021 11:48,11.062
1,8/8/2021,11:48,8/8/2021 11:48,11.375
1,8/9/2021,11:48,8/9/2021 11:48,11.25
1,8/10/2021,11:48,8/10/2021 11:48,11.25
1,8/11/2021,11:48,8/11/2021 11:48,11.312
1,8/12/2021,11:48,8/12/2021 11:48,10.812
1,7/22/2021,12:00,7/22/2021 12:00,21.938
1,7/23/2021,12:00,7/23/2021 12:00,13
1,7/24/2021,12:00,7/24/2021 12:00,15.188
1,7/25/2021,12:00,7/25/2021 12:00,16.75
1,7/26/2021,12:00,7/26/2021 12:00,17
1,7/27/2021,12:00,7/27/2021 12:00,17
1,7/28/2021,12:00,7/28/2021 12:00,16
1,7/29/2021,12:00,7/29/2021 12:00,12.25
1,7/30/2021,12:00,7/30/2021 12:00,10.875
1,7/31/2021,12:00,7/31/2021 12:00,11
1,8/1/2021,12:00,8/1/2021 12:00,10.812
1,8/2/2021,12:00,8/2/2021 12:00,10.938
1,8/3/2021,12:00,8/3/2021 12:00,10.812
1,8/4/2021,12:00,8/4/2021 12:00,11.312
1,8/5/2021,12:00,8/5/2021 12:00,10.25
1,8/6/2021,12:00,8/6/2021 12:00,10.812
1,8/7/2021,12:00,8/7/2021 12:00,11.125
1,8/8/2021,12:00,8/8/2021 12:00,11.625
1,8/9/2021,12:00,8/9/2021 12:00,11.25
1,8/10/2021,12:00,8/10/2021 12:00,11.312
1,8/11/2021,12:00,8/11/2021 12:00,11.375
1,8/12/2021,12:00,8/12/2021 12:00,11
1,7/22/2021,12:12,7/22/2021 12:12,21.688
1,7/23/2021,12:12,7/23/2021 12:12,13.25
1,7/24/2021,12:12,7/24/2021 12:12,14.188
1,7/25/2021,12:12,7/25/2021 12:12,16.875
1,7/26/2021,12:12,7/26/2021 12:12,17.438
1,7/27/2021,12:12,7/27/2021 12:12,17.562
1,7/28/2021,12:12,7/28/2021 12:12,15.5
1,7/29/2021,12:12,7/29/2021 12:12,12.312
1,7/30/2021,12:12,7/30/2021 12:12,10.938
1,7/31/2021,12:12,7/31/2021 12:12,10.875
1,8/1/2021,12:12,8/1/2021 12:12,10.938
1,8/2/2021,12:12,8/2/2021 12:12,10.938
1,8/3/2021,12:12,8/3/2021 12:12,10.75
1,8/4/2021,12:12,8/4/2021 12:12,11.312
1,8/5/2021,12:12,8/5/2021 12:12,10.25
1,8/6/2021,12:12,8/6/2021 12:12,10.812
1,8/7/2021,12:12,8/7/2021 12:12,11.312
1,8/8/2021,12:12,8/8/2021 12:12,11.375
1,8/9/2021,12:12,8/9/2021 12:12,11.375
1,8/10/2021,12:12,8/10/2021 12:12,11.375
1,8/11/2021,12:12,8/11/2021 12:12,11.375
1,8/12/2021,12:12,8/12/2021 12:12,11.062
1,7/22/2021,12:24,7/22/2021 12:24,21.75
1,7/23/2021,12:24,7/23/2021 12:24,19.25
1,7/24/2021,12:24,7/24/2021 12:24,12.875
1,7/25/2021,12:24,7/25/2021 12:24,17
1,7/26/2021,12:24,7/26/2021 12:24,17.5
1,7/27/2021,12:24,7/27/2021 12:24,17.812
1,7/28/2021,12:24,7/28/2021 12:24,14.562
1,7/29/2021,12:24,7/29/2021 12:24,12.312
1,7/30/2021,12:24,7/30/2021 12:24,11.188
1,7/31/2021,12:24,7/31/2021 12:24,10.812
1,8/1/2021,12:24,8/1/2021 12:24,10.938
1,8/2/2021,12:24,8/2/2021 12:24,10.938
1,8/3/2021,12:24,8/3/2021 12:24,10.75
1,8/4/2021,12:24,8/4/2021 12:24,11.312
1,8/5/2021,12:24,8/5/2021 12:24,10.25
1,8/6/2021,12:24,8/6/2021 12:24,10.875
1,8/7/2021,12:24,8/7/2021 12:24,11.375
1,8/8/2021,12:24,8/8/2021 12:24,11.25
1,8/9/2021,12:24,8/9/2021 12:24,11.438
1,8/10/2021,12:24,8/10/2021 12:24,11.375
1,8/11/2021,12:24,8/11/2021 12:24,11.438
1,8/12/2021,12:24,8/12/2021 12:24,10.875
1,7/22/2021,12:36,7/22/2021 12:36,21.75
1,7/23/2021,12:36,7/23/2021 12:36,17.938
1,7/24/2021,12:36,7/24/2021 12:36,13.125
1,7/25/2021,12:36,7/25/2021 12:36,17.438
1,7/26/2021,12:36,7/26/2021 12:36,17.75
1,7/27/2021,12:36,7/27/2021 12:36,17.312
1,7/28/2021,12:36,7/28/2021 12:36,15.062
1,7/29/2021,12:36,7/29/2021 12:36,12.375
1,7/30/2021,12:36,7/30/2021 12:36,11.5
1,7/31/2021,12:36,7/31/2021 12:36,10.688
1,8/1/2021,12:36,8/1/2021 12:36,11.125
1,8/2/2021,12:36,8/2/2021 12:36,11
1,8/3/2021,12:36,8/3/2021 12:36,10.75
1,8/4/2021,12:36,8/4/2021 12:36,11.312
1,8/5/2021,12:36,8/5/2021 12:36,10.25
1,8/6/2021,12:36,8/6/2021 12:36,11.062
1,8/7/2021,12:36,8/7/2021 12:36,11.312
1,8/8/2021,12:36,8/8/2021 12:36,11.438
1,8/9/2021,12:36,8/9/2021 12:36,11.312
1,8/10/2021,12:36,8/10/2021 12:36,11.438
1,8/11/2021,12:36,8/11/2021 12:36,11.438
1,8/12/2021,12:36,8/12/2021 12:36,10.938
1,7/22/2021,12:48,7/22/2021 12:48,21.75
1,7/23/2021,12:48,7/23/2021 12:48,17.812
1,7/24/2021,12:48,7/24/2021 12:48,13.938
1,7/25/2021,12:48,7/25/2021 12:48,17.812
1,7/26/2021,12:48,7/26/2021 12:48,17.812
1,7/27/2021,12:48,7/27/2021 12:48,17.875
1,7/28/2021,12:48,7/28/2021 12:48,13.75
1,7/29/2021,12:48,7/29/2021 12:48,12.438
1,7/30/2021,12:48,7/30/2021 12:48,11.438
1,7/31/2021,12:48,7/31/2021 12:48,10.75
1,8/1/2021,12:48,8/1/2021 12:48,11.125
1,8/2/2021,12:48,8/2/2021 12:48,11
1,8/3/2021,12:48,8/3/2021 12:48,10.75
1,8/4/2021,12:48,8/4/2021 12:48,11.375
1,8/5/2021,12:48,8/5/2021 12:48,10.188
1,8/6/2021,12:48,8/6/2021 12:48,11
1,8/7/2021,12:48,8/7/2021 12:48,11.312
1,8/8/2021,12:48,8/8/2021 12:48,11.312
1,8/9/2021,12:48,8/9/2021 12:48,11.5
1,8/10/2021,12:48,8/10/2021 12:48,11.438
1,8/11/2021,12:48,8/11/2021 12:48,11.438
1,8/12/2021,12:48,8/12/2021 12:48,11
1,7/22/2021,13:00,7/22/2021 13:00,21.375
1,7/23/2021,13:00,7/23/2021 13:00,17.938
1,7/24/2021,13:00,7/24/2021 13:00,12.5
1,7/25/2021,13:00,7/25/2021 13:00,17.938
1,7/26/2021,13:00,7/26/2021 13:00,17.875
1,7/27/2021,13:00,7/27/2021 13:00,18
1,7/28/2021,13:00,7/28/2021 13:00,13.625
1,7/29/2021,13:00,7/29/2021 13:00,12.25
1,7/30/2021,13:00,7/30/2021 13:00,11.375
1,7/31/2021,13:00,7/31/2021 13:00,10.688
1,8/1/2021,13:00,8/1/2021 13:00,11.188
1,8/2/2021,13:00,8/2/2021 13:00,11.062
1,8/3/2021,13:00,8/3/2021 13:00,10.75
1,8/4/2021,13:00,8/4/2021 13:00,11.438
1,8/5/2021,13:00,8/5/2021 13:00,10.188
1,8/6/2021,13:00,8/6/2021 13:00,11
1,8/7/2021,13:00,8/7/2021 13:00,11.375
1,8/8/2021,13:00,8/8/2021 13:00,11.312
1,8/9/2021,13:00,8/9/2021 13:00,11.312
1,8/10/2021,13:00,8/10/2021 13:00,11.438
1,8/11/2021,13:00,8/11/2021 13:00,11.438
1,8/12/2021,13:00,8/12/2021 13:00,11
1,7/22/2021,13:12,7/22/2021 13:12,3.938
1,7/23/2021,13:12,7/23/2021 13:12,17.375
1,7/24/2021,13:12,7/24/2021 13:12,12.562
1,7/25/2021,13:12,7/25/2021 13:12,18.125
1,7/26/2021,13:12,7/26/2021 13:12,17.562
1,7/27/2021,13:12,7/27/2021 13:12,18.188
1,7/28/2021,13:12,7/28/2021 13:12,13.875
1,7/29/2021,13:12,7/29/2021 13:12,12.125
1,7/30/2021,13:12,7/30/2021 13:12,11.375
1,7/31/2021,13:12,7/31/2021 13:12,10.688
1,8/1/2021,13:12,8/1/2021 13:12,11.25
1,8/2/2021,13:12,8/2/2021 13:12,11.125
1,8/3/2021,13:12,8/3/2021 13:12,10.812
1,8/4/2021,13:12,8/4/2021 13:12,11.438
1,8/5/2021,13:12,8/5/2021 13:12,10.188
1,8/6/2021,13:12,8/6/2021 13:12,11.188
1,8/7/2021,13:12,8/7/2021 13:12,11.312
1,8/8/2021,13:12,8/8/2021 13:12,11.875
1,8/9/2021,13:12,8/9/2021 13:12,11.438
1,8/10/2021,13:12,8/10/2021 13:12,11.438
1,8/11/2021,13:12,8/11/2021 13:12,11.5
1,8/12/2021,13:12,8/12/2021 13:12,11.062
1,7/22/2021,13:24,7/22/2021 13:24,3.312
1,7/23/2021,13:24,7/23/2021 13:24,17.125
1,7/24/2021,13:24,7/24/2021 13:24,13.188
1,7/25/2021,13:24,7/25/2021 13:24,18
1,7/26/2021,13:24,7/26/2021 13:24,17.5
1,7/27/2021,13:24,7/27/2021 13:24,18.5
1,7/28/2021,13:24,7/28/2021 13:24,14.438
1,7/29/2021,13:24,7/29/2021 13:24,12.25
1,7/30/2021,13:24,7/30/2021 13:24,11.312
1,7/31/2021,13:24,7/31/2021 13:24,10.688
1,8/1/2021,13:24,8/1/2021 13:24,11.312
1,8/2/2021,13:24,8/2/2021 13:24,11.188
1,8/3/2021,13:24,8/3/2021 13:24,10.938
1,8/4/2021,13:24,8/4/2021 13:24,11.438
1,8/5/2021,13:24,8/5/2021 13:24,10.188
1,8/6/2021,13:24,8/6/2021 13:24,11
1,8/7/2021,13:24,8/7/2021 13:24,11.438
1,8/8/2021,13:24,8/8/2021 13:24,11.375
1,8/9/2021,13:24,8/9/2021 13:24,11.375
1,8/10/2021,13:24,8/10/2021 13:24,11.562
1,8/11/2021,13:24,8/11/2021 13:24,11.5
1,8/12/2021,13:24,8/12/2021 13:24,11.125
1,7/22/2021,13:36,7/22/2021 13:36,3.312
1,7/23/2021,13:36,7/23/2021 13:36,17.062
1,7/24/2021,13:36,7/24/2021 13:36,16.312
1,7/25/2021,13:36,7/25/2021 13:36,18.062
1,7/26/2021,13:36,7/26/2021 13:36,17.75
1,7/27/2021,13:36,7/27/2021 13:36,18.438
1,7/28/2021,13:36,7/28/2021 13:36,14.125
1,7/29/2021,13:36,7/29/2021 13:36,12.188
1,7/30/2021,13:36,7/30/2021 13:36,11.25
1,7/31/2021,13:36,7/31/2021 13:36,10.688
1,8/1/2021,13:36,8/1/2021 13:36,11.25
1,8/2/2021,13:36,8/2/2021 13:36,11.562
1,8/3/2021,13:36,8/3/2021 13:36,11
1,8/4/2021,13:36,8/4/2021 13:36,11.438
1,8/5/2021,13:36,8/5/2021 13:36,10.188
1,8/6/2021,13:36,8/6/2021 13:36,11
1,8/7/2021,13:36,8/7/2021 13:36,11.375
1,8/8/2021,13:36,8/8/2021 13:36,11.438
1,8/9/2021,13:36,8/9/2021 13:36,11.375
1,8/10/2021,13:36,8/10/2021 13:36,11.5
1,8/11/2021,13:36,8/11/2021 13:36,11.562
1,8/12/2021,13:36,8/12/2021 13:36,11.25
1,7/22/2021,13:48,7/22/2021 13:48,3.312
1,7/23/2021,13:48,7/23/2021 13:48,16.812
1,7/24/2021,13:48,7/24/2021 13:48,14.312
1,7/25/2021,13:48,7/25/2021 13:48,18.375
1,7/26/2021,13:48,7/26/2021 13:48,18.812
1,7/27/2021,13:48,7/27/2021 13:48,18.625
1,7/28/2021,13:48,7/28/2021 13:48,14.812
1,7/29/2021,13:48,7/29/2021 13:48,12.125
1,7/30/2021,13:48,7/30/2021 13:48,11.25
1,7/31/2021,13:48,7/31/2021 13:48,10.688
1,8/1/2021,13:48,8/1/2021 13:48,11.312
1,8/2/2021,13:48,8/2/2021 13:48,11.438
1,8/3/2021,13:48,8/3/2021 13:48,11.062
1,8/4/2021,13:48,8/4/2021 13:48,11.5
1,8/5/2021,13:48,8/5/2021 13:48,10.188
1,8/6/2021,13:48,8/6/2021 13:48,10.938
1,8/7/2021,13:48,8/7/2021 13:48,11.375
1,8/8/2021,13:48,8/8/2021 13:48,11.812
1,8/9/2021,13:48,8/9/2021 13:48,11.438
1,8/10/2021,13:48,8/10/2021 13:48,11.562
1,8/11/2021,13:48,8/11/2021 13:48,11.562
1,8/12/2021,13:48,8/12/2021 13:48,11.812
1,7/22/2021,14:00,7/22/2021 14:00,3
1,7/23/2021,14:00,7/23/2021 14:00,16.875
1,7/24/2021,14:00,7/24/2021 14:00,13.312
1,7/25/2021,14:00,7/25/2021 14:00,18.312
1,7/26/2021,14:00,7/26/2021 14:00,18.188
1,7/27/2021,14:00,7/27/2021 14:00,18.688
1,7/28/2021,14:00,7/28/2021 14:00,14.188
1,7/29/2021,14:00,7/29/2021 14:00,12.125
1,7/30/2021,14:00,7/30/2021 14:00,11.188
1,7/31/2021,14:00,7/31/2021 14:00,10.688
1,8/1/2021,14:00,8/1/2021 14:00,11.375
1,8/2/2021,14:00,8/2/2021 14:00,11.375
1,8/3/2021,14:00,8/3/2021 14:00,11.188
1,8/4/2021,14:00,8/4/2021 14:00,11.5
1,8/5/2021,14:00,8/5/2021 14:00,10.25
1,8/6/2021,14:00,8/6/2021 14:00,10.938
1,8/7/2021,14:00,8/7/2021 14:00,11.375
1,8/8/2021,14:00,8/8/2021 14:00,11.5
1,8/9/2021,14:00,8/9/2021 14:00,11.375
1,8/10/2021,14:00,8/10/2021 14:00,11.5
1,8/11/2021,14:00,8/11/2021 14:00,11.5
1,8/12/2021,14:00,8/12/2021 14:00,11.375
1,7/22/2021,14:12,7/22/2021 14:12,3.062
1,7/23/2021,14:12,7/23/2021 14:12,16.688
1,7/24/2021,14:12,7/24/2021 14:12,16.688
1,7/25/2021,14:12,7/25/2021 14:12,18.438
1,7/26/2021,14:12,7/26/2021 14:12,18.312
1,7/27/2021,14:12,7/27/2021 14:12,19
1,7/28/2021,14:12,7/28/2021 14:12,13
1,7/29/2021,14:12,7/29/2021 14:12,12.375
1,7/30/2021,14:12,7/30/2021 14:12,11.188
1,7/31/2021,14:12,7/31/2021 14:12,10.688
1,8/1/2021,14:12,8/1/2021 14:12,11.438
1,8/2/2021,14:12,8/2/2021 14:12,11.312
1,8/3/2021,14:12,8/3/2021 14:12,11.188
1,8/4/2021,14:12,8/4/2021 14:12,11.5
1,8/5/2021,14:12,8/5/2021 14:12,10.25
1,8/6/2021,14:12,8/6/2021 14:12,10.938
1,8/7/2021,14:12,8/7/2021 14:12,11.375
1,8/8/2021,14:12,8/8/2021 14:12,12
1,8/9/2021,14:12,8/9/2021 14:12,12.25
1,8/10/2021,14:12,8/10/2021 14:12,11.5
1,8/11/2021,14:12,8/11/2021 14:12,11.438
1,8/12/2021,14:12,8/12/2021 14:12,11.375
1,7/22/2021,14:24,7/22/2021 14:24,3.062
1,7/23/2021,14:24,7/23/2021 14:24,16.375
1,7/24/2021,14:24,7/24/2021 14:24,16.062
1,7/25/2021,14:24,7/25/2021 14:24,18.812
1,7/26/2021,14:24,7/26/2021 14:24,18.875
1,7/27/2021,14:24,7/27/2021 14:24,19.188
1,7/28/2021,14:24,7/28/2021 14:24,13.688
1,7/29/2021,14:24,7/29/2021 14:24,12.188
1,7/30/2021,14:24,7/30/2021 14:24,11.25
1,7/31/2021,14:24,7/31/2021 14:24,10.688
1,8/1/2021,14:24,8/1/2021 14:24,11.438
1,8/2/2021,14:24,8/2/2021 14:24,11.312
1,8/3/2021,14:24,8/3/2021 14:24,11.25
1,8/4/2021,14:24,8/4/2021 14:24,11.5
1,8/5/2021,14:24,8/5/2021 14:24,10.25
1,8/6/2021,14:24,8/6/2021 14:24,10.938
1,8/7/2021,14:24,8/7/2021 14:24,11.438
1,8/8/2021,14:24,8/8/2021 14:24,11.75
1,8/9/2021,14:24,8/9/2021 14:24,12.5
1,8/10/2021,14:24,8/10/2021 14:24,11.5
1,8/11/2021,14:24,8/11/2021 14:24,11.438
1,8/12/2021,14:24,8/12/2021 14:24,11.625
1,7/22/2021,14:36,7/22/2021 14:36,3.125
1,7/23/2021,14:36,7/23/2021 14:36,16.375
1,7/24/2021,14:36,7/24/2021 14:36,14.75
1,7/25/2021,14:36,7/25/2021 14:36,18.75
1,7/26/2021,14:36,7/26/2021 14:36,18.75
1,7/27/2021,14:36,7/27/2021 14:36,16.312
1,7/28/2021,14:36,7/28/2021 14:36,14.188
1,7/29/2021,14:36,7/29/2021 14:36,12
1,7/30/2021,14:36,7/30/2021 14:36,11.125
1,7/31/2021,14:36,7/31/2021 14:36,10.688
1,8/1/2021,14:36,8/1/2021 14:36,11.375
1,8/2/2021,14:36,8/2/2021 14:36,11.312
1,8/3/2021,14:36,8/3/2021 14:36,11.312
1,8/4/2021,14:36,8/4/2021 14:36,11.5
1,8/5/2021,14:36,8/5/2021 14:36,10.312
1,8/6/2021,14:36,8/6/2021 14:36,10.938
1,8/7/2021,14:36,8/7/2021 14:36,11.438
1,8/8/2021,14:36,8/8/2021 14:36,11.812
1,8/9/2021,14:36,8/9/2021 14:36,11.438
1,8/10/2021,14:36,8/10/2021 14:36,11.5
1,8/11/2021,14:36,8/11/2021 14:36,11.438
1,8/12/2021,14:36,8/12/2021 14:36,11.438
1,7/22/2021,14:48,7/22/2021 14:48,3.188
1,7/23/2021,14:48,7/23/2021 14:48,16.312
1,7/24/2021,14:48,7/24/2021 14:48,16.375
1,7/25/2021,14:48,7/25/2021 14:48,18.938
1,7/26/2021,14:48,7/26/2021 14:48,18.688
1,7/27/2021,14:48,7/27/2021 14:48,15.125
1,7/28/2021,14:48,7/28/2021 14:48,13.25
1,7/29/2021,14:48,7/29/2021 14:48,12.125
1,7/30/2021,14:48,7/30/2021 14:48,11.062
1,7/31/2021,14:48,7/31/2021 14:48,10.688
1,8/1/2021,14:48,8/1/2021 14:48,11.312
1,8/2/2021,14:48,8/2/2021 14:48,11.312
1,8/3/2021,14:48,8/3/2021 14:48,11.312
1,8/4/2021,14:48,8/4/2021 14:48,11.562
1,8/5/2021,14:48,8/5/2021 14:48,10.312
1,8/6/2021,14:48,8/6/2021 14:48,10.938
1,8/7/2021,14:48,8/7/2021 14:48,11.438
1,8/8/2021,14:48,8/8/2021 14:48,11.438
1,8/9/2021,14:48,8/9/2021 14:48,11.5
1,8/10/2021,14:48,8/10/2021 14:48,11.438
1,8/11/2021,14:48,8/11/2021 14:48,11.438
1,8/12/2021,14:48,8/12/2021 14:48,11.438
1,7/22/2021,15:00,7/22/2021 15:00,3.188
1,7/23/2021,15:00,7/23/2021 15:00,16.312
1,7/24/2021,15:00,7/24/2021 15:00,15.812
1,7/25/2021,15:00,7/25/2021 15:00,19.062
1,7/26/2021,15:00,7/26/2021 15:00,18.562
1,7/27/2021,15:00,7/27/2021 15:00,13.938
1,7/28/2021,15:00,7/28/2021 15:00,12.875
1,7/29/2021,15:00,7/29/2021 15:00,11.875
1,7/30/2021,15:00,7/30/2021 15:00,11.062
1,7/31/2021,15:00,7/31/2021 15:00,10.688
1,8/1/2021,15:00,8/1/2021 15:00,11.312
1,8/2/2021,15:00,8/2/2021 15:00,11.312
1,8/3/2021,15:00,8/3/2021 15:00,11.375
1,8/4/2021,15:00,8/4/2021 15:00,11.5
1,8/5/2021,15:00,8/5/2021 15:00,10.312
1,8/6/2021,15:00,8/6/2021 15:00,11
1,8/7/2021,15:00,8/7/2021 15:00,11.375
1,8/8/2021,15:00,8/8/2021 15:00,11.375
1,8/9/2021,15:00,8/9/2021 15:00,11.562
1,8/10/2021,15:00,8/10/2021 15:00,11.5
1,8/11/2021,15:00,8/11/2021 15:00,11.375
1,8/12/2021,15:00,8/12/2021 15:00,11.375
1,7/22/2021,15:12,7/22/2021 15:12,3.188
1,7/23/2021,15:12,7/23/2021 15:12,16.438
1,7/24/2021,15:12,7/24/2021 15:12,15.625
1,7/25/2021,15:12,7/25/2021 15:12,19.25
1,7/26/2021,15:12,7/26/2021 15:12,18.625
1,7/27/2021,15:12,7/27/2021 15:12,13.375
1,7/28/2021,15:12,7/28/2021 15:12,12.438
1,7/29/2021,15:12,7/29/2021 15:12,11.938
1,7/30/2021,15:12,7/30/2021 15:12,11
1,7/31/2021,15:12,7/31/2021 15:12,10.75
1,8/1/2021,15:12,8/1/2021 15:12,11.25
1,8/2/2021,15:12,8/2/2021 15:12,11.312
1,8/3/2021,15:12,8/3/2021 15:12,11.375
1,8/4/2021,15:12,8/4/2021 15:12,11.438
1,8/5/2021,15:12,8/5/2021 15:12,10.312
1,8/6/2021,15:12,8/6/2021 15:12,11.062
1,8/7/2021,15:12,8/7/2021 15:12,11.312
1,8/8/2021,15:12,8/8/2021 15:12,11.438
1,8/9/2021,15:12,8/9/2021 15:12,11.5
1,8/10/2021,15:12,8/10/2021 15:12,11.375
1,8/11/2021,15:12,8/11/2021 15:12,11.375
1,8/12/2021,15:12,8/12/2021 15:12,11.375
1,7/22/2021,15:24,7/22/2021 15:24,3.312
1,7/23/2021,15:24,7/23/2021 15:24,16.75
1,7/24/2021,15:24,7/24/2021 15:24,14.438
1,7/25/2021,15:24,7/25/2021 15:24,19.25
1,7/26/2021,15:24,7/26/2021 15:24,19.188
1,7/27/2021,15:24,7/27/2021 15:24,13
1,7/28/2021,15:24,7/28/2021 15:24,11.938
1,7/29/2021,15:24,7/29/2021 15:24,11.938
1,7/30/2021,15:24,7/30/2021 15:24,11
1,7/31/2021,15:24,7/31/2021 15:24,10.688
1,8/1/2021,15:24,8/1/2021 15:24,11.25
1,8/2/2021,15:24,8/2/2021 15:24,11.312
1,8/3/2021,15:24,8/3/2021 15:24,11.375
1,8/4/2021,15:24,8/4/2021 15:24,11.5
1,8/5/2021,15:24,8/5/2021 15:24,10.375
1,8/6/2021,15:24,8/6/2021 15:24,11.062
1,8/7/2021,15:24,8/7/2021 15:24,11.25
1,8/8/2021,15:24,8/8/2021 15:24,11.312
1,8/9/2021,15:24,8/9/2021 15:24,12.562
1,8/10/2021,15:24,8/10/2021 15:24,11.375
1,8/11/2021,15:24,8/11/2021 15:24,11.375
1,8/12/2021,15:24,8/12/2021 15:24,11.375
1,7/22/2021,15:36,7/22/2021 15:36,3.375
1,7/23/2021,15:36,7/23/2021 15:36,16.812
1,7/24/2021,15:36,7/24/2021 15:36,14.562
1,7/25/2021,15:36,7/25/2021 15:36,19.188
1,7/26/2021,15:36,7/26/2021 15:36,19.312
1,7/27/2021,15:36,7/27/2021 15:36,13.375
1,7/28/2021,15:36,7/28/2021 15:36,11.812
1,7/29/2021,15:36,7/29/2021 15:36,12
1,7/30/2021,15:36,7/30/2021 15:36,10.938
1,7/31/2021,15:36,7/31/2021 15:36,10.75
1,8/1/2021,15:36,8/1/2021 15:36,11.25
1,8/2/2021,15:36,8/2/2021 15:36,11.312
1,8/3/2021,15:36,8/3/2021 15:36,11.438
1,8/4/2021,15:36,8/4/2021 15:36,11.438
1,8/5/2021,15:36,8/5/2021 15:36,10.375
1,8/6/2021,15:36,8/6/2021 15:36,11.062
1,8/7/2021,15:36,8/7/2021 15:36,11.188
1,8/8/2021,15:36,8/8/2021 15:36,11.312
1,8/9/2021,15:36,8/9/2021 15:36,11.812
1,8/10/2021,15:36,8/10/2021 15:36,11.375
1,8/11/2021,15:36,8/11/2021 15:36,11.375
1,8/12/2021,15:36,8/12/2021 15:36,11.375
1,7/22/2021,15:48,7/22/2021 15:48,3.438
1,7/23/2021,15:48,7/23/2021 15:48,16.875
1,7/24/2021,15:48,7/24/2021 15:48,17.688
1,7/25/2021,15:48,7/25/2021 15:48,19.375
1,7/26/2021,15:48,7/26/2021 15:48,19.562
1,7/27/2021,15:48,7/27/2021 15:48,15.375
1,7/28/2021,15:48,7/28/2021 15:48,12.375
1,7/29/2021,15:48,7/29/2021 15:48,12.438
1,7/30/2021,15:48,7/30/2021 15:48,10.938
1,7/31/2021,15:48,7/31/2021 15:48,10.75
1,8/1/2021,15:48,8/1/2021 15:48,11.312
1,8/2/2021,15:48,8/2/2021 15:48,11.312
1,8/3/2021,15:48,8/3/2021 15:48,11.438
1,8/4/2021,15:48,8/4/2021 15:48,11.438
1,8/5/2021,15:48,8/5/2021 15:48,10.375
1,8/6/2021,15:48,8/6/2021 15:48,11
1,8/7/2021,15:48,8/7/2021 15:48,11.188
1,8/8/2021,15:48,8/8/2021 15:48,11.312
1,8/9/2021,15:48,8/9/2021 15:48,11.375
1,8/10/2021,15:48,8/10/2021 15:48,11.375
1,8/11/2021,15:48,8/11/2021 15:48,11.375
1,8/12/2021,15:48,8/12/2021 15:48,11.312
1,7/22/2021,16:00,7/22/2021 16:00,3.562
1,7/23/2021,16:00,7/23/2021 16:00,13.125
1,7/24/2021,16:00,7/24/2021 16:00,16.5
1,7/25/2021,16:00,7/25/2021 16:00,19.812
1,7/26/2021,16:00,7/26/2021 16:00,19.562
1,7/27/2021,16:00,7/27/2021 16:00,15.688
1,7/28/2021,16:00,7/28/2021 16:00,12
1,7/29/2021,16:00,7/29/2021 16:00,12.062
1,7/30/2021,16:00,7/30/2021 16:00,11
1,7/31/2021,16:00,7/31/2021 16:00,10.75
1,8/1/2021,16:00,8/1/2021 16:00,11.312
1,8/2/2021,16:00,8/2/2021 16:00,11.312
1,8/3/2021,16:00,8/3/2021 16:00,11.375
1,8/4/2021,16:00,8/4/2021 16:00,11.375
1,8/5/2021,16:00,8/5/2021 16:00,10.312
1,8/6/2021,16:00,8/6/2021 16:00,11
1,8/7/2021,16:00,8/7/2021 16:00,11.188
1,8/8/2021,16:00,8/8/2021 16:00,11.25
1,8/9/2021,16:00,8/9/2021 16:00,11.312
1,8/10/2021,16:00,8/10/2021 16:00,11.375
1,8/11/2021,16:00,8/11/2021 16:00,11.375
1,8/12/2021,16:00,8/12/2021 16:00,11.5
1,7/22/2021,16:12,7/22/2021 16:12,3.625
1,7/23/2021,16:12,7/23/2021 16:12,15.312
1,7/24/2021,16:12,7/24/2021 16:12,15.938
1,7/25/2021,16:12,7/25/2021 16:12,19.75
1,7/26/2021,16:12,7/26/2021 16:12,19.625
1,7/27/2021,16:12,7/27/2021 16:12,15.5
1,7/28/2021,16:12,7/28/2021 16:12,12.312
1,7/29/2021,16:12,7/29/2021 16:12,11.812
1,7/30/2021,16:12,7/30/2021 16:12,11
1,7/31/2021,16:12,7/31/2021 16:12,10.75
1,8/1/2021,16:12,8/1/2021 16:12,11.25
1,8/2/2021,16:12,8/2/2021 16:12,11.312
1,8/3/2021,16:12,8/3/2021 16:12,11.375
1,8/4/2021,16:12,8/4/2021 16:12,11.375
1,8/5/2021,16:12,8/5/2021 16:12,10.312
1,8/6/2021,16:12,8/6/2021 16:12,11
1,8/7/2021,16:12,8/7/2021 16:12,11.25
1,8/8/2021,16:12,8/8/2021 16:12,11.5
1,8/9/2021,16:12,8/9/2021 16:12,11.5
1,8/10/2021,16:12,8/10/2021 16:12,11.375
1,8/11/2021,16:12,8/11/2021 16:12,11.375
1,8/12/2021,16:12,8/12/2021 16:12,11.438
1,7/22/2021,16:24,7/22/2021 16:24,3.75
1,7/23/2021,16:24,7/23/2021 16:24,14.375
1,7/24/2021,16:24,7/24/2021 16:24,16.062
1,7/25/2021,16:24,7/25/2021 16:24,19.75
1,7/26/2021,16:24,7/26/2021 16:24,19.562
1,7/27/2021,16:24,7/27/2021 16:24,16.562
1,7/28/2021,16:24,7/28/2021 16:24,12.875
1,7/29/2021,16:24,7/29/2021 16:24,11.938
1,7/30/2021,16:24,7/30/2021 16:24,11
1,7/31/2021,16:24,7/31/2021 16:24,10.75
1,8/1/2021,16:24,8/1/2021 16:24,11.25
1,8/2/2021,16:24,8/2/2021 16:24,11.312
1,8/3/2021,16:24,8/3/2021 16:24,11.312
1,8/4/2021,16:24,8/4/2021 16:24,11.438
1,8/5/2021,16:24,8/5/2021 16:24,10.312
1,8/6/2021,16:24,8/6/2021 16:24,10.938
1,8/7/2021,16:24,8/7/2021 16:24,11.25
1,8/8/2021,16:24,8/8/2021 16:24,11.875
1,8/9/2021,16:24,8/9/2021 16:24,11.375
1,8/10/2021,16:24,8/10/2021 16:24,11.312
1,8/11/2021,16:24,8/11/2021 16:24,11.375
1,8/12/2021,16:24,8/12/2021 16:24,11.375
1,7/22/2021,16:36,7/22/2021 16:36,4.125
1,7/23/2021,16:36,7/23/2021 16:36,12.75
1,7/24/2021,16:36,7/24/2021 16:36,15
1,7/25/2021,16:36,7/25/2021 16:36,19.625
1,7/26/2021,16:36,7/26/2021 16:36,19.5
1,7/27/2021,16:36,7/27/2021 16:36,15.375
1,7/28/2021,16:36,7/28/2021 16:36,12.25
1,7/29/2021,16:36,7/29/2021 16:36,11.812
1,7/30/2021,16:36,7/30/2021 16:36,10.938
1,7/31/2021,16:36,7/31/2021 16:36,10.812
1,8/1/2021,16:36,8/1/2021 16:36,11.25
1,8/2/2021,16:36,8/2/2021 16:36,11.312
1,8/3/2021,16:36,8/3/2021 16:36,11.312
1,8/4/2021,16:36,8/4/2021 16:36,11.438
1,8/5/2021,16:36,8/5/2021 16:36,10.312
1,8/6/2021,16:36,8/6/2021 16:36,10.938
1,8/7/2021,16:36,8/7/2021 16:36,11.25
1,8/8/2021,16:36,8/8/2021 16:36,11.562
1,8/9/2021,16:36,8/9/2021 16:36,11.5
1,8/10/2021,16:36,8/10/2021 16:36,11.312
1,8/11/2021,16:36,8/11/2021 16:36,11.438
1,8/12/2021,16:36,8/12/2021 16:36,11.438
1,7/22/2021,16:48,7/22/2021 16:48,4.812
1,7/23/2021,16:48,7/23/2021 16:48,12
1,7/24/2021,16:48,7/24/2021 16:48,15.188
1,7/25/2021,16:48,7/25/2021 16:48,19.688
1,7/26/2021,16:48,7/26/2021 16:48,19.625
1,7/27/2021,16:48,7/27/2021 16:48,14.5
1,7/28/2021,16:48,7/28/2021 16:48,12.062
1,7/29/2021,16:48,7/29/2021 16:48,11.812
1,7/30/2021,16:48,7/30/2021 16:48,10.938
1,7/31/2021,16:48,7/31/2021 16:48,10.812
1,8/1/2021,16:48,8/1/2021 16:48,11.25
1,8/2/2021,16:48,8/2/2021 16:48,11.375
1,8/3/2021,16:48,8/3/2021 16:48,11.25
1,8/4/2021,16:48,8/4/2021 16:48,11.375
1,8/5/2021,16:48,8/5/2021 16:48,10.312
1,8/6/2021,16:48,8/6/2021 16:48,10.938
1,8/7/2021,16:48,8/7/2021 16:48,11.312
1,8/8/2021,16:48,8/8/2021 16:48,11.438
1,8/9/2021,16:48,8/9/2021 16:48,11.375
1,8/10/2021,16:48,8/10/2021 16:48,11.375
1,8/11/2021,16:48,8/11/2021 16:48,11.438
1,8/12/2021,16:48,8/12/2021 16:48,11.688
1,7/22/2021,17:00,7/22/2021 17:00,5.688
1,7/23/2021,17:00,7/23/2021 17:00,11.688
1,7/24/2021,17:00,7/24/2021 17:00,13.75
1,7/25/2021,17:00,7/25/2021 17:00,19.625
1,7/26/2021,17:00,7/26/2021 17:00,19.625
1,7/27/2021,17:00,7/27/2021 17:00,14.375
1,7/28/2021,17:00,7/28/2021 17:00,11.812
1,7/29/2021,17:00,7/29/2021 17:00,12
1,7/30/2021,17:00,7/30/2021 17:00,10.875
1,7/31/2021,17:00,7/31/2021 17:00,10.812
1,8/1/2021,17:00,8/1/2021 17:00,11.25
1,8/2/2021,17:00,8/2/2021 17:00,11.312
1,8/3/2021,17:00,8/3/2021 17:00,11.25
1,8/4/2021,17:00,8/4/2021 17:00,11.375
1,8/5/2021,17:00,8/5/2021 17:00,10.312
1,8/6/2021,17:00,8/6/2021 17:00,10.938
1,8/7/2021,17:00,8/7/2021 17:00,11.438
1,8/8/2021,17:00,8/8/2021 17:00,11.562
1,8/9/2021,17:00,8/9/2021 17:00,12.312
1,8/10/2021,17:00,8/10/2021 17:00,11.312
1,8/11/2021,17:00,8/11/2021 17:00,11.375
1,7/22/2021,17:12,7/22/2021 17:12,6.562
1,7/23/2021,17:12,7/23/2021 17:12,11.312
1,7/24/2021,17:12,7/24/2021 17:12,14.875
1,7/25/2021,17:12,7/25/2021 17:12,19.688
1,7/26/2021,17:12,7/26/2021 17:12,19.625
1,7/27/2021,17:12,7/27/2021 17:12,13.438
1,7/28/2021,17:12,7/28/2021 17:12,11.812
1,7/29/2021,17:12,7/29/2021 17:12,11.938
1,7/30/2021,17:12,7/30/2021 17:12,10.938
1,7/31/2021,17:12,7/31/2021 17:12,10.875
1,8/1/2021,17:12,8/1/2021 17:12,11.188
1,8/2/2021,17:12,8/2/2021 17:12,11.312
1,8/3/2021,17:12,8/3/2021 17:12,11.25
1,8/4/2021,17:12,8/4/2021 17:12,11.375
1,8/5/2021,17:12,8/5/2021 17:12,10.312
1,8/6/2021,17:12,8/6/2021 17:12,10.938
1,8/7/2021,17:12,8/7/2021 17:12,11.5
1,8/8/2021,17:12,8/8/2021 17:12,11.75
1,8/9/2021,17:12,8/9/2021 17:12,11.438
1,8/10/2021,17:12,8/10/2021 17:12,11.25
1,8/11/2021,17:12,8/11/2021 17:12,11.438
1,7/22/2021,17:24,7/22/2021 17:24,7.438
1,7/23/2021,17:24,7/23/2021 17:24,10.875
1,7/24/2021,17:24,7/24/2021 17:24,16.25
1,7/25/2021,17:24,7/25/2021 17:24,19.562
1,7/26/2021,17:24,7/26/2021 17:24,19.625
1,7/27/2021,17:24,7/27/2021 17:24,14.25
1,7/28/2021,17:24,7/28/2021 17:24,11.688
1,7/29/2021,17:24,7/29/2021 17:24,11.75
1,7/30/2021,17:24,7/30/2021 17:24,10.938
1,7/31/2021,17:24,7/31/2021 17:24,10.938
1,8/1/2021,17:24,8/1/2021 17:24,11.188
1,8/2/2021,17:24,8/2/2021 17:24,11.25
1,8/3/2021,17:24,8/3/2021 17:24,11.25
1,8/4/2021,17:24,8/4/2021 17:24,11.312
1,8/5/2021,17:24,8/5/2021 17:24,10.25
1,8/6/2021,17:24,8/6/2021 17:24,10.938
1,8/7/2021,17:24,8/7/2021 17:24,11.562
1,8/8/2021,17:24,8/8/2021 17:24,12.062
1,8/9/2021,17:24,8/9/2021 17:24,11.188
1,8/10/2021,17:24,8/10/2021 17:24,11.25
1,8/11/2021,17:24,8/11/2021 17:24,11.375
1,7/22/2021,17:36,7/22/2021 17:36,8.25
1,7/23/2021,17:36,7/23/2021 17:36,10.812
1,7/24/2021,17:36,7/24/2021 17:36,17.125
1,7/25/2021,17:36,7/25/2021 17:36,19.688
1,7/26/2021,17:36,7/26/2021 17:36,19.25
1,7/27/2021,17:36,7/27/2021 17:36,13.562
1,7/28/2021,17:36,7/28/2021 17:36,11.75
1,7/29/2021,17:36,7/29/2021 17:36,11.625
1,7/30/2021,17:36,7/30/2021 17:36,10.875
1,7/31/2021,17:36,7/31/2021 17:36,10.938
1,8/1/2021,17:36,8/1/2021 17:36,11.188
1,8/2/2021,17:36,8/2/2021 17:36,11.188
1,8/3/2021,17:36,8/3/2021 17:36,11.25
1,8/4/2021,17:36,8/4/2021 17:36,11.25
1,8/5/2021,17:36,8/5/2021 17:36,10.25
1,8/6/2021,17:36,8/6/2021 17:36,10.938
1,8/7/2021,17:36,8/7/2021 17:36,11.75
1,8/8/2021,17:36,8/8/2021 17:36,12.188
1,8/9/2021,17:36,8/9/2021 17:36,11.312
1,8/10/2021,17:36,8/10/2021 17:36,11.188
1,8/11/2021,17:36,8/11/2021 17:36,11.375
1,7/22/2021,17:48,7/22/2021 17:48,9.062
1,7/23/2021,17:48,7/23/2021 17:48,11.25
1,7/24/2021,17:48,7/24/2021 17:48,16.625
1,7/25/2021,17:48,7/25/2021 17:48,19.188
1,7/26/2021,17:48,7/26/2021 17:48,19.188
1,7/27/2021,17:48,7/27/2021 17:48,13.062
1,7/28/2021,17:48,7/28/2021 17:48,11.812
1,7/29/2021,17:48,7/29/2021 17:48,11.812
1,7/30/2021,17:48,7/30/2021 17:48,10.875
1,7/31/2021,17:48,7/31/2021 17:48,11
1,8/1/2021,17:48,8/1/2021 17:48,11.188
1,8/2/2021,17:48,8/2/2021 17:48,11.188
1,8/3/2021,17:48,8/3/2021 17:48,11.25
1,8/4/2021,17:48,8/4/2021 17:48,11.25
1,8/5/2021,17:48,8/5/2021 17:48,10.312
1,8/6/2021,17:48,8/6/2021 17:48,10.938
1,8/7/2021,17:48,8/7/2021 17:48,11.875
1,8/8/2021,17:48,8/8/2021 17:48,12
1,8/9/2021,17:48,8/9/2021 17:48,11.188
1,8/10/2021,17:48,8/10/2021 17:48,11.188
1,8/11/2021,17:48,8/11/2021 17:48,11.375
1,7/22/2021,18:00,7/22/2021 18:00,9.75
1,7/23/2021,18:00,7/23/2021 18:00,11.188
1,7/24/2021,18:00,7/24/2021 18:00,15.938
1,7/25/2021,18:00,7/25/2021 18:00,18.375
1,7/26/2021,18:00,7/26/2021 18:00,19.062
1,7/27/2021,18:00,7/27/2021 18:00,11.938
1,7/28/2021,18:00,7/28/2021 18:00,11.625
1,7/29/2021,18:00,7/29/2021 18:00,12
1,7/30/2021,18:00,7/30/2021 18:00,10.812
1,7/31/2021,18:00,7/31/2021 18:00,11
1,8/1/2021,18:00,8/1/2021 18:00,11.125
1,8/2/2021,18:00,8/2/2021 18:00,11.188
1,8/3/2021,18:00,8/3/2021 18:00,11.25
1,8/4/2021,18:00,8/4/2021 18:00,11.25
1,8/5/2021,18:00,8/5/2021 18:00,10.25
1,8/6/2021,18:00,8/6/2021 18:00,11
1,8/7/2021,18:00,8/7/2021 18:00,11.75
1,8/8/2021,18:00,8/8/2021 18:00,11.688
1,8/9/2021,18:00,8/9/2021 18:00,11.062
1,8/10/2021,18:00,8/10/2021 18:00,11.188
1,8/11/2021,18:00,8/11/2021 18:00,11.312
1,7/22/2021,18:12,7/22/2021 18:12,10.438
1,7/23/2021,18:12,7/23/2021 18:12,12.188
1,7/24/2021,18:12,7/24/2021 18:12,18.438
1,7/25/2021,18:12,7/25/2021 18:12,19
1,7/26/2021,18:12,7/26/2021 18:12,19.062
1,7/27/2021,18:12,7/27/2021 18:12,12.25
1,7/28/2021,18:12,7/28/2021 18:12,11.5
1,7/29/2021,18:12,7/29/2021 18:12,12.188
1,7/30/2021,18:12,7/30/2021 18:12,10.812
1,7/31/2021,18:12,7/31/2021 18:12,11
1,8/1/2021,18:12,8/1/2021 18:12,11.125
1,8/2/2021,18:12,8/2/2021 18:12,11.188
1,8/3/2021,18:12,8/3/2021 18:12,11.188
1,8/4/2021,18:12,8/4/2021 18:12,11.25
1,8/5/2021,18:12,8/5/2021 18:12,10.25
1,8/6/2021,18:12,8/6/2021 18:12,11
1,8/7/2021,18:12,8/7/2021 18:12,11.625
1,8/8/2021,18:12,8/8/2021 18:12,11.5
1,8/9/2021,18:12,8/9/2021 18:12,11
1,8/10/2021,18:12,8/10/2021 18:12,11.125
1,8/11/2021,18:12,8/11/2021 18:12,11.375
1,7/22/2021,18:24,7/22/2021 18:24,11.062
1,7/23/2021,18:24,7/23/2021 18:24,11.875
1,7/24/2021,18:24,7/24/2021 18:24,16.812
1,7/25/2021,18:24,7/25/2021 18:24,19.25
1,7/26/2021,18:24,7/26/2021 18:24,19.375
1,7/27/2021,18:24,7/27/2021 18:24,12.062
1,7/28/2021,18:24,7/28/2021 18:24,11.5
1,7/29/2021,18:24,7/29/2021 18:24,12.188
1,7/30/2021,18:24,7/30/2021 18:24,10.875
1,7/31/2021,18:24,7/31/2021 18:24,11.062
1,8/1/2021,18:24,8/1/2021 18:24,11.062
1,8/2/2021,18:24,8/2/2021 18:24,11.125
1,8/3/2021,18:24,8/3/2021 18:24,11.188
1,8/4/2021,18:24,8/4/2021 18:24,11.188
1,8/5/2021,18:24,8/5/2021 18:24,10.25
1,8/6/2021,18:24,8/6/2021 18:24,11.062
1,8/7/2021,18:24,8/7/2021 18:24,11.562
1,8/8/2021,18:24,8/8/2021 18:24,12.25
1,8/9/2021,18:24,8/9/2021 18:24,10.938
1,8/10/2021,18:24,8/10/2021 18:24,11.125
1,8/11/2021,18:24,8/11/2021 18:24,11.312
1,7/22/2021,18:36,7/22/2021 18:36,11.688
1,7/23/2021,18:36,7/23/2021 18:36,11.5
1,7/24/2021,18:36,7/24/2021 18:36,16.688
1,7/25/2021,18:36,7/25/2021 18:36,19.125
1,7/26/2021,18:36,7/26/2021 18:36,19.438
1,7/27/2021,18:36,7/27/2021 18:36,11.688
1,7/28/2021,18:36,7/28/2021 18:36,11.625
1,7/29/2021,18:36,7/29/2021 18:36,12.062
1,7/30/2021,18:36,7/30/2021 18:36,10.812
1,7/31/2021,18:36,7/31/2021 18:36,11.062
1,8/1/2021,18:36,8/1/2021 18:36,11.062
1,8/2/2021,18:36,8/2/2021 18:36,11.125
1,8/3/2021,18:36,8/3/2021 18:36,11.188
1,8/4/2021,18:36,8/4/2021 18:36,11.125
1,8/5/2021,18:36,8/5/2021 18:36,10.188
1,8/6/2021,18:36,8/6/2021 18:36,11.125
1,8/7/2021,18:36,8/7/2021 18:36,11.5
1,8/8/2021,18:36,8/8/2021 18:36,12
1,8/9/2021,18:36,8/9/2021 18:36,12.062
1,8/10/2021,18:36,8/10/2021 18:36,11.062
1,8/11/2021,18:36,8/11/2021 18:36,11.375
1,7/22/2021,18:48,7/22/2021 18:48,15.062
1,7/23/2021,18:48,7/23/2021 18:48,10.875
1,7/24/2021,18:48,7/24/2021 18:48,18.5
1,7/25/2021,18:48,7/25/2021 18:48,19
1,7/26/2021,18:48,7/26/2021 18:48,19.375
1,7/27/2021,18:48,7/27/2021 18:48,12.5
1,7/28/2021,18:48,7/28/2021 18:48,11.562
1,7/29/2021,18:48,7/29/2021 18:48,11.938
1,7/30/2021,18:48,7/30/2021 18:48,10.875
1,7/31/2021,18:48,7/31/2021 18:48,11.062
1,8/1/2021,18:48,8/1/2021 18:48,11.062
1,8/2/2021,18:48,8/2/2021 18:48,11.062
1,8/3/2021,18:48,8/3/2021 18:48,11.125
1,8/4/2021,18:48,8/4/2021 18:48,11.125
1,8/5/2021,18:48,8/5/2021 18:48,10.188
1,8/6/2021,18:48,8/6/2021 18:48,11.188
1,8/7/2021,18:48,8/7/2021 18:48,11.438
1,8/8/2021,18:48,8/8/2021 18:48,11.688
1,8/9/2021,18:48,8/9/2021 18:48,11.062
1,8/10/2021,18:48,8/10/2021 18:48,11.062
1,8/11/2021,18:48,8/11/2021 18:48,11.188
1,7/22/2021,19:00,7/22/2021 19:00,20.75
1,7/23/2021,19:00,7/23/2021 19:00,11.625
1,7/24/2021,19:00,7/24/2021 19:00,18.5
1,7/25/2021,19:00,7/25/2021 19:00,18.938
1,7/26/2021,19:00,7/26/2021 19:00,19.312
1,7/27/2021,19:00,7/27/2021 19:00,12.312
1,7/28/2021,19:00,7/28/2021 19:00,11.5
1,7/29/2021,19:00,7/29/2021 19:00,11.625
1,7/30/2021,19:00,7/30/2021 19:00,10.875
1,7/31/2021,19:00,7/31/2021 19:00,11.062
1,8/1/2021,19:00,8/1/2021 19:00,11
1,8/2/2021,19:00,8/2/2021 19:00,11
1,8/3/2021,19:00,8/3/2021 19:00,11.125
1,8/4/2021,19:00,8/4/2021 19:00,11.062
1,8/5/2021,19:00,8/5/2021 19:00,10.188
1,8/6/2021,19:00,8/6/2021 19:00,11.188
1,8/7/2021,19:00,8/7/2021 19:00,11.375
1,8/8/2021,19:00,8/8/2021 19:00,11.375
1,8/9/2021,19:00,8/9/2021 19:00,11
1,8/10/2021,19:00,8/10/2021 19:00,11.188
1,8/11/2021,19:00,8/11/2021 19:00,11.125
1,7/22/2021,19:12,7/22/2021 19:12,22.25
1,7/23/2021,19:12,7/23/2021 19:12,11.875
1,7/24/2021,19:12,7/24/2021 19:12,18.875
1,7/25/2021,19:12,7/25/2021 19:12,18.875
1,7/26/2021,19:12,7/26/2021 19:12,19.188
1,7/27/2021,19:12,7/27/2021 19:12,12
1,7/28/2021,19:12,7/28/2021 19:12,11.438
1,7/29/2021,19:12,7/29/2021 19:12,12
1,7/30/2021,19:12,7/30/2021 19:12,10.875
1,7/31/2021,19:12,7/31/2021 19:12,11.062
1,8/1/2021,19:12,8/1/2021 19:12,11
1,8/2/2021,19:12,8/2/2021 19:12,11.062
1,8/3/2021,19:12,8/3/2021 19:12,11.125
1,8/4/2021,19:12,8/4/2021 19:12,11
1,8/5/2021,19:12,8/5/2021 19:12,10.188
1,8/6/2021,19:12,8/6/2021 19:12,11.188
1,8/7/2021,19:12,8/7/2021 19:12,11.312
1,8/8/2021,19:12,8/8/2021 19:12,12.812
1,8/9/2021,19:12,8/9/2021 19:12,11.125
1,8/10/2021,19:12,8/10/2021 19:12,11.375
1,8/11/2021,19:12,8/11/2021 19:12,11.062
1,7/22/2021,19:24,7/22/2021 19:24,22.25
1,7/23/2021,19:24,7/23/2021 19:24,11.625
1,7/24/2021,19:24,7/24/2021 19:24,18.375
1,7/25/2021,19:24,7/25/2021 19:24,18.812
1,7/26/2021,19:24,7/26/2021 19:24,19.25
1,7/27/2021,19:24,7/27/2021 19:24,11.812
1,7/28/2021,19:24,7/28/2021 19:24,11.562
1,7/29/2021,19:24,7/29/2021 19:24,11.938
1,7/30/2021,19:24,7/30/2021 19:24,10.812
1,7/31/2021,19:24,7/31/2021 19:24,11
1,8/1/2021,19:24,8/1/2021 19:24,11
1,8/2/2021,19:24,8/2/2021 19:24,11
1,8/3/2021,19:24,8/3/2021 19:24,11.062
1,8/4/2021,19:24,8/4/2021 19:24,10.938
1,8/5/2021,19:24,8/5/2021 19:24,10.188
1,8/6/2021,19:24,8/6/2021 19:24,11.25
1,8/7/2021,19:24,8/7/2021 19:24,11.25
1,8/8/2021,19:24,8/8/2021 19:24,11.125
1,8/9/2021,19:24,8/9/2021 19:24,11.062
1,8/10/2021,19:24,8/10/2021 19:24,11.25
1,8/11/2021,19:24,8/11/2021 19:24,11.125
1,7/22/2021,19:36,7/22/2021 19:36,23.938
1,7/23/2021,19:36,7/23/2021 19:36,10.875
1,7/24/2021,19:36,7/24/2021 19:36,18.438
1,7/25/2021,19:36,7/25/2021 19:36,18.75
1,7/26/2021,19:36,7/26/2021 19:36,19
1,7/27/2021,19:36,7/27/2021 19:36,11.875
1,7/28/2021,19:36,7/28/2021 19:36,12
1,7/29/2021,19:36,7/29/2021 19:36,11.625
1,7/30/2021,19:36,7/30/2021 19:36,10.812
1,7/31/2021,19:36,7/31/2021 19:36,11
1,8/1/2021,19:36,8/1/2021 19:36,10.938
1,8/2/2021,19:36,8/2/2021 19:36,11
1,8/3/2021,19:36,8/3/2021 19:36,11.062
1,8/4/2021,19:36,8/4/2021 19:36,10.875
1,8/5/2021,19:36,8/5/2021 19:36,10.125
1,8/6/2021,19:36,8/6/2021 19:36,11.25
1,8/7/2021,19:36,8/7/2021 19:36,11.188
1,8/8/2021,19:36,8/8/2021 19:36,11.188
1,8/9/2021,19:36,8/9/2021 19:36,10.938
1,8/10/2021,19:36,8/10/2021 19:36,11.125
1,8/11/2021,19:36,8/11/2021 19:36,11.125
1,7/22/2021,19:48,7/22/2021 19:48,25.125
1,7/23/2021,19:48,7/23/2021 19:48,11.25
1,7/24/2021,19:48,7/24/2021 19:48,18.188
1,7/25/2021,19:48,7/25/2021 19:48,18.625
1,7/26/2021,19:48,7/26/2021 19:48,18.75
1,7/27/2021,19:48,7/27/2021 19:48,12.062
1,7/28/2021,19:48,7/28/2021 19:48,11.812
1,7/29/2021,19:48,7/29/2021 19:48,11.625
1,7/30/2021,19:48,7/30/2021 19:48,10.812
1,7/31/2021,19:48,7/31/2021 19:48,10.938
1,8/1/2021,19:48,8/1/2021 19:48,10.875
1,8/2/2021,19:48,8/2/2021 19:48,10.938
1,8/3/2021,19:48,8/3/2021 19:48,11
1,8/4/2021,19:48,8/4/2021 19:48,10.812
1,8/5/2021,19:48,8/5/2021 19:48,10.188
1,8/6/2021,19:48,8/6/2021 19:48,11.312
1,8/7/2021,19:48,8/7/2021 19:48,11.125
1,8/8/2021,19:48,8/8/2021 19:48,11.875
1,8/9/2021,19:48,8/9/2021 19:48,11
1,8/10/2021,19:48,8/10/2021 19:48,11.062
1,8/11/2021,19:48,8/11/2021 19:48,11.062
1,7/22/2021,20:00,7/22/2021 20:00,25.562
1,7/23/2021,20:00,7/23/2021 20:00,11.188
1,7/24/2021,20:00,7/24/2021 20:00,18.125
1,7/25/2021,20:00,7/25/2021 20:00,18.625
1,7/26/2021,20:00,7/26/2021 20:00,18.812
1,7/27/2021,20:00,7/27/2021 20:00,11.812
1,7/28/2021,20:00,7/28/2021 20:00,12.062
1,7/29/2021,20:00,7/29/2021 20:00,11.688
1,7/30/2021,20:00,7/30/2021 20:00,10.75
1,7/31/2021,20:00,7/31/2021 20:00,10.938
1,8/1/2021,20:00,8/1/2021 20:00,10.938
1,8/2/2021,20:00,8/2/2021 20:00,10.938
1,8/3/2021,20:00,8/3/2021 20:00,10.938
1,8/4/2021,20:00,8/4/2021 20:00,10.812
1,8/5/2021,20:00,8/5/2021 20:00,10.188
1,8/6/2021,20:00,8/6/2021 20:00,11.312
1,8/7/2021,20:00,8/7/2021 20:00,11.062
1,8/8/2021,20:00,8/8/2021 20:00,13.312
1,8/9/2021,20:00,8/9/2021 20:00,11
1,8/10/2021,20:00,8/10/2021 20:00,11.062
1,8/11/2021,20:00,8/11/2021 20:00,11.125
1,7/22/2021,20:12,7/22/2021 20:12,25.562
1,7/23/2021,20:12,7/23/2021 20:12,12.75
1,7/24/2021,20:12,7/24/2021 20:12,18.062
1,7/25/2021,20:12,7/25/2021 20:12,18.75
1,7/26/2021,20:12,7/26/2021 20:12,18.875
1,7/27/2021,20:12,7/27/2021 20:12,11.812
1,7/28/2021,20:12,7/28/2021 20:12,12.812
1,7/29/2021,20:12,7/29/2021 20:12,11.562
1,7/30/2021,20:12,7/30/2021 20:12,10.75
1,7/31/2021,20:12,7/31/2021 20:12,10.875
1,8/1/2021,20:12,8/1/2021 20:12,10.812
1,8/2/2021,20:12,8/2/2021 20:12,10.938
1,8/3/2021,20:12,8/3/2021 20:12,10.938
1,8/4/2021,20:12,8/4/2021 20:12,10.75
1,8/5/2021,20:12,8/5/2021 20:12,10.188
1,8/6/2021,20:12,8/6/2021 20:12,11.25
1,8/7/2021,20:12,8/7/2021 20:12,11.125
1,8/8/2021,20:12,8/8/2021 20:12,13.625
1,8/9/2021,20:12,8/9/2021 20:12,10.938
1,8/10/2021,20:12,8/10/2021 20:12,11.062
1,8/11/2021,20:12,8/11/2021 20:12,11
1,7/22/2021,20:24,7/22/2021 20:24,25.312
1,7/23/2021,20:24,7/23/2021 20:24,11.438
1,7/24/2021,20:24,7/24/2021 20:24,18.312
1,7/25/2021,20:24,7/25/2021 20:24,18.438
1,7/26/2021,20:24,7/26/2021 20:24,18.688
1,7/27/2021,20:24,7/27/2021 20:24,12.062
1,7/28/2021,20:24,7/28/2021 20:24,12.125
1,7/29/2021,20:24,7/29/2021 20:24,11.75
1,7/30/2021,20:24,7/30/2021 20:24,10.688
1,7/31/2021,20:24,7/31/2021 20:24,10.875
1,8/1/2021,20:24,8/1/2021 20:24,10.812
1,8/2/2021,20:24,8/2/2021 20:24,10.875
1,8/3/2021,20:24,8/3/2021 20:24,10.875
1,8/4/2021,20:24,8/4/2021 20:24,10.688
1,8/5/2021,20:24,8/5/2021 20:24,10.188
1,8/6/2021,20:24,8/6/2021 20:24,11.188
1,8/7/2021,20:24,8/7/2021 20:24,11.125
1,8/8/2021,20:24,8/8/2021 20:24,13.812
1,8/9/2021,20:24,8/9/2021 20:24,10.875
1,8/10/2021,20:24,8/10/2021 20:24,11.062
1,8/11/2021,20:24,8/11/2021 20:24,10.938
1,7/22/2021,20:36,7/22/2021 20:36,24.875
1,7/23/2021,20:36,7/23/2021 20:36,11.625
1,7/24/2021,20:36,7/24/2021 20:36,17.938
1,7/25/2021,20:36,7/25/2021 20:36,18.562
1,7/26/2021,20:36,7/26/2021 20:36,18.688
1,7/27/2021,20:36,7/27/2021 20:36,12
1,7/28/2021,20:36,7/28/2021 20:36,11.688
1,7/29/2021,20:36,7/29/2021 20:36,12.688
1,7/30/2021,20:36,7/30/2021 20:36,10.688
1,7/31/2021,20:36,7/31/2021 20:36,10.812
1,8/1/2021,20:36,8/1/2021 20:36,10.75
1,8/2/2021,20:36,8/2/2021 20:36,10.875
1,8/3/2021,20:36,8/3/2021 20:36,10.875
1,8/4/2021,20:36,8/4/2021 20:36,10.688
1,8/5/2021,20:36,8/5/2021 20:36,10.188
1,8/6/2021,20:36,8/6/2021 20:36,11.188
1,8/7/2021,20:36,8/7/2021 20:36,11.125
1,8/8/2021,20:36,8/8/2021 20:36,14.312
1,8/9/2021,20:36,8/9/2021 20:36,11.062
1,8/10/2021,20:36,8/10/2021 20:36,11
1,8/11/2021,20:36,8/11/2021 20:36,11
1,7/22/2021,20:48,7/22/2021 20:48,24.438
1,7/23/2021,20:48,7/23/2021 20:48,11.75
1,7/24/2021,20:48,7/24/2021 20:48,17.875
1,7/25/2021,20:48,7/25/2021 20:48,18.25
1,7/26/2021,20:48,7/26/2021 20:48,18.5
1,7/27/2021,20:48,7/27/2021 20:48,12.125
1,7/28/2021,20:48,7/28/2021 20:48,11.562
1,7/29/2021,20:48,7/29/2021 20:48,11.688
1,7/30/2021,20:48,7/30/2021 20:48,10.688
1,7/31/2021,20:48,7/31/2021 20:48,10.812
1,8/1/2021,20:48,8/1/2021 20:48,10.75
1,8/2/2021,20:48,8/2/2021 20:48,10.875
1,8/3/2021,20:48,8/3/2021 20:48,10.812
1,8/4/2021,20:48,8/4/2021 20:48,10.688
1,8/5/2021,20:48,8/5/2021 20:48,10.125
1,8/6/2021,20:48,8/6/2021 20:48,11.125
1,8/7/2021,20:48,8/7/2021 20:48,11.062
1,8/8/2021,20:48,8/8/2021 20:48,13.625
1,8/9/2021,20:48,8/9/2021 20:48,11.688
1,8/10/2021,20:48,8/10/2021 20:48,10.938
1,8/11/2021,20:48,8/11/2021 20:48,10.938
1,7/22/2021,21:00,7/22/2021 21:00,23.875
1,7/23/2021,21:00,7/23/2021 21:00,11.5
1,7/24/2021,21:00,7/24/2021 21:00,18
1,7/25/2021,21:00,7/25/2021 21:00,18.562
1,7/26/2021,21:00,7/26/2021 21:00,18.5
1,7/27/2021,21:00,7/27/2021 21:00,12.938
1,7/28/2021,21:00,7/28/2021 21:00,11.375
1,7/29/2021,21:00,7/29/2021 21:00,11.375
1,7/30/2021,21:00,7/30/2021 21:00,10.562
1,7/31/2021,21:00,7/31/2021 21:00,10.812
1,8/1/2021,21:00,8/1/2021 21:00,10.688
1,8/2/2021,21:00,8/2/2021 21:00,10.812
1,8/3/2021,21:00,8/3/2021 21:00,10.812
1,8/4/2021,21:00,8/4/2021 21:00,10.625
1,8/5/2021,21:00,8/5/2021 21:00,10.125
1,8/6/2021,21:00,8/6/2021 21:00,11.188
1,8/7/2021,21:00,8/7/2021 21:00,11.062
1,8/8/2021,21:00,8/8/2021 21:00,14.5
1,8/9/2021,21:00,8/9/2021 21:00,12.812
1,8/10/2021,21:00,8/10/2021 21:00,10.875
1,8/11/2021,21:00,8/11/2021 21:00,10.75
1,7/22/2021,21:12,7/22/2021 21:12,23.312
1,7/23/2021,21:12,7/23/2021 21:12,13.312
1,7/24/2021,21:12,7/24/2021 21:12,18.438
1,7/25/2021,21:12,7/25/2021 21:12,18.688
1,7/26/2021,21:12,7/26/2021 21:12,18.375
1,7/27/2021,21:12,7/27/2021 21:12,13.938
1,7/28/2021,21:12,7/28/2021 21:12,10.938
1,7/29/2021,21:12,7/29/2021 21:12,11.625
1,7/30/2021,21:12,7/30/2021 21:12,10.438
1,7/31/2021,21:12,7/31/2021 21:12,10.75
1,8/1/2021,21:12,8/1/2021 21:12,10.625
1,8/2/2021,21:12,8/2/2021 21:12,10.812
1,8/3/2021,21:12,8/3/2021 21:12,10.75
1,8/4/2021,21:12,8/4/2021 21:12,10.562
1,8/5/2021,21:12,8/5/2021 21:12,10.062
1,8/6/2021,21:12,8/6/2021 21:12,11.125
1,8/7/2021,21:12,8/7/2021 21:12,11
1,8/8/2021,21:12,8/8/2021 21:12,13.812
1,8/9/2021,21:12,8/9/2021 21:12,13.312
1,8/10/2021,21:12,8/10/2021 21:12,10.938
1,8/11/2021,21:12,8/11/2021 21:12,10.938
1,7/22/2021,21:24,7/22/2021 21:24,22.75
1,7/23/2021,21:24,7/23/2021 21:24,12.812
1,7/24/2021,21:24,7/24/2021 21:24,18.375
1,7/25/2021,21:24,7/25/2021 21:24,18.625
1,7/26/2021,21:24,7/26/2021 21:24,17
1,7/27/2021,21:24,7/27/2021 21:24,14.812
1,7/28/2021,21:24,7/28/2021 21:24,14.438
1,7/29/2021,21:24,7/29/2021 21:24,11.625
1,7/30/2021,21:24,7/30/2021 21:24,10.875
1,7/31/2021,21:24,7/31/2021 21:24,10.938
1,8/1/2021,21:24,8/1/2021 21:24,10.625
1,8/2/2021,21:24,8/2/2021 21:24,10.75
1,8/3/2021,21:24,8/3/2021 21:24,10.75
1,8/4/2021,21:24,8/4/2021 21:24,10.562
1,8/5/2021,21:24,8/5/2021 21:24,10.125
1,8/6/2021,21:24,8/6/2021 21:24,10.938
1,8/7/2021,21:24,8/7/2021 21:24,10.812
1,8/8/2021,21:24,8/8/2021 21:24,14.562
1,8/9/2021,21:24,8/9/2021 21:24,12.688
1,8/10/2021,21:24,8/10/2021 21:24,10.75
1,8/11/2021,21:24,8/11/2021 21:24,10.875
1,7/22/2021,21:36,7/22/2021 21:36,22.188
1,7/23/2021,21:36,7/23/2021 21:36,13.125
1,7/24/2021,21:36,7/24/2021 21:36,18.438
1,7/25/2021,21:36,7/25/2021 21:36,18.562
1,7/26/2021,21:36,7/26/2021 21:36,16
1,7/27/2021,21:36,7/27/2021 21:36,14.75
1,7/28/2021,21:36,7/28/2021 21:36,14.875
1,7/29/2021,21:36,7/29/2021 21:36,12.812
1,7/30/2021,21:36,7/30/2021 21:36,11.125
1,7/31/2021,21:36,7/31/2021 21:36,11.188
1,8/1/2021,21:36,8/1/2021 21:36,10.5
1,8/2/2021,21:36,8/2/2021 21:36,10.75
1,8/3/2021,21:36,8/3/2021 21:36,10.688
1,8/4/2021,21:36,8/4/2021 21:36,10.562
1,8/5/2021,21:36,8/5/2021 21:36,10.125
1,8/6/2021,21:36,8/6/2021 21:36,10.875
1,8/7/2021,21:36,8/7/2021 21:36,10.688
1,8/8/2021,21:36,8/8/2021 21:36,13.062
1,8/9/2021,21:36,8/9/2021 21:36,13.312
1,8/10/2021,21:36,8/10/2021 21:36,10.75
1,8/11/2021,21:36,8/11/2021 21:36,11.188
1,7/22/2021,21:48,7/22/2021 21:48,21.688
1,7/23/2021,21:48,7/23/2021 21:48,11.75
1,7/24/2021,21:48,7/24/2021 21:48,18.25
1,7/25/2021,21:48,7/25/2021 21:48,18.5
1,7/26/2021,21:48,7/26/2021 21:48,15.938
1,7/27/2021,21:48,7/27/2021 21:48,13.312
1,7/28/2021,21:48,7/28/2021 21:48,14.312
1,7/29/2021,21:48,7/29/2021 21:48,14.75
1,7/30/2021,21:48,7/30/2021 21:48,11.125
1,7/31/2021,21:48,7/31/2021 21:48,11.062
1,8/1/2021,21:48,8/1/2021 21:48,10.438
1,8/2/2021,21:48,8/2/2021 21:48,10.75
1,8/3/2021,21:48,8/3/2021 21:48,10.688
1,8/4/2021,21:48,8/4/2021 21:48,10.562
1,8/5/2021,21:48,8/5/2021 21:48,10.062
1,8/6/2021,21:48,8/6/2021 21:48,10.875
1,8/7/2021,21:48,8/7/2021 21:48,10.75
1,8/8/2021,21:48,8/8/2021 21:48,12.25
1,8/9/2021,21:48,8/9/2021 21:48,13
1,8/10/2021,21:48,8/10/2021 21:48,10.688
1,8/11/2021,21:48,8/11/2021 21:48,11.688
1,7/22/2021,22:00,7/22/2021 22:00,21.188
1,7/23/2021,22:00,7/23/2021 22:00,15.062
1,7/24/2021,22:00,7/24/2021 22:00,18.25
1,7/25/2021,22:00,7/25/2021 22:00,18.438
1,7/26/2021,22:00,7/26/2021 22:00,16.312
1,7/27/2021,22:00,7/27/2021 22:00,14.312
1,7/28/2021,22:00,7/28/2021 22:00,14.375
1,7/29/2021,22:00,7/29/2021 22:00,15.625
1,7/30/2021,22:00,7/30/2021 22:00,11.062
1,7/31/2021,22:00,7/31/2021 22:00,10.812
1,8/1/2021,22:00,8/1/2021 22:00,10.5
1,8/2/2021,22:00,8/2/2021 22:00,10.625
1,8/3/2021,22:00,8/3/2021 22:00,10.688
1,8/4/2021,22:00,8/4/2021 22:00,10.562
1,8/5/2021,22:00,8/5/2021 22:00,10.062
1,8/6/2021,22:00,8/6/2021 22:00,10.812
1,8/7/2021,22:00,8/7/2021 22:00,10.812
1,8/8/2021,22:00,8/8/2021 22:00,13.5
1,8/9/2021,22:00,8/9/2021 22:00,13.562
1,8/10/2021,22:00,8/10/2021 22:00,10.75
1,8/11/2021,22:00,8/11/2021 22:00,11
1,7/22/2021,22:12,7/22/2021 22:12,20.688
1,7/23/2021,22:12,7/23/2021 22:12,11.312
1,7/24/2021,22:12,7/24/2021 22:12,18.125
1,7/25/2021,22:12,7/25/2021 22:12,18.25
1,7/26/2021,22:12,7/26/2021 22:12,17.938
1,7/27/2021,22:12,7/27/2021 22:12,13.375
1,7/28/2021,22:12,7/28/2021 22:12,14.125
1,7/29/2021,22:12,7/29/2021 22:12,15.625
1,7/30/2021,22:12,7/30/2021 22:12,11.062
1,7/31/2021,22:12,7/31/2021 22:12,10.938
1,8/1/2021,22:12,8/1/2021 22:12,10.438
1,8/2/2021,22:12,8/2/2021 22:12,10.562
1,8/3/2021,22:12,8/3/2021 22:12,10.625
1,8/4/2021,22:12,8/4/2021 22:12,10.5
1,8/5/2021,22:12,8/5/2021 22:12,10.125
1,8/6/2021,22:12,8/6/2021 22:12,10.75
1,8/7/2021,22:12,8/7/2021 22:12,10.75
1,8/8/2021,22:12,8/8/2021 22:12,13.375
1,8/9/2021,22:12,8/9/2021 22:12,13.25
1,8/10/2021,22:12,8/10/2021 22:12,10.75
1,8/11/2021,22:12,8/11/2021 22:12,11.562
1,7/22/2021,22:24,7/22/2021 22:24,20.25
1,7/23/2021,22:24,7/23/2021 22:24,14.25
1,7/24/2021,22:24,7/24/2021 22:24,18.062
1,7/25/2021,22:24,7/25/2021 22:24,18.188
1,7/26/2021,22:24,7/26/2021 22:24,18
1,7/27/2021,22:24,7/27/2021 22:24,13
1,7/28/2021,22:24,7/28/2021 22:24,14.25
1,7/29/2021,22:24,7/29/2021 22:24,15.188
1,7/30/2021,22:24,7/30/2021 22:24,10.812
1,7/31/2021,22:24,7/31/2021 22:24,10.875
1,8/1/2021,22:24,8/1/2021 22:24,10.375
1,8/2/2021,22:24,8/2/2021 22:24,10.562
1,8/3/2021,22:24,8/3/2021 22:24,10.562
1,8/4/2021,22:24,8/4/2021 22:24,10.438
1,8/5/2021,22:24,8/5/2021 22:24,10
1,8/6/2021,22:24,8/6/2021 22:24,10.688
1,8/7/2021,22:24,8/7/2021 22:24,10.688
1,8/8/2021,22:24,8/8/2021 22:24,13.25
1,8/9/2021,22:24,8/9/2021 22:24,13.5
1,8/10/2021,22:24,8/10/2021 22:24,10.688
1,8/11/2021,22:24,8/11/2021 22:24,11.625
1,7/22/2021,22:36,7/22/2021 22:36,19.75
1,7/23/2021,22:36,7/23/2021 22:36,14
1,7/24/2021,22:36,7/24/2021 22:36,17.938
1,7/25/2021,22:36,7/25/2021 22:36,18.125
1,7/26/2021,22:36,7/26/2021 22:36,18
1,7/27/2021,22:36,7/27/2021 22:36,13.125
1,7/28/2021,22:36,7/28/2021 22:36,14.375
1,7/29/2021,22:36,7/29/2021 22:36,14.75
1,7/30/2021,22:36,7/30/2021 22:36,11.188
1,7/31/2021,22:36,7/31/2021 22:36,10.938
1,8/1/2021,22:36,8/1/2021 22:36,10.438
1,8/2/2021,22:36,8/2/2021 22:36,10.5
1,8/3/2021,22:36,8/3/2021 22:36,10.562
1,8/4/2021,22:36,8/4/2021 22:36,10.438
1,8/5/2021,22:36,8/5/2021 22:36,10
1,8/6/2021,22:36,8/6/2021 22:36,10.625
1,8/7/2021,22:36,8/7/2021 22:36,10.688
1,8/8/2021,22:36,8/8/2021 22:36,12.625
1,8/9/2021,22:36,8/9/2021 22:36,13.188
1,8/10/2021,22:36,8/10/2021 22:36,10.688
1,8/11/2021,22:36,8/11/2021 22:36,10.812
1,7/22/2021,22:48,7/22/2021 22:48,19.375
1,7/23/2021,22:48,7/23/2021 22:48,14.375
1,7/24/2021,22:48,7/24/2021 22:48,17.812
1,7/25/2021,22:48,7/25/2021 22:48,18.062
1,7/26/2021,22:48,7/26/2021 22:48,17.875
1,7/27/2021,22:48,7/27/2021 22:48,12.688
1,7/28/2021,22:48,7/28/2021 22:48,15
1,7/29/2021,22:48,7/29/2021 22:48,14.5
1,7/30/2021,22:48,7/30/2021 22:48,11.25
1,7/31/2021,22:48,7/31/2021 22:48,11.062
1,8/1/2021,22:48,8/1/2021 22:48,10.438
1,8/2/2021,22:48,8/2/2021 22:48,10.438
1,8/3/2021,22:48,8/3/2021 22:48,10.562
1,8/4/2021,22:48,8/4/2021 22:48,10.375
1,8/5/2021,22:48,8/5/2021 22:48,10
1,8/6/2021,22:48,8/6/2021 22:48,10.625
1,8/7/2021,22:48,8/7/2021 22:48,10.75
1,8/8/2021,22:48,8/8/2021 22:48,12.625
1,8/9/2021,22:48,8/9/2021 22:48,13.438
1,8/10/2021,22:48,8/10/2021 22:48,10.562
1,8/11/2021,22:48,8/11/2021 22:48,10.562
1,7/22/2021,23:00,7/22/2021 23:00,18.938
1,7/23/2021,23:00,7/23/2021 23:00,13.688
1,7/24/2021,23:00,7/24/2021 23:00,17.062
1,7/25/2021,23:00,7/25/2021 23:00,17.938
1,7/26/2021,23:00,7/26/2021 23:00,17.75
1,7/27/2021,23:00,7/27/2021 23:00,12.562
1,7/28/2021,23:00,7/28/2021 23:00,14
1,7/29/2021,23:00,7/29/2021 23:00,15.062
1,7/30/2021,23:00,7/30/2021 23:00,11.062
1,7/31/2021,23:00,7/31/2021 23:00,10.875
1,8/1/2021,23:00,8/1/2021 23:00,10.562
1,8/2/2021,23:00,8/2/2021 23:00,10.438
1,8/3/2021,23:00,8/3/2021 23:00,10.438
1,8/4/2021,23:00,8/4/2021 23:00,10.312
1,8/5/2021,23:00,8/5/2021 23:00,10.375
1,8/6/2021,23:00,8/6/2021 23:00,10.562
1,8/7/2021,23:00,8/7/2021 23:00,10.938
1,8/8/2021,23:00,8/8/2021 23:00,13.188
1,8/9/2021,23:00,8/9/2021 23:00,13.188
1,8/10/2021,23:00,8/10/2021 23:00,10.562
1,8/11/2021,23:00,8/11/2021 23:00,10.875
1,7/22/2021,23:12,7/22/2021 23:12,18.562
1,7/23/2021,23:12,7/23/2021 23:12,13.438
1,7/24/2021,23:12,7/24/2021 23:12,17.5
1,7/25/2021,23:12,7/25/2021 23:12,17.75
1,7/26/2021,23:12,7/26/2021 23:12,17.75
1,7/27/2021,23:12,7/27/2021 23:12,12.438
1,7/28/2021,23:12,7/28/2021 23:12,12.938
1,7/29/2021,23:12,7/29/2021 23:12,14.812
1,7/30/2021,23:12,7/30/2021 23:12,11.188
1,7/31/2021,23:12,7/31/2021 23:12,10.938
1,8/1/2021,23:12,8/1/2021 23:12,10.562
1,8/2/2021,23:12,8/2/2021 23:12,10.5
1,8/3/2021,23:12,8/3/2021 23:12,10.438
1,8/4/2021,23:12,8/4/2021 23:12,10.312
1,8/5/2021,23:12,8/5/2021 23:12,10.062
1,8/6/2021,23:12,8/6/2021 23:12,10.562
1,8/7/2021,23:12,8/7/2021 23:12,12.25
1,8/8/2021,23:12,8/8/2021 23:12,13
1,8/9/2021,23:12,8/9/2021 23:12,13.062
1,8/10/2021,23:12,8/10/2021 23:12,10.562
1,8/11/2021,23:12,8/11/2021 23:12,11.438
1,7/22/2021,23:24,7/22/2021 23:24,18.188
1,7/23/2021,23:24,7/23/2021 23:24,13.812
1,7/24/2021,23:24,7/24/2021 23:24,17.5
1,7/25/2021,23:24,7/25/2021 23:24,17.812
1,7/26/2021,23:24,7/26/2021 23:24,15.5
1,7/27/2021,23:24,7/27/2021 23:24,12.875
1,7/28/2021,23:24,7/28/2021 23:24,14.062
1,7/29/2021,23:24,7/29/2021 23:24,14.75
1,7/30/2021,23:24,7/30/2021 23:24,11.125
1,7/31/2021,23:24,7/31/2021 23:24,10.875
1,8/1/2021,23:24,8/1/2021 23:24,10.562
1,8/2/2021,23:24,8/2/2021 23:24,10.438
1,8/3/2021,23:24,8/3/2021 23:24,10.438
1,8/4/2021,23:24,8/4/2021 23:24,10.312
1,8/5/2021,23:24,8/5/2021 23:24,10.062
1,8/6/2021,23:24,8/6/2021 23:24,10.5
1,8/7/2021,23:24,8/7/2021 23:24,13.125
1,8/8/2021,23:24,8/8/2021 23:24,12.562
1,8/9/2021,23:24,8/9/2021 23:24,12.312
1,8/10/2021,23:24,8/10/2021 23:24,10.562
1,8/11/2021,23:24,8/11/2021 23:24,11.375
1,7/22/2021,23:36,7/22/2021 23:36,17.812
1,7/23/2021,23:36,7/23/2021 23:36,14.125
1,7/24/2021,23:36,7/24/2021 23:36,17.312
1,7/25/2021,23:36,7/25/2021 23:36,17.75
1,7/26/2021,23:36,7/26/2021 23:36,17.312
1,7/27/2021,23:36,7/27/2021 23:36,12.625
1,7/28/2021,23:36,7/28/2021 23:36,14.562
1,7/29/2021,23:36,7/29/2021 23:36,15.438
1,7/30/2021,23:36,7/30/2021 23:36,11.062
1,7/31/2021,23:36,7/31/2021 23:36,10.875
1,8/1/2021,23:36,8/1/2021 23:36,10.562
1,8/2/2021,23:36,8/2/2021 23:36,10.438
1,8/3/2021,23:36,8/3/2021 23:36,10.375
1,8/4/2021,23:36,8/4/2021 23:36,10.25
1,8/5/2021,23:36,8/5/2021 23:36,10.062
1,8/6/2021,23:36,8/6/2021 23:36,10.5
1,8/7/2021,23:36,8/7/2021 23:36,14.188
1,8/8/2021,23:36,8/8/2021 23:36,13
1,8/9/2021,23:36,8/9/2021 23:36,12.438
1,8/10/2021,23:36,8/10/2021 23:36,10.5
1,8/11/2021,23:36,8/11/2021 23:36,11.438
1,7/22/2021,23:48,7/22/2021 23:48,17.5
1,7/23/2021,23:48,7/23/2021 23:48,13.562
1,7/24/2021,23:48,7/24/2021 23:48,17.375
1,7/25/2021,23:48,7/25/2021 23:48,17.688
1,7/26/2021,23:48,7/26/2021 23:48,17.562
1,7/27/2021,23:48,7/27/2021 23:48,14.062
1,7/28/2021,23:48,7/28/2021 23:48,14.688
1,7/29/2021,23:48,7/29/2021 23:48,15.312
1,7/30/2021,23:48,7/30/2021 23:48,11.062
1,7/31/2021,23:48,7/31/2021 23:48,10.562
1,8/1/2021,23:48,8/1/2021 23:48,10.5
1,8/2/2021,23:48,8/2/2021 23:48,10.375
1,8/3/2021,23:48,8/3/2021 23:48,10.375
1,8/4/2021,23:48,8/4/2021 23:48,10.25
1,8/5/2021,23:48,8/5/2021 23:48,10.125
1,8/6/2021,23:48,8/6/2021 23:48,10.5
1,8/7/2021,23:48,8/7/2021 23:48,14.812
1,8/8/2021,23:48,8/8/2021 23:48,13.062
1,8/9/2021,23:48,8/9/2021 23:48,12.812
1,8/10/2021,23:48,8/10/2021 23:48,10.5
1,8/11/2021,23:48,8/11/2021 23:48,11.375
