site,location,lat,lon,depth.m,temp.c,do.mg.l,time,date,day.segment,
blue.ruin,site.0.5.mouth,44.2329186,-123.1629214,1.2,14.3,5.71,13:00,8/2/2021,noon,
blue.ruin,site.0.5.mouth,44.2329186,-123.1629214,1,14.3,6,13:00,8/2/2021,noon,
blue.ruin,site.0.5.mouth,44.2329186,-123.1629214,0.8,14.7,5.87,13:00,8/2/2021,noon,
blue.ruin,site.0.5.mouth,44.2329186,-123.1629214,0.7,15.9,6.23,13:00,8/2/2021,noon,
blue.ruin,site.0.5.mouth,44.2329186,-123.1629214,0.6,17.8,7.25,13:00,8/2/2021,noon,
blue.ruin,site.0.5.mouth,44.2329186,-123.1629214,0.5,18.5,7.26,13:00,8/2/2021,noon,
blue.ruin,site.0.5.mouth,44.2329186,-123.1629214,0.4,19.2,7.4,13:00,8/2/2021,noon,
blue.ruin,site.0.5.mouth,44.2329186,-123.1629214,0.3,19.8,7.4,13:00,8/2/2021,noon,
blue.ruin,site.0.5.mouth,44.2329186,-123.1629214,0,20.5,8.05,13:00,8/2/2021,noon,
blue.ruin,site.1.logger.1,44.2322885,-123.163012,2.67,12.9,9.5,13:15,8/2/2021,noon,
blue.ruin,site.1.logger.1,44.2322885,-123.163012,2,13.3,5.19,13:15,8/2/2021,noon,3-4 chinook mid water column
blue.ruin,site.1.logger.1,44.2322885,-123.163012,1.7,13.3,5.08,13:15,8/2/2021,noon,
blue.ruin,site.1.logger.1,44.2322885,-123.163012,1.5,13.5,5.4,13:15,8/2/2021,noon,
blue.ruin,site.1.logger.1,44.2322885,-123.163012,1.3,13.5,5.41,13:15,8/2/2021,noon,
blue.ruin,site.1.logger.1,44.2322885,-123.163012,1,13.7,4.85,13:15,8/2/2021,noon,
blue.ruin,site.1.logger.1,44.2322885,-123.163012,0.9,13.9,5.4,13:15,8/2/2021,noon,
blue.ruin,site.1.logger.1,44.2322885,-123.163012,0.8,15,6.15,13:15,8/2/2021,noon,thermocline
blue.ruin,site.1.logger.1,44.2322885,-123.163012,0.7,16.9,6.46,13:15,8/2/2021,noon,
blue.ruin,site.1.logger.1,44.2322885,-123.163012,0.5,19.2,7.7,13:15,8/2/2021,noon,
blue.ruin,site.1.logger.1,44.2322885,-123.163012,0,20.7,7.8,13:15,8/2/2021,noon,
blue.ruin,site.1.5.mid,44.2319584,-123.1628708,3.7,11.8,2.24,13:30,8/2/2021,noon,
blue.ruin,site.1.5.mid,44.2319584,-123.1628708,3.3,11.8,4.47,13:30,8/2/2021,noon,
blue.ruin,site.1.5.mid,44.2319584,-123.1628708,3.1,11.8,4.55,13:30,8/2/2021,noon,
blue.ruin,site.1.5.mid,44.2319584,-123.1628708,2.9,12.1,8.1,13:30,8/2/2021,noon,
blue.ruin,site.1.5.mid,44.2319584,-123.1628708,2.7,12.3,11.1,13:30,8/2/2021,noon,large algae bloom at this depth may be increasing oxygen levels in stratified area
blue.ruin,site.1.5.mid,44.2319584,-123.1628708,2.5,12.6,11.5,13:30,8/2/2021,noon,large algae bloom at this depth may be increasing oxygen levels in stratified area
blue.ruin,site.1.5.mid,44.2319584,-123.1628708,2.4,12.9,7.95,13:30,8/2/2021,noon,
blue.ruin,site.1.5.mid,44.2319584,-123.1628708,2.2,12.9,7.88,13:30,8/2/2021,noon,
blue.ruin,site.1.5.mid,44.2319584,-123.1628708,2,13.1,6.3,13:30,8/2/2021,noon,
blue.ruin,site.1.5.mid,44.2319584,-123.1628708,1.6,13.4,6.38,13:30,8/2/2021,noon,
blue.ruin,site.1.5.mid,44.2319584,-123.1628708,1.3,13.5,7.3,13:30,8/2/2021,noon,
blue.ruin,site.1.5.mid,44.2319584,-123.1628708,1,13.5,7.25,13:30,8/2/2021,noon,
blue.ruin,site.1.5.mid,44.2319584,-123.1628708,0.8,15,6.97,13:30,8/2/2021,noon,thermocline
blue.ruin,site.1.5.mid,44.2319584,-123.1628708,0.7,18.1,7.8,13:30,8/2/2021,noon,
blue.ruin,site.1.5.mid,44.2319584,-123.1628708,0.5,19.2,7.82,13:30,8/2/2021,noon,
blue.ruin,site.1.5.mid,44.2319584,-123.1628708,0,17.89,21,13:30,8/2/2021,noon,
blue.ruin,site.2.logger.2,44.2315577,-123.1627615,3.3,12.2,3.8,13:45,8/2/2021,noon,
blue.ruin,site.2.logger.2,44.2315577,-123.1627615,2.8,12.4,6.7,13:45,8/2/2021,noon,
blue.ruin,site.2.logger.2,44.2315577,-123.1627615,2.5,12.7,8.1,13:45,8/2/2021,noon,
blue.ruin,site.2.logger.2,44.2315577,-123.1627615,2,13.2,9.2,13:45,8/2/2021,noon,
blue.ruin,site.2.logger.2,44.2315577,-123.1627615,1.6,13.3,8.85,13:45,8/2/2021,noon,
blue.ruin,site.2.logger.2,44.2315577,-123.1627615,1.4,13.4,8.7,13:45,8/2/2021,noon,
blue.ruin,site.2.logger.2,44.2315577,-123.1627615,1.2,13.5,7.18,13:45,8/2/2021,noon,
blue.ruin,site.2.logger.2,44.2315577,-123.1627615,1,13.8,7.17,13:45,8/2/2021,noon,
blue.ruin,site.2.logger.2,44.2315577,-123.1627615,0.9,15.1,7.6,13:45,8/2/2021,noon,thermocline
blue.ruin,site.2.logger.2,44.2315577,-123.1627615,1.8,17.1,8.3,13:45,8/2/2021,noon,
blue.ruin,site.2.logger.2,44.2315577,-123.1627615,0.6,19.6,8.25,13:45,8/2/2021,noon,
blue.ruin,site.2.logger.2,44.2315577,-123.1627615,0,21,8.15,13:45,8/2/2021,noon,
blue.ruin,site.5.logger.5,44.2300329,-123.1622797,1.6,12.8,4.9,14:25,8/2/2021,noon,obs cutthroat trout at logger 5 mid water column
blue.ruin,site.5.logger.5,44.2300329,-123.1622797,1.3,12.9,4.72,14:25,8/2/2021,noon,
blue.ruin,site.5.logger.5,44.2300329,-123.1622797,1,13,4.63,14:25,8/2/2021,noon,
blue.ruin,site.5.logger.5,44.2300329,-123.1622797,0.8,13.2,4.48,14:25,8/2/2021,noon,
blue.ruin,site.5.logger.5,44.2300329,-123.1622797,0.7,14.2,4.51,14:25,8/2/2021,noon,thermocline
blue.ruin,site.5.logger.5,44.2300329,-123.1622797,0.6,17.2,6.3,14:25,8/2/2021,noon,
blue.ruin,site.5.logger.5,44.2300329,-123.1622797,0.5,21.5,8.65,14:25,8/2/2021,noon,
blue.ruin,site.5.logger.5,44.2300329,-123.1622797,0,22.8,9.15,14:25,8/2/2021,noon,
blue.ruin,site.4.netpen,44.2301936,-123.1624209,1.78,13.5,5.4,14:40,8/2/2021,noon,
blue.ruin,site.4.netpen,44.2301936,-123.1624209,1.5,13.3,5.5,14:40,8/2/2021,noon,
blue.ruin,site.4.netpen,44.2301936,-123.1624209,1.3,13.3,5.51,14:40,8/2/2021,noon,
blue.ruin,site.4.netpen,44.2301936,-123.1624209,1.1,13.3,5.46,14:40,8/2/2021,noon,
blue.ruin,site.4.netpen,44.2301936,-123.1624209,1,13.4,5.43,14:40,8/2/2021,noon,
blue.ruin,site.4.netpen,44.2301936,-123.1624209,0.9,14.4,5.53,14:40,8/2/2021,noon,
blue.ruin,site.4.netpen,44.2301936,-123.1624209,0.8,16.4,4.9,14:40,8/2/2021,noon,thermocline
blue.ruin,site.4.netpen,44.2301936,-123.1624209,0.7,19.7,7.8,14:40,8/2/2021,noon,
blue.ruin,site.4.netpen,44.2301936,-123.1624209,0.6,20.9,8.9,14:40,8/2/2021,noon,
blue.ruin,site.4.netpen,44.2301936,-123.1624209,0.4,22,9.08,14:40,8/2/2021,noon,
blue.ruin,site.4.netpen,44.2301936,-123.1624209,0,22.4,9.18,14:40,8/2/2021,noon,
blue.ruin,site.3.logger.3,44.2305216,-123.1625627,2.35,13.5,6.96,14:55,8/2/2021,noon,
blue.ruin,site.3.logger.3,44.2305216,-123.1625627,2.1,13.5,6.87,14:55,8/2/2021,noon,
blue.ruin,site.3.logger.3,44.2305216,-123.1625627,1.9,13.6,6.77,14:55,8/2/2021,noon,
blue.ruin,site.3.logger.3,44.2305216,-123.1625627,1.7,13.6,6.3,14:55,8/2/2021,noon,
blue.ruin,site.3.logger.3,44.2305216,-123.1625627,1.5,13.6,6.32,14:55,8/2/2021,noon,
blue.ruin,site.3.logger.3,44.2305216,-123.1625627,1.3,13.7,7.1,14:55,8/2/2021,noon,
blue.ruin,site.3.logger.3,44.2305216,-123.1625627,1.1,13.9,7.08,14:55,8/2/2021,noon,
blue.ruin,site.3.logger.3,44.2305216,-123.1625627,0.9,16.3,7.17,14:55,8/2/2021,noon,thermocline
blue.ruin,site.3.logger.3,44.2305216,-123.1625627,0.7,20.3,9.4,14:55,8/2/2021,noon,
blue.ruin,site.3.logger.3,44.2305216,-123.1625627,0.5,21.4,9.02,14:55,8/2/2021,noon,
blue.ruin,site.3.logger.3,44.2305216,-123.1625627,0.3,22.4,8.9,14:55,8/2/2021,noon,
blue.ruin,site.3.logger.3,44.2305216,-123.1625627,0,23.4,9.25,14:55,8/2/2021,noon,
telemetry,site.1.netpen,44.384152,-123.236857,0,20.9,8.97,12:00,8/4/2021,noon,"mouth: 1 steelhead, 40 cutthroat,  10m in from mouth: 25, netpen: 20 holding about 1m above bottom, 35m in: (clearing past macrophytes) 40 (two schools)"
telemetry,site.1.netpen,44.384152,-123.236857,0.5,19.1,8.97,12:00,8/4/2021,noon,
telemetry,site.1.netpen,44.384152,-123.236857,0.7,16.6,7.31,12:00,8/4/2021,noon,
telemetry,site.1.netpen,44.384152,-123.236857,0.8,15,4.98,12:00,8/4/2021,noon,mid-do logger senser at 0.75m
telemetry,site.1.netpen,44.384152,-123.236857,0.9,13.5,3.62,12:00,8/4/2021,noon,
telemetry,site.1.netpen,44.384152,-123.236857,1,13.4,3.52,12:00,8/4/2021,noon,
telemetry,site.1.netpen,44.384152,-123.236857,1.1,13.3,3.48,12:00,8/4/2021,noon,
telemetry,site.1.netpen,44.384152,-123.236857,1.2,12.8,3.23,12:00,8/4/2021,noon,
telemetry,site.1.netpen,44.384152,-123.236857,1.3,12.6,3.15,12:00,8/4/2021,noon,
telemetry,site.1.netpen,44.384152,-123.236857,1.4,12.6,3.05,12:00,8/4/2021,noon,
telemetry,site.1.netpen,44.384152,-123.236857,1.5,12.6,3,12:00,8/4/2021,noon,
blue.ruin,site.5.logger.5,44.2300329,-123.1622797,1.6,12.2,2.99,6:10,8/11/2021,morning,
blue.ruin,site.5.logger.5,44.2300329,-123.1622797,1.5,12,2.97,6:10,8/11/2021,morning,
blue.ruin,site.5.logger.5,44.2300329,-123.1622797,1.4,11.9,3.01,6:10,8/11/2021,morning,
blue.ruin,site.5.logger.5,44.2300329,-123.1622797,1.3,11.9,3.04,6:10,8/11/2021,morning,
blue.ruin,site.5.logger.5,44.2300329,-123.1622797,1.2,11.9,3.03,6:10,8/11/2021,morning,
blue.ruin,site.5.logger.5,44.2300329,-123.1622797,1.1,12,3.03,6:10,8/11/2021,morning,
blue.ruin,site.5.logger.5,44.2300329,-123.1622797,1,12.1,2.94,6:10,8/11/2021,morning,fish appear below this depth
blue.ruin,site.5.logger.5,44.2300329,-123.1622797,0.9,12.2,2.87,6:10,8/11/2021,morning,"paddle towards head school of fish (one with radio tag) all smaller - school of ~20 and another school of ~30 near scum at head, great water clarity - seems like fewer fish are back here, looks like they are right at the bottom"
blue.ruin,site.5.logger.5,44.2300329,-123.1622797,0.8,12.2,2.87,6:10,8/11/2021,morning,
blue.ruin,site.5.logger.5,44.2300329,-123.1622797,0.7,12.4,2.9,6:10,8/11/2021,morning,
blue.ruin,site.5.logger.5,44.2300329,-123.1622797,0.6,12.4,2.93,6:10,8/11/2021,morning,
blue.ruin,site.5.logger.5,44.2300329,-123.1622797,0.5,12.6,2.94,6:10,8/11/2021,morning,
blue.ruin,site.5.logger.5,44.2300329,-123.1622797,0.4,15.5,3.33,6:10,8/11/2021,morning,
blue.ruin,site.5.logger.5,44.2300329,-123.1622797,0.3,17.2,3.88,6:10,8/11/2021,morning,
blue.ruin,site.5.logger.5,44.2300329,-123.1622797,0.2,17.7,3.88,6:10,8/11/2021,morning,
blue.ruin,site.4.netpen,44.2301936,-123.1624209,1.65,12.7,2.47,6:28,8/11/2021,morning,
blue.ruin,site.4.netpen,44.2301936,-123.1624209,1.5,12.3,2.59,6:28,8/11/2021,morning,
blue.ruin,site.4.netpen,44.2301936,-123.1624209,1.4,12.2,2.78,6:28,8/11/2021,morning,
blue.ruin,site.4.netpen,44.2301936,-123.1624209,1.3,12.3,2.77,6:28,8/11/2021,morning,
blue.ruin,site.4.netpen,44.2301936,-123.1624209,1.2,12.3,2.71,6:28,8/11/2021,morning,
blue.ruin,site.4.netpen,44.2301936,-123.1624209,1.1,12.2,2.75,6:28,8/11/2021,morning,
blue.ruin,site.4.netpen,44.2301936,-123.1624209,1,12.4,2.71,6:28,8/11/2021,morning,
blue.ruin,site.4.netpen,44.2301936,-123.1624209,0.9,12.5,2.67,6:28,8/11/2021,morning,
blue.ruin,site.4.netpen,44.2301936,-123.1624209,0.8,12.7,2.52,6:28,8/11/2021,morning,
blue.ruin,site.4.netpen,44.2301936,-123.1624209,0.7,12.9,2.48,6:28,8/11/2021,morning,
blue.ruin,site.4.netpen,44.2301936,-123.1624209,0.6,14.4,3.09,6:28,8/11/2021,morning,
blue.ruin,site.4.netpen,44.2301936,-123.1624209,0.5,16,3.42,6:28,8/11/2021,morning,
blue.ruin,site.4.netpen,44.2301936,-123.1624209,0.4,16.8,3.59,6:28,8/11/2021,morning,
blue.ruin,site.4.netpen,44.2301936,-123.1624209,0,17.6,4.03,6:28,8/11/2021,morning,
blue.ruin,site.3.logger.3,44.2305216,-123.1625627,2.4,12.6,1.63,6:45,8/11/2021,morning,in small macrophyte
blue.ruin,site.3.logger.3,44.2305216,-123.1625627,2.2,12.5,2.09,6:45,8/11/2021,morning,no fish here
blue.ruin,site.3.logger.3,44.2305216,-123.1625627,2,12.5,2.31,6:45,8/11/2021,morning,
blue.ruin,site.3.logger.3,44.2305216,-123.1625627,1.8,12.6,2.36,6:45,8/11/2021,morning,
blue.ruin,site.3.logger.3,44.2305216,-123.1625627,1.6,12.5,2.38,6:45,8/11/2021,morning,mid do logger
blue.ruin,site.3.logger.3,44.2305216,-123.1625627,1.4,12.6,2.37,6:45,8/11/2021,morning,
blue.ruin,site.3.logger.3,44.2305216,-123.1625627,1.2,13,2.5,6:45,8/11/2021,morning,
blue.ruin,site.3.logger.3,44.2305216,-123.1625627,1,13.5,2.63,6:45,8/11/2021,morning,
blue.ruin,site.3.logger.3,44.2305216,-123.1625627,0.9,13.7,2.7,6:45,8/11/2021,morning,
blue.ruin,site.3.logger.3,44.2305216,-123.1625627,0.8,14.2,2.97,6:45,8/11/2021,morning,thermocline
blue.ruin,site.3.logger.3,44.2305216,-123.1625627,0.7,15.1,3.14,6:45,8/11/2021,morning,
blue.ruin,site.3.logger.3,44.2305216,-123.1625627,0.6,15.5,3.26,6:45,8/11/2021,morning,
blue.ruin,site.3.logger.3,44.2305216,-123.1625627,0.4,16.6,3.36,6:45,8/11/2021,morning,
blue.ruin,site.3.logger.3,44.2305216,-123.1625627,0,17.4,3.7,6:45,8/11/2021,morning,
blue.ruin,site.2.5.mid,44.2309487,-123.1626797,3.1,12.6,1.84,7:02,8/11/2021,morning,
blue.ruin,site.2.5.mid,44.2309487,-123.1626797,2.8,12.7,2.16,7:02,8/11/2021,morning,
blue.ruin,site.2.5.mid,44.2309487,-123.1626797,2.6,12.7,2.3,7:02,8/11/2021,morning,
blue.ruin,site.2.5.mid,44.2309487,-123.1626797,2,12.8,2.33,7:02,8/11/2021,morning,
blue.ruin,site.2.5.mid,44.2309487,-123.1626797,1.8,12.9,2.34,7:02,8/11/2021,morning,
blue.ruin,site.2.5.mid,44.2309487,-123.1626797,1.5,13.1,2.44,7:02,8/11/2021,morning,
blue.ruin,site.2.5.mid,44.2309487,-123.1626797,1.2,13.4,2.65,7:02,8/11/2021,morning,
blue.ruin,site.2.5.mid,44.2309487,-123.1626797,0.9,13.6,3.15,7:02,8/11/2021,morning,
blue.ruin,site.2.5.mid,44.2309487,-123.1626797,0.8,14.2,2.81,7:02,8/11/2021,morning,
blue.ruin,site.2.5.mid,44.2309487,-123.1626797,0.6,15.4,3.04,7:02,8/11/2021,morning,
blue.ruin,site.2.5.mid,44.2309487,-123.1626797,0,17.6,5.07,7:02,8/11/2021,morning,
blue.ruin,site.2.logger.2,44.2315577,-123.1627615,3.8,12.2,0.32,7:17,8/11/2021,morning,
blue.ruin,site.2.logger.2,44.2315577,-123.1627615,3.5,12.1,0.22,7:17,8/11/2021,morning,
blue.ruin,site.2.logger.2,44.2315577,-123.1627615,3,12.1,0.55,7:17,8/11/2021,morning,
blue.ruin,site.2.logger.2,44.2315577,-123.1627615,2.2,12.7,2.11,7:17,8/11/2021,morning,
blue.ruin,site.2.logger.2,44.2315577,-123.1627615,2,12.9,2.23,7:17,8/11/2021,morning,
blue.ruin,site.2.logger.2,44.2315577,-123.1627615,1.8,13,2.25,7:17,8/11/2021,morning,
blue.ruin,site.2.logger.2,44.2315577,-123.1627615,1.6,13.1,1.9,7:17,8/11/2021,morning,
blue.ruin,site.2.logger.2,44.2315577,-123.1627615,1.2,13.3,2.11,7:17,8/11/2021,morning,
blue.ruin,site.2.logger.2,44.2315577,-123.1627615,1,13.5,2.68,7:17,8/11/2021,morning,
blue.ruin,site.2.logger.2,44.2315577,-123.1627615,0.8,14.1,6.64,7:17,8/11/2021,morning,
blue.ruin,site.2.logger.2,44.2315577,-123.1627615,0.6,15.6,1.57,7:17,8/11/2021,morning,
blue.ruin,site.2.logger.2,44.2315577,-123.1627615,0,17.7,5.18,7:17,8/11/2021,morning,
blue.ruin,site.1.5.mid,44.2318878,-123.1627716,3.7,12.1,0.42,7:33,8/11/2021,morning,
blue.ruin,site.1.5.mid,44.2318878,-123.1627716,3,12.2,0.67,7:33,8/11/2021,morning,
blue.ruin,site.1.5.mid,44.2318878,-123.1627716,2.5,12.5,1.35,7:33,8/11/2021,morning,
blue.ruin,site.1.5.mid,44.2318878,-123.1627716,2,12.8,2.3,7:33,8/11/2021,morning,
blue.ruin,site.1.5.mid,44.2318878,-123.1627716,1.8,12.9,2.4,7:33,8/11/2021,morning,
blue.ruin,site.1.5.mid,44.2318878,-123.1627716,1.5,13,2.37,7:33,8/11/2021,morning,
blue.ruin,site.1.5.mid,44.2318878,-123.1627716,1.2,13.3,4.05,7:33,8/11/2021,morning,
blue.ruin,site.1.5.mid,44.2318878,-123.1627716,1,13.5,4.5,7:33,8/11/2021,morning,
blue.ruin,site.1.5.mid,44.2318878,-123.1627716,0.8,13.9,6.45,7:33,8/11/2021,morning,
blue.ruin,site.1.5.mid,44.2318878,-123.1627716,0,17.4,5.66,7:33,8/11/2021,morning,
blue.ruin,site.1.logger.1,44.2322885,-123.163012,2.8,12.6,1.03,7:45,8/11/2021,morning,
blue.ruin,site.1.logger.1,44.2322885,-123.163012,2.4,12.8,2.02,7:45,8/11/2021,morning,
blue.ruin,site.1.logger.1,44.2322885,-123.163012,2,12.9,2.39,7:45,8/11/2021,morning,
blue.ruin,site.1.logger.1,44.2322885,-123.163012,1.6,13,3.36,7:45,8/11/2021,morning,
blue.ruin,site.1.logger.1,44.2322885,-123.163012,1.2,13.3,4.55,7:45,8/11/2021,morning,
blue.ruin,site.1.logger.1,44.2322885,-123.163012,0.8,13.8,5.5,7:45,8/11/2021,morning,
blue.ruin,site.1.logger.1,44.2322885,-123.163012,0,17.6,5.86,7:45,8/11/2021,morning,
blue.ruin,site.0.5.mouth,44.23282,-123.1628,2.25,13.6,4.1,8:01,8/11/2021,morning,larger cutthroat (5) near bottom just before macro bed
blue.ruin,site.0.5.mouth,44.23282,-123.1628,1,13.5,4.01,8:01,8/11/2021,morning,
blue.ruin,site.0.5.mouth,44.23282,-123.1628,0.9,13.8,5.57,8:01,8/11/2021,morning,
blue.ruin,site.0.5.mouth,44.23282,-123.1628,0.8,14,6.3,8:01,8/11/2021,morning,
blue.ruin,site.0.5.mouth,44.23282,-123.1628,0.6,16.3,3.05,8:01,8/11/2021,morning,
blue.ruin,site.0.5.mouth,44.23282,-123.1628,0,18.1,6.72,8:01,8/11/2021,morning,
