"ibutton","date.time","ibutton.temp","site","fish.depth","dissolved.oxygen"
1,2021-07-26 00:00:00,17.625,"blue.ruin.1",0.659323292320747,4.60318123963436
1,2021-07-27 00:00:00,17.5,"blue.ruin.1",0.594913986537023,4.44227170735024
1,2021-07-28 00:00:00,13.688,"blue.ruin.1",0.867929973066564,2.79516317464759
1,2021-07-29 00:00:00,14.5,"blue.ruin.1",0.799492335257814,3.04371961703437
1,2021-07-30 00:00:00,15.438,"blue.ruin.1",0.74376,3.39995781818182
1,2021-07-26 00:10:00,17.562,"blue.ruin.1",0.648892307692308,4.5363613986014
1,2021-07-27 00:10:00,17.438,"blue.ruin.1",0.60207399103139,4.42125968202201
1,2021-07-28 00:10:00,13.688,"blue.ruin.1",0.868991270611057,2.73442095053346
1,2021-07-29 00:10:00,12.875,"blue.ruin.1",0.941394927536232,2.5172233201581
1,2021-07-30 00:10:00,15.312,"blue.ruin.1",0.751286173633441,3.27343466822566
1,2021-07-26 00:25:00,17.5,"blue.ruin.1",0.634333593141076,4.5833982852689
1,2021-07-27 00:25:00,17.375,"blue.ruin.1",0.61117745848106,4.24250860913671
1,2021-07-28 00:25:00,13.375,"blue.ruin.1",0.892666532905297,2.70555194805195
1,2021-07-29 00:25:00,13.5,"blue.ruin.1",0.878846543685384,2.68062805226397
1,2021-07-30 00:25:00,15.25,"blue.ruin.1",0.75114566284779,3.15633387888707
1,2021-07-26 00:35:00,17.375,"blue.ruin.1",0.632256831645328,4.37247033684832
1,2021-07-27 00:35:00,15.938,"blue.ruin.1",0.737358033885682,3.69053418188589
1,2021-07-28 00:35:00,15.438,"blue.ruin.1",0.702441229656419,3.28868485944435
1,2021-07-29 00:35:00,13.875,"blue.ruin.1",0.844271145770846,2.79872061951246
1,2021-07-30 00:35:00,15.562,"blue.ruin.1",0.721669133974834,3.39841464235247
1,2021-07-26 00:50:00,17.312,"blue.ruin.1",0.622602999810138,4.39057131021627
1,2021-07-27 00:50:00,17.188,"blue.ruin.1",0.644724900737379,4.200733254267
1,2021-07-28 00:50:00,13.812,"blue.ruin.1",0.847070115174783,2.83247579860027
1,2021-07-29 00:50:00,13.875,"blue.ruin.1",0.847046966337432,2.74329350754064
1,2021-07-30 00:50:00,15.562,"blue.ruin.1",0.716766747982736,3.25634640645524
1,2021-07-26 01:00:00,17.25,"blue.ruin.1",0.614655172413793,4.3296394984326
1,2021-07-27 01:00:00,17.188,"blue.ruin.1",0.646103896103896,4.23893742621015
1,2021-07-28 01:00:00,13.5,"blue.ruin.1",0.871691622824767,2.77191015783084
1,2021-07-29 01:00:00,14.312,"blue.ruin.1",0.804249547920434,2.98410159460792
1,2021-07-30 01:00:00,15.125,"blue.ruin.1",0.748169922245401,3.18787407547885
1,2021-07-26 01:10:00,17.188,"blue.ruin.1",0.614559645403739,4.28577357697227
1,2021-07-27 01:10:00,17.188,"blue.ruin.1",0.645555972248266,4.22882617663604
1,2021-07-28 01:10:00,13.188,"blue.ruin.1",0.896109979633401,2.65930679503796
1,2021-07-29 01:10:00,14.438,"blue.ruin.1",0.790149525156597,2.91595584048201
1,2021-07-30 01:10:00,15.25,"blue.ruin.1",0.734602076124567,3.06003460207612
1,2021-07-26 01:25:00,17.125,"blue.ruin.1",0.608101045296167,4.08598036110231
1,2021-07-27 01:25:00,17.188,"blue.ruin.1",0.645012142723707,4.15048452015013
1,2021-07-28 01:25:00,12.625,"blue.ruin.1",0.947651847213525,2.45704445835942
1,2021-07-29 01:25:00,14,"blue.ruin.1",0.830942538238942,2.78985493629975
1,2021-07-30 01:25:00,15.875,"blue.ruin.1",0.677391304347826,3.20365217391304
1,2021-07-26 01:35:00,16.938,"blue.ruin.1",0.625895953757226,3.94337782448765
1,2021-07-27 01:35:00,17.125,"blue.ruin.1",0.647653599698454,4.19220128156804
1,2021-07-28 01:35:00,12.812,"blue.ruin.1",0.925933786078099,2.5438848587745
1,2021-07-29 01:35:00,14.438,"blue.ruin.1",0.79020256304258,2.92614904731482
1,2021-07-30 01:35:00,15.062,"blue.ruin.1",0.74619029201315,3.11513475501486
1,2021-07-26 01:50:00,16.938,"blue.ruin.1",0.637443237907206,3.63705555056986
1,2021-07-27 01:50:00,17.062,"blue.ruin.1",0.649715801439939,4.02130731337628
1,2021-07-28 01:50:00,12.5,"blue.ruin.1",1.06273671350031,2.53582620647526
1,2021-07-29 01:50:00,14.562,"blue.ruin.1",0.77608057070919,3.01602868805554
1,2021-07-30 01:50:00,11.562,"blue.ruin.1",1.6,2.878
1,2021-07-26 02:00:00,16.875,"blue.ruin.1",0.654376163873371,3.79786863043846
1,2021-07-27 02:00:00,17.062,"blue.ruin.1",0.645350595350595,4.10648150375423
1,2021-07-28 02:00:00,13.062,"blue.ruin.1",0.891264857591388,2.61096434178067
1,2021-07-29 02:00:00,14.375,"blue.ruin.1",0.792180546726001,2.85893891232734
1,2021-07-30 02:00:00,16.062,"blue.ruin.1",0.649941543257989,3.12830617161482
1,2021-07-26 02:10:00,16.812,"blue.ruin.1",0.675916230366492,3.70968586387435
1,2021-07-27 02:10:00,16.75,"blue.ruin.1",0.663597733711048,3.72081637908833
1,2021-07-28 02:10:00,12.438,"blue.ruin.1",0.972105263157895,2.48541842105263
1,2021-07-29 02:10:00,14.688,"blue.ruin.1",0.756019785308356,2.92086412429919
1,2021-07-30 02:10:00,13.625,"blue.ruin.1",0.862814712824548,2.61413346684787
1,2021-07-26 02:25:00,16.75,"blue.ruin.1",0.715970078366184,3.6912106819801
1,2021-07-27 02:25:00,16.938,"blue.ruin.1",0.633664208735111,3.7650822461713
1,2021-07-28 02:25:00,12.375,"blue.ruin.1",0.986245353159851,2.50265334572491
1,2021-07-29 02:25:00,13.75,"blue.ruin.1",0.840149060272197,2.67573440169681
1,2021-07-30 02:25:00,10.75,"blue.ruin.1",1.6,2.834
1,2021-07-26 02:35:00,16.688,"blue.ruin.1",0.742146732110566,3.26461614335032
1,2021-07-27 02:35:00,16.938,"blue.ruin.1",0.626927416321926,3.81802318027967
1,2021-07-28 02:35:00,12.25,"blue.ruin.1",1.05240963855422,2.54605421686747
1,2021-07-29 02:35:00,14.25,"blue.ruin.1",0.78777583570024,2.85869128249945
1,2021-07-30 02:35:00,16.438,"blue.ruin.1",0.603331995182658,3.21745739206598
1,2021-07-26 02:50:00,16.688,"blue.ruin.1",0.576454545454545,4.13131074380165
1,2021-07-27 02:50:00,16.688,"blue.ruin.1",0.63282090699462,3.81479072042485
1,2021-07-28 02:50:00,12.062,"blue.ruin.1",1.3324644549763,2.75891943127962
1,2021-07-29 02:50:00,14.125,"blue.ruin.1",0.794261388766033,2.73484500020104
1,2021-07-30 02:50:00,16.875,"blue.ruin.1",0.557961460446248,3.24269315876821
1,2021-07-26 03:00:00,16.625,"blue.ruin.1",0.435195530726257,4.65106145251397
1,2021-07-27 03:00:00,16.75,"blue.ruin.1",0.616504571095118,3.36293115948436
1,2021-07-28 03:00:00,12,"blue.ruin.1",1.46469194312796,2.744
1,2021-07-29 03:00:00,13.062,"blue.ruin.1",0.900044228217603,2.58536126412287
1,2021-07-30 03:00:00,16.688,"blue.ruin.1",0.56822732012513,2.9428338231112
1,2021-07-26 03:10:00,16.562,"blue.ruin.1",0.577596899224806,4.15753488372093
1,2021-07-27 03:10:00,16.75,"blue.ruin.1",0.608505657432696,3.48591671691555
1,2021-07-28 03:10:00,11.875,"blue.ruin.1",1.6,2.739
1,2021-07-29 03:10:00,14.125,"blue.ruin.1",0.793430413517119,2.72890557419459
1,2021-07-30 03:10:00,16.5,"blue.ruin.1",0.581239600665557,2.9460361518681
1,2021-07-26 03:25:00,16.562,"blue.ruin.1",0.423189354275741,4.92405322862129
1,2021-07-27 03:25:00,16.688,"blue.ruin.1",0.620524899057874,3.70186222929157
1,2021-07-28 03:25:00,12,"blue.ruin.1",1.40164835164835,2.721
1,2021-07-29 03:25:00,14.312,"blue.ruin.1",0.769715125480443,2.75156742646908
1,2021-07-30 03:25:00,16.375,"blue.ruin.1",0.599857230267183,2.96839727068771
1,2021-07-26 03:35:00,16.5,"blue.ruin.1",0.579223744292237,4.16186384391864
1,2021-07-27 03:35:00,16.625,"blue.ruin.1",0.634324480369515,3.29016166281755
1,2021-07-28 03:35:00,11.938,"blue.ruin.1",1.6,2.766
1,2021-07-29 03:35:00,14.188,"blue.ruin.1",0.77736890524379,2.72562599314209
1,2021-07-30 03:35:00,16.562,"blue.ruin.1",0.596777054997043,3.06011235955056
1,2021-07-26 03:50:00,16.438,"blue.ruin.1",0.607987978487821,4.10812890052055
1,2021-07-27 03:50:00,16.562,"blue.ruin.1",0.653665024630542,3.56232225705329
1,2021-07-28 03:50:00,11.75,"blue.ruin.1",1.6,2.778
1,2021-07-29 03:50:00,14.312,"blue.ruin.1",0.762292817679558,2.77446007031642
1,2021-07-30 03:50:00,16.562,"blue.ruin.1",0.615861084681256,3.07257884266067
1,2021-07-26 04:00:00,16.375,"blue.ruin.1",0.851221566975568,2.84723979474611
1,2021-07-27 04:00:00,16.5,"blue.ruin.1",0.665110491738005,3.40365898684234
1,2021-07-28 04:00:00,11.812,"blue.ruin.1",1.6,2.734
1,2021-07-29 04:00:00,13.812,"blue.ruin.1",0.808938094134014,2.70569904938558
1,2021-07-30 04:00:00,16.312,"blue.ruin.1",0.643898305084746,2.86202465331279
1,2021-07-26 04:10:00,16.312,"blue.ruin.1",0.95112479914301,2.59111917514729
1,2021-07-27 04:10:00,14,"blue.ruin.1",0.900468813697513,2.50660489938109
1,2021-07-28 04:10:00,11.625,"blue.ruin.1",1.6,2.735
1,2021-07-29 04:10:00,14.125,"blue.ruin.1",0.773331761377034,2.77266918179675
1,2021-07-30 04:10:00,16.438,"blue.ruin.1",0.634742857142857,3.0061225974026
1,2021-07-26 04:25:00,16.25,"blue.ruin.1",0.955134281200632,2.61436413902054
1,2021-07-27 04:25:00,15.5,"blue.ruin.1",0.754780076320546,3.01698953787727
1,2021-07-28 04:25:00,11.625,"blue.ruin.1",1.6,2.792
1,2021-07-29 04:25:00,14.188,"blue.ruin.1",0.759787234042553,2.81854932301741
1,2021-07-30 04:25:00,16.438,"blue.ruin.1",0.629857637552905,2.82581237538914
1,2021-07-26 04:35:00,16.188,"blue.ruin.1",0.953756124115406,2.52417868807839
1,2021-07-27 04:35:00,16.062,"blue.ruin.1",0.691177652733119,3.20646740719088
1,2021-07-28 04:35:00,13.375,"blue.ruin.1",0.817936117936118,2.55686620504802
1,2021-07-29 04:35:00,13.875,"blue.ruin.1",0.792189728958631,2.75118921021917
1,2021-07-30 04:35:00,16.375,"blue.ruin.1",0.629940003870718,2.92463817583616
1,2021-07-26 04:50:00,16.188,"blue.ruin.1",0.918208661417324,2.65988188976378
1,2021-07-27 04:50:00,15.562,"blue.ruin.1",0.71335440537337,3.16435796128013
1,2021-07-28 04:50:00,14.25,"blue.ruin.1",0.715352038115405,2.71864286058039
1,2021-07-29 04:50:00,14.875,"blue.ruin.1",0.685199714693295,2.84368045649073
1,2021-07-30 04:50:00,16.25,"blue.ruin.1",0.629016004742146,2.88855795656626
1,2021-07-26 05:00:00,16.125,"blue.ruin.1",0.950632377740304,2.49081418634064
1,2021-07-27 05:00:00,15.25,"blue.ruin.1",0.72232412819996,2.98265507320738
1,2021-07-28 05:00:00,12.562,"blue.ruin.1",0.91940046716844,2.47226859825874
1,2021-07-29 05:00:00,15,"blue.ruin.1",0.664596949891068,2.95259061200238
1,2021-07-30 05:00:00,15.938,"blue.ruin.1",0.641412911084044,2.75786180932344
1,2021-07-26 05:10:00,16.062,"blue.ruin.1",0.922334429309534,2.48895127887613
1,2021-07-27 05:10:00,14.375,"blue.ruin.1",0.789285714285714,2.79662337662338
1,2021-07-28 05:10:00,13.812,"blue.ruin.1",0.771998450813323,2.71363918033941
1,2021-07-29 05:10:00,14.188,"blue.ruin.1",0.748332924736455,2.88066749871849
1,2021-07-30 05:10:00,13.312,"blue.ruin.1",0.871095890410959,2.51320797011208
1,2021-07-26 05:25:00,16,"blue.ruin.1",0.958291873963516,2.70590796019901
1,2021-07-27 05:25:00,14.688,"blue.ruin.1",0.753805584281282,2.86794133684309
1,2021-07-28 05:25:00,14.375,"blue.ruin.1",0.707020679091141,2.6939039617518
1,2021-07-29 05:25:00,13.875,"blue.ruin.1",0.781483288606977,2.61302823305019
1,2021-07-30 05:25:00,14.812,"blue.ruin.1",0.703093721565059,2.68343866324758
1,2021-07-26 05:35:00,15.938,"blue.ruin.1",0.959306875349357,2.53105191447736
1,2021-07-27 05:35:00,14.625,"blue.ruin.1",0.765136601044596,2.85425636436685
1,2021-07-28 05:35:00,13.562,"blue.ruin.1",0.800715181932246,2.66271312877837
1,2021-07-29 05:35:00,13.938,"blue.ruin.1",0.775913214023045,2.68739107178676
1,2021-07-30 05:35:00,14.688,"blue.ruin.1",0.699549987837509,2.61294818778886
1,2021-07-26 05:50:00,15.875,"blue.ruin.1",0.964131622064446,2.84395685417804
1,2021-07-27 05:50:00,15.625,"blue.ruin.1",0.689738805970149,3.12863975576662
1,2021-07-28 05:50:00,14.25,"blue.ruin.1",0.721381159050294,2.78916332072319
1,2021-07-29 05:50:00,14.5,"blue.ruin.1",0.712515413070284,2.71066360273512
1,2021-07-30 05:50:00,14.125,"blue.ruin.1",0.749431818181818,2.58481404958678
1,2021-07-26 06:00:00,15.812,"blue.ruin.1",0.965444879686626,2.57467263570229
1,2021-07-27 06:00:00,15.25,"blue.ruin.1",0.734007352941176,2.85797794117647
1,2021-07-28 06:00:00,13.438,"blue.ruin.1",0.816281755196305,2.63638043250053
1,2021-07-29 06:00:00,14.125,"blue.ruin.1",0.75176456071076,2.69869536929014
1,2021-07-30 06:00:00,12.438,"blue.ruin.1",0.941082317073171,2.45648558758315
1,2021-07-26 06:10:00,15.75,"blue.ruin.1",0.963369752731455,2.38885135135135
1,2021-07-27 06:10:00,15.188,"blue.ruin.1",0.745681677976558,2.89809545174135
1,2021-07-28 06:10:00,12.688,"blue.ruin.1",0.902886836027713,2.5279508712996
1,2021-07-29 06:10:00,12.938,"blue.ruin.1",0.888239795918367,2.51095593692022
1,2021-07-30 06:10:00,13.625,"blue.ruin.1",0.808816964285714,2.56214285714286
1,2021-07-26 06:25:00,15.688,"blue.ruin.1",0.89502712477396,2.81189544632583
1,2021-07-27 06:25:00,15.125,"blue.ruin.1",0.755624611559975,2.83123961805752
1,2021-07-28 06:25:00,14.562,"blue.ruin.1",0.684856700232378,2.82048376874868
1,2021-07-29 06:25:00,14.625,"blue.ruin.1",0.696236426456071,2.6883969756798
1,2021-07-30 06:25:00,13.625,"blue.ruin.1",0.818137595552467,2.57952744961779
1,2021-07-26 06:35:00,15.688,"blue.ruin.1",0.694179523141655,3.44863062603596
1,2021-07-27 06:35:00,15.125,"blue.ruin.1",0.752615128151698,2.89501316562163
1,2021-07-28 06:35:00,13.062,"blue.ruin.1",0.854976303317536,2.585756139595
1,2021-07-29 06:35:00,14.625,"blue.ruin.1",0.692613636363636,2.72930785123967
1,2021-07-30 06:35:00,14.125,"blue.ruin.1",0.767035245335176,2.57308538041088
1,2021-07-26 06:50:00,15.688,"blue.ruin.1",0.696937321937322,3.37820512820513
1,2021-07-27 06:50:00,15.188,"blue.ruin.1",0.738525627504746,2.87524361948956
1,2021-07-28 06:50:00,13.188,"blue.ruin.1",0.836490894264746,2.63827472880476
1,2021-07-29 06:50:00,14.938,"blue.ruin.1",0.650920951650038,2.86539245098723
1,2021-07-30 06:50:00,14.125,"blue.ruin.1",0.770520231213873,2.67316342616921
1,2021-07-26 07:00:00,15.625,"blue.ruin.1",0.730174009626064,3.46728181481606
1,2021-07-27 07:00:00,15.5,"blue.ruin.1",0.699631190727081,2.97446786090622
1,2021-07-28 07:00:00,12.625,"blue.ruin.1",0.898690878378378,2.58664465601966
1,2021-07-29 07:00:00,14.75,"blue.ruin.1",0.67256331542594,2.81699365101514
1,2021-07-30 07:00:00,14,"blue.ruin.1",0.783526011560694,2.69160798738833
1,2021-07-26 07:10:00,15.5,"blue.ruin.1",0.734167554135605,3.5506777035531
1,2021-07-27 07:10:00,14.938,"blue.ruin.1",0.743663157894737,2.9064252631579
1,2021-07-28 07:10:00,13.125,"blue.ruin.1",0.842798127237676,2.66771062316917
1,2021-07-29 07:10:00,13.688,"blue.ruin.1",0.794819646968534,2.71107304821042
1,2021-07-30 07:10:00,14.25,"blue.ruin.1",0.757514450867052,2.7984866001051
1,2021-07-26 07:25:00,15.562,"blue.ruin.1",0.661590385248601,3.94705181548777
1,2021-07-27 07:25:00,14.625,"blue.ruin.1",0.760108418367347,2.93763682745826
1,2021-07-28 07:25:00,13,"blue.ruin.1",0.860485933503836,2.71323878167868
1,2021-07-29 07:25:00,14.312,"blue.ruin.1",0.729158110882957,2.89470412544334
1,2021-07-30 07:25:00,14.125,"blue.ruin.1",0.770777855641205,2.87113524877365
1,2021-07-26 07:35:00,15.625,"blue.ruin.1",0.687134296792386,3.9932278014548
1,2021-07-27 07:35:00,14.75,"blue.ruin.1",0.755118110236221,2.96283464566929
1,2021-07-28 07:35:00,13.125,"blue.ruin.1",0.84592094196804,2.8013708999159
1,2021-07-29 07:35:00,14.812,"blue.ruin.1",0.678416149068323,3.0805900621118
1,2021-07-30 07:35:00,14.562,"blue.ruin.1",0.728218053927316,2.90017073430672
1,2021-07-26 07:50:00,15.75,"blue.ruin.1",0.746691176470588,3.83498663101604
1,2021-07-27 07:50:00,15.062,"blue.ruin.1",0.749284546197874,2.97588530439307
1,2021-07-28 07:50:00,13.062,"blue.ruin.1",0.858673026886383,2.91638255933139
1,2021-07-29 07:50:00,14.812,"blue.ruin.1",0.680681818181818,3.04179752066116
1,2021-07-30 07:50:00,14.562,"blue.ruin.1",0.729459081370949,3.05276712096484
1,2021-07-26 08:00:00,15.625,"blue.ruin.1",0.760106382978723,3.77338491295938
1,2021-07-27 08:00:00,15.125,"blue.ruin.1",0.76020605280103,3.1344482819177
1,2021-07-28 08:00:00,13.125,"blue.ruin.1",0.849745813397129,3.02025418660287
1,2021-07-29 08:00:00,14.5,"blue.ruin.1",0.726473799126638,3.12192338229456
1,2021-07-30 08:00:00,14.625,"blue.ruin.1",0.723668639053255,3.07982786444325
1,2021-07-26 08:10:00,15.812,"blue.ruin.1",0.698187919463087,4.17893471629042
1,2021-07-27 08:10:00,15.25,"blue.ruin.1",0.668372093023256,3.28789429175476
1,2021-07-28 08:10:00,13.062,"blue.ruin.1",0.869350997320631,3.10798073019568
1,2021-07-29 08:10:00,14.562,"blue.ruin.1",0.735071026534441,3.24895738407934
1,2021-07-30 08:10:00,14.75,"blue.ruin.1",0.70998564936618,3.43948142027788
1,2021-07-26 08:25:00,15.812,"blue.ruin.1",0.74530303030303,4.25484022038567
1,2021-07-27 08:25:00,15.438,"blue.ruin.1",0.704432432432432,3.35309189189189
1,2021-07-28 08:25:00,12.938,"blue.ruin.1",0.880230386052304,3.22917638401449
1,2021-07-29 08:25:00,15.062,"blue.ruin.1",0.67570735650768,3.90542441390461
1,2021-07-30 08:25:00,14.5,"blue.ruin.1",0.745111430625449,3.82702960590811
1,2021-07-26 08:35:00,15.438,"blue.ruin.1",0.90975,3.78855909090909
1,2021-07-27 08:35:00,15.312,"blue.ruin.1",0.787228915662651,3.32943483023001
1,2021-07-28 08:35:00,13.125,"blue.ruin.1",0.881346335325574,3.35366067087992
1,2021-07-29 08:35:00,15.125,"blue.ruin.1",0.676030110935024,4.66906425587091
1,2021-07-30 08:35:00,11.062,"blue.ruin.1",1.6,3.425
1,2021-07-26 08:50:00,15.875,"blue.ruin.1",0.8265625,4.40073863636364
1,2021-07-27 08:50:00,15.375,"blue.ruin.1",0.798913043478261,3.39424901185771
1,2021-07-28 08:50:00,14.062,"blue.ruin.1",0.78162890385793,3.4514290485999
1,2021-07-29 08:50:00,15.25,"blue.ruin.1",0.706426099851706,3.99514087988136
1,2021-07-30 08:50:00,14.438,"blue.ruin.1",0.761612426035503,4.27649946207639
1,2021-07-26 09:00:00,15.875,"blue.ruin.1",0.787701612903226,4.44394428152493
1,2021-07-27 09:00:00,15.438,"blue.ruin.1",0.867272727272727,3.1522479338843
1,2021-07-28 09:00:00,14.75,"blue.ruin.1",0.706578947368421,3.53557416267943
1,2021-07-29 09:00:00,15.5,"blue.ruin.1",0.558823529411765,4.03625668449198
1,2021-07-30 09:00:00,14.812,"blue.ruin.1",0.727236580516899,4.92940538586662
1,2021-07-26 09:10:00,15.938,"blue.ruin.1",0.805775862068966,4.11542946708464
1,2021-07-27 09:10:00,15.5,"blue.ruin.1",0.79493670886076,3.60237054085155
1,2021-07-28 09:10:00,15.25,"blue.ruin.1",0.661667599328483,3.66757592715063
1,2021-07-29 09:10:00,15.75,"blue.ruin.1",0.535891089108911,4.20317281728173
1,2021-07-30 09:10:00,15.062,"blue.ruin.1",0.706062454257136,4.16338863137351
1,2021-07-26 09:25:00,15.688,"blue.ruin.1",0.969139052338185,4.29851672344379
1,2021-07-27 09:25:00,15.5,"blue.ruin.1",0.816447368421053,3.65421052631579
1,2021-07-28 09:25:00,15.562,"blue.ruin.1",0.676451784762919,3.8349208117402
1,2021-07-29 09:25:00,15.75,"blue.ruin.1",0.584864864864865,4.2493316953317
1,2021-07-26 09:35:00,15.812,"blue.ruin.1",0.971043165467626,4.17810161870504
1,2021-07-27 09:35:00,15.562,"blue.ruin.1",0.896842105263158,3.35426794258373
1,2021-07-28 09:35:00,15.312,"blue.ruin.1",0.736745138178096,4.23467944542663
1,2021-07-29 09:35:00,13.25,"blue.ruin.1",1.04973136333109,4.3451477501679
1,2021-07-26 09:50:00,15.812,"blue.ruin.1",0.973062953995157,4.84978753026634
1,2021-07-27 09:50:00,15.625,"blue.ruin.1",0.93759842519685,3.78509663564782
1,2021-07-28 09:50:00,15.312,"blue.ruin.1",0.699302325581395,5.0226511627907
1,2021-07-29 09:50:00,13.562,"blue.ruin.1",1.04855658198614,4.61719500577367
1,2021-07-26 10:00:00,15.875,"blue.ruin.1",0.962025523560209,4.93481777650524
1,2021-07-27 10:00:00,15.688,"blue.ruin.1",0.841111111111111,4.06662626262626
1,2021-07-28 10:00:00,15.562,"blue.ruin.1",0.737103448275862,4.26063824451411
1,2021-07-29 10:00:00,14.312,"blue.ruin.1",1.0112426035503,4.79441346153846
1,2021-07-26 10:10:00,16,"blue.ruin.1",0.951023192360164,5.18884379263302
1,2021-07-27 10:10:00,15.812,"blue.ruin.1",0.841223021582734,4.47455199476782
1,2021-07-28 10:10:00,15.25,"blue.ruin.1",0.924180327868853,4.19755588673621
1,2021-07-29 10:10:00,11.875,"blue.ruin.1",1.6,4.424
1,2021-07-26 10:25:00,16.062,"blue.ruin.1",0.950909703504043,4.98883103099731
1,2021-07-27 10:25:00,15.688,"blue.ruin.1",0.95625,3.817125
1,2021-07-28 10:25:00,15.688,"blue.ruin.1",0.808931297709924,5.29090076335878
1,2021-07-29 10:25:00,12.375,"blue.ruin.1",1.6,4.445
1,2021-07-26 10:35:00,16.188,"blue.ruin.1",0.963716295427901,5.63821248534584
1,2021-07-27 10:35:00,15.75,"blue.ruin.1",0.950556379821958,4.37979553041543
1,2021-07-28 10:35:00,16.062,"blue.ruin.1",0.761,5.118
1,2021-07-29 10:35:00,14.312,"blue.ruin.1",1.04535934291581,5.00929404517454
1,2021-07-26 10:50:00,16.312,"blue.ruin.1",0.967312588401697,5.62879603960396
1,2021-07-27 10:50:00,16,"blue.ruin.1",0.921544715447155,4.68520325203252
1,2021-07-28 10:50:00,15.938,"blue.ruin.1",0.799791666666666,5.09747727272727
1,2021-07-29 10:50:00,13.75,"blue.ruin.1",1.0890479599141,5.36219443450251
1,2021-07-26 11:00:00,16.312,"blue.ruin.1",0.970248962655602,5.84338091286307
1,2021-07-27 11:00:00,16,"blue.ruin.1",0.92265625,4.83130681818182
1,2021-07-28 11:00:00,15.625,"blue.ruin.1",0.909895833333333,4.74083333333333
1,2021-07-29 11:00:00,13.312,"blue.ruin.1",1.33918918918919,4.92643243243243
1,2021-07-26 11:10:00,16.5,"blue.ruin.1",0.970037403152551,5.91956852791878
1,2021-07-27 11:10:00,16.312,"blue.ruin.1",0.776891891891892,5.1905601965602
1,2021-07-28 11:10:00,15,"blue.ruin.1",1.00965583173996,5.06288718929254
1,2021-07-29 11:10:00,12.375,"blue.ruin.1",1.6,4.727
1,2021-07-26 11:25:00,16.562,"blue.ruin.1",0.970582781456954,6.03
1,2021-07-27 11:25:00,16.438,"blue.ruin.1",0.776601307189543,5.56960427807487
1,2021-07-28 11:25:00,15.875,"blue.ruin.1",0.96296580868229,4.68860617556665
1,2021-07-29 11:25:00,12.875,"blue.ruin.1",1.6,4.745
1,2021-07-26 11:35:00,16.438,"blue.ruin.1",0.977020408163265,6.20637428571429
1,2021-07-27 11:35:00,16.812,"blue.ruin.1",0.774477611940298,5.90208955223881
1,2021-07-28 11:35:00,16.625,"blue.ruin.1",0.7625,4.88090909090909
1,2021-07-29 11:35:00,12.625,"blue.ruin.1",1.6,4.667
1,2021-07-26 11:50:00,16.688,"blue.ruin.1",0.981817076137193,6.45498126976405
1,2021-07-27 11:50:00,17.188,"blue.ruin.1",0.714545454545455,6.32449586776859
1,2021-07-28 11:50:00,16.375,"blue.ruin.1",0.778743315508021,5.59538648517258
1,2021-07-29 11:50:00,12.5,"blue.ruin.1",1.6,4.929
1,2021-07-26 12:00:00,17,"blue.ruin.1",0.979952348536419,6.68195371000681
1,2021-07-27 12:00:00,17,"blue.ruin.1",0.877586206896552,5.23605015673981
1,2021-07-28 12:00:00,16,"blue.ruin.1",0.938,5.81203636363636
1,2021-07-29 12:00:00,12.25,"blue.ruin.1",1.6,5.008
1,2021-07-25 12:10:00,16.875,"blue.ruin.1",1.00108695652174,6.80510054347826
1,2021-07-26 12:10:00,17.438,"blue.ruin.1",0.963964798517832,6.32880384437239
1,2021-07-27 12:10:00,17.562,"blue.ruin.1",0.697890625,6.03726278409091
1,2021-07-28 12:10:00,15.5,"blue.ruin.1",0.963186813186813,5.17057142857143
1,2021-07-29 12:10:00,12.312,"blue.ruin.1",1.6,4.947
1,2021-07-25 12:25:00,17,"blue.ruin.1",0.99887983706721,7.02700610997963
1,2021-07-26 12:25:00,17.5,"blue.ruin.1",0.974140930839495,7.07
1,2021-07-27 12:25:00,17.812,"blue.ruin.1",0.586178343949044,6.90820613781124
1,2021-07-28 12:25:00,14.562,"blue.ruin.1",1.04455330454998,5.61593922284955
1,2021-07-29 12:25:00,12.312,"blue.ruin.1",1.6,4.674
1,2021-07-25 12:35:00,17.438,"blue.ruin.1",0.990645535369153,7.19846390606881
1,2021-07-26 12:35:00,17.75,"blue.ruin.1",0.973561811505508,6.90777310281518
1,2021-07-27 12:35:00,17.312,"blue.ruin.1",0.722830188679245,6.23062778730703
1,2021-07-28 12:35:00,15.062,"blue.ruin.1",1.02014634146341,5.37409975609756
1,2021-07-29 12:35:00,12.375,"blue.ruin.1",1.6,4.652
1,2021-07-25 12:50:00,17.812,"blue.ruin.1",0.983731228340393,7.4
1,2021-07-26 12:50:00,17.812,"blue.ruin.1",0.973104693140794,6.48948014440433
1,2021-07-27 12:50:00,17.875,"blue.ruin.1",0.723449612403101,6.23570472163495
1,2021-07-28 12:50:00,13.75,"blue.ruin.1",1.08512361466326,5.48409207161125
1,2021-07-29 12:50:00,12.438,"blue.ruin.1",1.6,4.949
1,2021-07-25 13:00:00,17.938,"blue.ruin.1",0.982800150545728,7.3767170210764
1,2021-07-26 13:00:00,17.875,"blue.ruin.1",0.972367338543809,6.86
1,2021-07-27 13:00:00,18,"blue.ruin.1",0.589884393063584,6.75128218602207
1,2021-07-28 13:00:00,13.625,"blue.ruin.1",1.08856753997958,4.72277198877169
1,2021-07-29 13:00:00,12.25,"blue.ruin.1",1.6,5.196
1,2021-07-25 13:10:00,18.125,"blue.ruin.1",0.982674079475027,8.01
1,2021-07-26 13:10:00,17.562,"blue.ruin.1",0.988700347088315,6.85036829926726
1,2021-07-27 13:10:00,18.188,"blue.ruin.1",0.508461538461539,7.6915944055944
1,2021-07-28 13:10:00,13.875,"blue.ruin.1",1.07547430148327,5.0097546567782
1,2021-07-29 13:10:00,12.125,"blue.ruin.1",1.6,6.21
1,2021-07-25 13:25:00,18,"blue.ruin.1",0.993826086956522,7.60329739130435
1,2021-07-26 13:25:00,17.5,"blue.ruin.1",0.988961038961039,7.03
1,2021-07-27 13:25:00,18.5,"blue.ruin.1",0.460288065843621,7.95673400673401
1,2021-07-28 13:25:00,14.438,"blue.ruin.1",1.03818283166109,5.10128874024526
1,2021-07-29 13:25:00,12.25,"blue.ruin.1",1.6,4.676
1,2021-07-25 13:35:00,18.062,"blue.ruin.1",0.992925362575168,7.56685948001415
1,2021-07-26 13:35:00,17.75,"blue.ruin.1",0.990486976217441,7.84798626840317
1,2021-07-27 13:35:00,18.438,"blue.ruin.1",0.459463601532567,8.19564193660745
1,2021-07-28 13:35:00,14.125,"blue.ruin.1",1.05427039448487,4.76738797395634
1,2021-07-29 13:35:00,12.188,"blue.ruin.1",1.6,4.671
1,2021-07-25 13:50:00,18.375,"blue.ruin.1",0.990966386554622,7.5444275210084
1,2021-07-26 13:50:00,18.812,"blue.ruin.1",0.971573513705945,7.50645051619794
1,2021-07-27 13:50:00,18.625,"blue.ruin.1",0.442996453900709,8.17886202450032
1,2021-07-28 13:50:00,14.812,"blue.ruin.1",1.00733964700818,4.6500055962118
1,2021-07-29 13:50:00,12.125,"blue.ruin.1",1.6,4.507
1,2021-07-25 14:00:00,18.312,"blue.ruin.1",0.995929648241206,7.89566306532663
1,2021-07-26 14:00:00,18.188,"blue.ruin.1",0.988143607705779,7.31846830122592
1,2021-07-27 14:00:00,18.688,"blue.ruin.1",0.443377926421405,8.47165217391304
1,2021-07-28 14:00:00,14.188,"blue.ruin.1",1.03567026194145,4.60059167950693
1,2021-07-29 14:00:00,12.125,"blue.ruin.1",1.6,4.57
1,2021-07-25 14:10:00,18.438,"blue.ruin.1",0.993322528363047,7.58547759319287
1,2021-07-26 14:10:00,18.312,"blue.ruin.1",0.989916405433647,7.42170376175549
1,2021-07-27 14:10:00,19,"blue.ruin.1",0.420454545454545,8.94260330578512
1,2021-07-28 14:10:00,13,"blue.ruin.1",1.6,4.528
1,2021-07-29 14:10:00,12.375,"blue.ruin.1",1.6,4.505
1,2021-07-25 14:25:00,18.812,"blue.ruin.1",0.98452736318408,7.9678855721393
1,2021-07-26 14:25:00,18.875,"blue.ruin.1",0.978313550939664,7.26562747279921
1,2021-07-27 14:25:00,19.188,"blue.ruin.1",0.605573097568677,7.48016907311192
1,2021-07-28 14:25:00,13.688,"blue.ruin.1",1.07441031267142,4.5367202413604
1,2021-07-29 14:25:00,12.188,"blue.ruin.1",1.6,4.626
1,2021-07-25 14:35:00,18.75,"blue.ruin.1",0.987633538361929,7.85733226772418
1,2021-07-26 14:35:00,18.75,"blue.ruin.1",0.982436447672499,7.43810519148234
1,2021-07-27 14:35:00,16.312,"blue.ruin.1",0.809015882902522,5.88071911893774
1,2021-07-28 14:35:00,14.188,"blue.ruin.1",1.04527665317139,4.65522402159244
1,2021-07-29 14:35:00,12,"blue.ruin.1",1.6,4.642
1,2021-07-25 14:50:00,18.938,"blue.ruin.1",0.985924563017479,7.94892421803128
1,2021-07-26 14:50:00,18.688,"blue.ruin.1",0.981123632747763,6.99240230361286
1,2021-07-27 14:50:00,15.125,"blue.ruin.1",0.889012251148545,5.36594667966031
1,2021-07-28 14:50:00,13.25,"blue.ruin.1",1.29892703862661,4.5687864806867
1,2021-07-29 14:50:00,12.125,"blue.ruin.1",1.6,4.359
1,2021-07-25 15:00:00,19.062,"blue.ruin.1",0.981369177868084,7.61520385276649
1,2021-07-26 15:00:00,18.562,"blue.ruin.1",0.987238979118329,7.76587325986079
1,2021-07-27 15:00:00,13.938,"blue.ruin.1",0.972004132231405,4.96997623966942
1,2021-07-28 15:00:00,12.875,"blue.ruin.1",1.6,4.413
1,2021-07-29 15:00:00,11.875,"blue.ruin.1",1.6,4.654
1,2021-07-25 15:10:00,19.25,"blue.ruin.1",0.984142988084326,7.86554307974335
1,2021-07-26 15:10:00,18.625,"blue.ruin.1",0.988133487909904,7.6519466296787
1,2021-07-27 15:10:00,13.375,"blue.ruin.1",1.05838607594937,4.87491693037975
1,2021-07-28 15:10:00,12.438,"blue.ruin.1",1.6,4.288
1,2021-07-29 15:10:00,11.938,"blue.ruin.1",1.6,4.379
1,2021-07-25 15:25:00,19.25,"blue.ruin.1",0.989082969432314,7.81522434497817
1,2021-07-26 15:25:00,19.188,"blue.ruin.1",0.979010989010989,7.5422
1,2021-07-27 15:25:00,13,"blue.ruin.1",1.6,4.428
1,2021-07-28 15:25:00,11.938,"blue.ruin.1",1.6,4.382
1,2021-07-29 15:25:00,11.938,"blue.ruin.1",1.6,4.428
1,2021-07-25 15:35:00,19.188,"blue.ruin.1",0.989565346829414,7.67639446263769
1,2021-07-26 15:35:00,19.312,"blue.ruin.1",0.976189725811535,7.45002387330602
1,2021-07-27 15:35:00,13.375,"blue.ruin.1",1.38604651162791,4.335
1,2021-07-28 15:35:00,11.812,"blue.ruin.1",1.6,4.278
1,2021-07-29 15:35:00,12,"blue.ruin.1",1.6,4.328
1,2021-07-25 15:50:00,19.375,"blue.ruin.1",0.983989598811293,7.56403556835067
1,2021-07-26 15:50:00,19.562,"blue.ruin.1",0.972046640073642,7.42817033599264
1,2021-07-27 15:50:00,15.375,"blue.ruin.1",0.855874637581113,5.28411368970668
1,2021-07-28 15:50:00,12.375,"blue.ruin.1",1.6,4.314
1,2021-07-29 15:50:00,12.438,"blue.ruin.1",1.6,4.276
1,2021-07-25 16:00:00,19.812,"blue.ruin.1",0.974046832782948,7.56644356049234
1,2021-07-26 16:00:00,19.562,"blue.ruin.1",0.972113355441664,7.641932205306
1,2021-07-27 16:00:00,15.688,"blue.ruin.1",0.835898468976632,5.4571240202183
1,2021-07-28 16:00:00,12,"blue.ruin.1",1.6,4.272
1,2021-07-29 16:00:00,12.062,"blue.ruin.1",1.6,4.3
1,2021-07-25 16:10:00,19.75,"blue.ruin.1",0.974449339207048,7.47236398678414
1,2021-07-26 16:10:00,19.625,"blue.ruin.1",0.972634212920837,7.17206977934486
1,2021-07-27 16:10:00,15.5,"blue.ruin.1",0.851671712518099,5.28523089257721
1,2021-07-28 16:10:00,12.312,"blue.ruin.1",1.6,4.193
1,2021-07-29 16:10:00,11.812,"blue.ruin.1",1.6,4.186
1,2021-07-25 16:25:00,19.75,"blue.ruin.1",0.972497772497772,7.2978357959608
1,2021-07-26 16:25:00,19.562,"blue.ruin.1",0.971100214526509,7.47479286699356
1,2021-07-27 16:25:00,16.562,"blue.ruin.1",0.787521090201168,5.86253094212731
1,2021-07-28 16:25:00,12.875,"blue.ruin.1",1.6,4.032
1,2021-07-29 16:25:00,11.938,"blue.ruin.1",1.6,4.119
1,2021-07-25 16:35:00,19.625,"blue.ruin.1",0.975192364604913,7.50881103876887
1,2021-07-26 16:35:00,19.5,"blue.ruin.1",0.971739130434783,7.00277173913043
1,2021-07-27 16:35:00,15.375,"blue.ruin.1",0.857008341759353,5.20344264178693
1,2021-07-28 16:35:00,12.25,"blue.ruin.1",1.6,4.223
1,2021-07-29 16:35:00,11.812,"blue.ruin.1",1.6,4.133
1,2021-07-25 16:50:00,19.688,"blue.ruin.1",0.97337888921198,7.61982931084618
1,2021-07-26 16:50:00,19.625,"blue.ruin.1",0.967082429501085,7.24924078091106
1,2021-07-27 16:50:00,14.5,"blue.ruin.1",0.906146926536732,4.41394711735042
1,2021-07-28 16:50:00,12.062,"blue.ruin.1",1.6,3.99
1,2021-07-29 16:50:00,11.812,"blue.ruin.1",1.6,4.203
1,2021-07-25 17:00:00,19.625,"blue.ruin.1",0.971982385215131,7.3741938889691
1,2021-07-26 17:00:00,19.625,"blue.ruin.1",0.96349765258216,7.03573063380282
1,2021-07-27 17:00:00,14.375,"blue.ruin.1",0.909981343283582,4.26942164179104
1,2021-07-28 17:00:00,11.812,"blue.ruin.1",1.6,3.932
1,2021-07-29 17:00:00,12,"blue.ruin.1",1.6,4.091
1,2021-07-25 17:10:00,19.688,"blue.ruin.1",0.969797395079595,7.22137568740955
1,2021-07-26 17:10:00,19.625,"blue.ruin.1",0.956616939364774,6.52819748556304
1,2021-07-27 17:10:00,13.438,"blue.ruin.1",0.983490566037736,3.9897016509434
1,2021-07-28 17:10:00,11.812,"blue.ruin.1",1.6,3.947
1,2021-07-29 17:10:00,11.938,"blue.ruin.1",1.6,3.917
1,2021-07-25 17:25:00,19.562,"blue.ruin.1",0.972850014675668,7.10371525535662
1,2021-07-26 17:25:00,19.625,"blue.ruin.1",0.951871880199667,6.80713550332779
1,2021-07-27 17:25:00,14.25,"blue.ruin.1",0.912203836028582,4.06319874183733
1,2021-07-28 17:25:00,11.688,"blue.ruin.1",1.6,3.877
1,2021-07-29 17:25:00,11.75,"blue.ruin.1",1.6,4.168
1,2021-07-25 17:35:00,19.688,"blue.ruin.1",0.971796676992396,7.52794480428048
1,2021-07-26 17:35:00,19.25,"blue.ruin.1",0.965266558966074,6.94359248788368
1,2021-07-27 17:35:00,13.562,"blue.ruin.1",0.948765124111263,3.74846451291007
1,2021-07-28 17:35:00,11.75,"blue.ruin.1",1.6,3.758
1,2021-07-29 17:35:00,11.625,"blue.ruin.1",1.6,3.869
1,2021-07-25 17:50:00,19.188,"blue.ruin.1",0.983910820789548,7.45487631354729
1,2021-07-26 17:50:00,19.188,"blue.ruin.1",0.974855842185129,7.3763595599393
1,2021-07-27 17:50:00,13.062,"blue.ruin.1",1.0669776119403,3.74438666044776
1,2021-07-28 17:50:00,11.812,"blue.ruin.1",1.6,3.758
1,2021-07-29 17:50:00,11.812,"blue.ruin.1",1.6,3.837
1,2021-07-25 18:00:00,18.375,"blue.ruin.1",1.00251479289941,7.19892196745562
1,2021-07-26 18:00:00,19.062,"blue.ruin.1",0.977451879010082,7.01503185151237
1,2021-07-27 18:00:00,11.938,"blue.ruin.1",1.6,3.67
1,2021-07-28 18:00:00,11.625,"blue.ruin.1",1.6,3.721
1,2021-07-29 18:00:00,12,"blue.ruin.1",1.6,3.785
1,2021-07-25 18:10:00,19,"blue.ruin.1",0.988494439692045,7.49388366124893
1,2021-07-26 18:10:00,19.062,"blue.ruin.1",0.978564940962761,6.87633651226158
1,2021-07-27 18:10:00,12.25,"blue.ruin.1",1.6,3.635
1,2021-07-28 18:10:00,11.5,"blue.ruin.1",1.6,3.693
1,2021-07-29 18:10:00,12.188,"blue.ruin.1",1.6,3.745
1,2021-07-25 18:25:00,19.25,"blue.ruin.1",0.983029453015428,7.30896230715287
1,2021-07-26 18:25:00,19.375,"blue.ruin.1",0.963508128785464,6.64223491791521
1,2021-07-27 18:25:00,12.062,"blue.ruin.1",1.6,3.611
1,2021-07-28 18:25:00,11.5,"blue.ruin.1",1.6,3.628
1,2021-07-29 18:25:00,12.188,"blue.ruin.1",1.6,3.658
1,2021-07-25 18:35:00,19.125,"blue.ruin.1",0.980074365704287,6.98376695100612
1,2021-07-26 18:35:00,19.438,"blue.ruin.1",0.960219567323216,6.47930614304165
1,2021-07-27 18:35:00,11.688,"blue.ruin.1",1.6,3.601
1,2021-07-28 18:35:00,11.625,"blue.ruin.1",1.6,3.566
1,2021-07-29 18:35:00,12.062,"blue.ruin.1",1.6,3.601
1,2021-07-25 18:50:00,19,"blue.ruin.1",0.983149171270718,7.13364640883978
1,2021-07-26 18:50:00,19.375,"blue.ruin.1",0.93131067961165,6.25393203883495
1,2021-07-27 18:50:00,12.5,"blue.ruin.1",1.6,3.544
1,2021-07-28 18:50:00,11.562,"blue.ruin.1",1.6,3.538
1,2021-07-29 18:50:00,11.938,"blue.ruin.1",1.6,3.585
1,2021-07-25 19:00:00,18.938,"blue.ruin.1",0.983025505716799,7.08560697009675
1,2021-07-26 19:00:00,19.312,"blue.ruin.1",0.836611570247934,6.14848234410218
1,2021-07-27 19:00:00,12.312,"blue.ruin.1",1.6,3.553
1,2021-07-28 19:00:00,11.5,"blue.ruin.1",1.6,3.549
1,2021-07-29 19:00:00,11.625,"blue.ruin.1",1.6,3.519
1,2021-07-25 19:10:00,18.875,"blue.ruin.1",0.984506531204644,6.84469657111756
1,2021-07-26 19:10:00,19.188,"blue.ruin.1",0.862960760998811,6.00425467517025
1,2021-07-27 19:10:00,12,"blue.ruin.1",1.6,3.468
1,2021-07-28 19:10:00,11.438,"blue.ruin.1",1.6,3.497
1,2021-07-29 19:10:00,12,"blue.ruin.1",1.6,3.524
1,2021-07-25 19:25:00,18.812,"blue.ruin.1",0.979216589861751,6.56626059907834
1,2021-07-26 19:25:00,19.25,"blue.ruin.1",0.741898983273204,5.92779361340529
1,2021-07-27 19:25:00,11.812,"blue.ruin.1",1.6,3.426
1,2021-07-28 19:25:00,11.562,"blue.ruin.1",1.6,3.427
1,2021-07-29 19:25:00,11.938,"blue.ruin.1",1.6,3.422
1,2021-07-25 19:35:00,18.75,"blue.ruin.1",0.973914759273875,6.17805288082084
1,2021-07-26 19:35:00,19,"blue.ruin.1",0.720393700787402,5.83879885468862
1,2021-07-27 19:35:00,11.875,"blue.ruin.1",1.6,3.423
1,2021-07-28 19:35:00,12,"blue.ruin.1",1.6,3.38
1,2021-07-29 19:35:00,11.625,"blue.ruin.1",1.6,3.408
1,2021-07-25 19:50:00,18.625,"blue.ruin.1",0.973776621687531,6.39020311737929
1,2021-07-26 19:50:00,18.75,"blue.ruin.1",0.690076649329318,5.76418933379787
1,2021-07-27 19:50:00,12.062,"blue.ruin.1",1.6,3.387
1,2021-07-28 19:50:00,11.812,"blue.ruin.1",1.6,3.388
1,2021-07-29 19:50:00,11.625,"blue.ruin.1",1.6,3.403
1,2021-07-25 20:00:00,18.625,"blue.ruin.1",0.970405608412619,5.57185152729094
1,2021-07-26 20:00:00,18.812,"blue.ruin.1",0.657757334659373,5.91817458523575
1,2021-07-27 20:00:00,11.812,"blue.ruin.1",1.6,3.347
1,2021-07-28 20:00:00,12.062,"blue.ruin.1",1.6,3.339
1,2021-07-29 20:00:00,11.688,"blue.ruin.1",1.6,3.401
1,2021-07-25 20:10:00,18.75,"blue.ruin.1",0.955666486778198,5.43009511602806
1,2021-07-26 20:10:00,18.875,"blue.ruin.1",0.638060935285782,5.846410014171
1,2021-07-27 20:10:00,11.812,"blue.ruin.1",1.6,3.31
1,2021-07-28 20:10:00,12.812,"blue.ruin.1",1.2390052356021,3.30077486910995
1,2021-07-29 20:10:00,11.562,"blue.ruin.1",1.6,3.35
1,2021-07-25 20:25:00,18.438,"blue.ruin.1",0.952315948032386,5.02003563359066
1,2021-07-26 20:25:00,18.688,"blue.ruin.1",0.638899103654332,5.64982971521698
1,2021-07-27 20:25:00,12.062,"blue.ruin.1",1.6,3.268
1,2021-07-28 20:25:00,12.125,"blue.ruin.1",1.6,3.31
1,2021-07-29 20:25:00,11.75,"blue.ruin.1",1.6,3.238
1,2021-07-25 20:35:00,18.562,"blue.ruin.1",0.926192946058091,4.93293096944549
1,2021-07-26 20:35:00,18.688,"blue.ruin.1",0.628918918918919,5.70583783783784
1,2021-07-27 20:35:00,12,"blue.ruin.1",1.6,3.209
1,2021-07-28 20:35:00,11.688,"blue.ruin.1",1.6,3.281
1,2021-07-29 20:35:00,12.688,"blue.ruin.1",1.53636363636364,3.321
1,2021-07-25 20:50:00,18.25,"blue.ruin.1",0.95487106017192,5.10719126074498
1,2021-07-26 20:50:00,18.5,"blue.ruin.1",0.634277261200338,5.56024206562668
1,2021-07-27 20:50:00,12.125,"blue.ruin.1",1.6,3.181
1,2021-07-28 20:50:00,11.562,"blue.ruin.1",1.6,3.227
1,2021-07-29 20:50:00,11.688,"blue.ruin.1",1.6,3.2
1,2021-07-25 21:00:00,18.562,"blue.ruin.1",0.911971830985915,5.18253521126761
1,2021-07-26 21:00:00,18.5,"blue.ruin.1",0.621150371411363,5.3878219050574
1,2021-07-27 21:00:00,12.938,"blue.ruin.1",1.00074349442379,2.90909433085502
1,2021-07-28 21:00:00,11.375,"blue.ruin.1",1.6,3.198
1,2021-07-29 21:00:00,11.375,"blue.ruin.1",1.6,3.188
1,2021-07-25 21:10:00,18.688,"blue.ruin.1",0.88323029366306,5.31777855838134
1,2021-07-26 21:10:00,18.375,"blue.ruin.1",0.618507491356127,5.26031187790312
1,2021-07-27 21:10:00,13.938,"blue.ruin.1",0.905718432510885,3.10073070325901
1,2021-07-28 21:10:00,10.938,"blue.ruin.1",1.6,3.146
1,2021-07-29 21:10:00,11.625,"blue.ruin.1",1.6,3.157
1,2021-07-25 21:25:00,18.625,"blue.ruin.1",0.889803129732458,5.05690560323069
1,2021-07-26 21:25:00,17,"blue.ruin.1",0.717827529021559,4.73479722599126
1,2021-07-27 21:25:00,14.812,"blue.ruin.1",0.855384945007856,3.27661334095129
1,2021-07-28 21:25:00,14.438,"blue.ruin.1",0.839830866807611,3.28486719200461
1,2021-07-29 21:25:00,11.625,"blue.ruin.1",1.6,3.102
1,2021-07-25 21:35:00,18.562,"blue.ruin.1",0.866133518776078,4.53149702870148
1,2021-07-26 21:35:00,16,"blue.ruin.1",0.784534967555876,4.29473946385266
1,2021-07-27 21:35:00,14.75,"blue.ruin.1",0.865044636323723,3.30298218538377
1,2021-07-28 21:35:00,14.875,"blue.ruin.1",0.789320812404455,3.44833866068415
1,2021-07-29 21:35:00,12.812,"blue.ruin.1",1.07166377816291,2.87763518197574
1,2021-07-25 21:50:00,18.5,"blue.ruin.1",0.740363752393108,5.02409177931195
1,2021-07-26 21:50:00,15.938,"blue.ruin.1",0.7758838159531,4.11570261147628
1,2021-07-27 21:50:00,13.312,"blue.ruin.1",0.949180327868853,2.70470938897168
1,2021-07-28 21:50:00,14.312,"blue.ruin.1",0.842613636363636,3.1561673553719
1,2021-07-29 21:50:00,14.75,"blue.ruin.1",0.837300048473097,3.4023469792447
1,2021-07-25 22:00:00,18.438,"blue.ruin.1",0.680236842105263,5.0082956937799
1,2021-07-26 22:00:00,16.312,"blue.ruin.1",0.749564032697547,4.1327901907357
1,2021-07-27 22:00:00,14.312,"blue.ruin.1",0.864107285828663,3.14256088507169
1,2021-07-28 22:00:00,14.375,"blue.ruin.1",0.831830746332128,3.12482554655636
1,2021-07-29 22:00:00,15.625,"blue.ruin.1",0.77074780058651,3.68144361503599
1,2021-07-25 22:10:00,18.25,"blue.ruin.1",0.640451745379877,5.31754153444092
1,2021-07-26 22:10:00,17.938,"blue.ruin.1",0.613125695216908,4.95899585397917
1,2021-07-27 22:10:00,13.375,"blue.ruin.1",0.920389542024917,2.77051508239085
1,2021-07-28 22:10:00,14.125,"blue.ruin.1",0.8498013798871,3.0225368254994
1,2021-07-29 22:10:00,15.625,"blue.ruin.1",0.768453355155483,3.72627138818628
1,2021-07-25 22:25:00,18.188,"blue.ruin.1",0.615709612938397,5.42943683610592
1,2021-07-26 22:25:00,18,"blue.ruin.1",0.595019262520638,5.05924701055686
1,2021-07-27 22:25:00,13,"blue.ruin.1",0.944572864321608,2.62279396984925
1,2021-07-28 22:25:00,14.25,"blue.ruin.1",0.83284561049445,3.12056875516008
1,2021-07-29 22:25:00,15.188,"blue.ruin.1",0.794364232977851,3.44515728242225
1,2021-07-25 22:35:00,18.125,"blue.ruin.1",0.609625912408759,5.20692103516921
1,2021-07-26 22:35:00,18,"blue.ruin.1",0.583566691230656,4.92205198633349
1,2021-07-27 22:35:00,13.125,"blue.ruin.1",0.927810650887574,2.67472296933835
1,2021-07-28 22:35:00,14.375,"blue.ruin.1",0.822700919632147,3.21797917196758
1,2021-07-29 22:35:00,14.75,"blue.ruin.1",0.825723499255829,3.31820797690816
1,2021-07-25 22:50:00,18.062,"blue.ruin.1",0.621447876447876,5.05702316602317
1,2021-07-26 22:50:00,17.875,"blue.ruin.1",0.581586169045005,4.81311745334797
1,2021-07-27 22:50:00,12.688,"blue.ruin.1",1.01888217522659,2.6290664652568
1,2021-07-28 22:50:00,15,"blue.ruin.1",0.768839163572406,3.3736953470606
1,2021-07-29 22:50:00,14.5,"blue.ruin.1",0.842509810612523,3.13595290905989
1,2021-07-25 23:00:00,17.938,"blue.ruin.1",0.646974248927039,4.75363246195864
1,2021-07-26 23:00:00,17.75,"blue.ruin.1",0.586455649613544,4.80499682136046
1,2021-07-27 23:00:00,12.562,"blue.ruin.1",1.07066420664207,2.66260977859779
1,2021-07-28 23:00:00,14,"blue.ruin.1",0.860439024390244,2.85148026607539
1,2021-07-29 23:00:00,15.062,"blue.ruin.1",0.795445187853834,3.3518630983016
1,2021-07-25 23:10:00,17.75,"blue.ruin.1",0.680121293800539,4.7025679980397
1,2021-07-26 23:10:00,17.75,"blue.ruin.1",0.58459767998527,4.75255184881405
1,2021-07-27 23:10:00,12.438,"blue.ruin.1",1.28905325443787,2.82411834319527
1,2021-07-28 23:10:00,12.938,"blue.ruin.1",0.94843053671769,2.54770463793134
1,2021-07-29 23:10:00,14.812,"blue.ruin.1",0.810339452719086,3.21704569071386
1,2021-07-25 23:25:00,17.812,"blue.ruin.1",0.670844686648501,4.54363388654942
1,2021-07-26 23:25:00,15.5,"blue.ruin.1",0.770436322953571,3.67146932686929
1,2021-07-27 23:25:00,12.875,"blue.ruin.1",0.935067437379576,2.598281660536
1,2021-07-28 23:25:00,14.062,"blue.ruin.1",0.850863930885529,2.92456901629688
1,2021-07-29 23:25:00,14.75,"blue.ruin.1",0.807977332170881,3.18682412617896
1,2021-07-25 23:35:00,17.75,"blue.ruin.1",0.665128755364807,4.59373975809598
1,2021-07-26 23:35:00,17.312,"blue.ruin.1",0.617786374787696,4.28878639194359
1,2021-07-27 23:35:00,12.625,"blue.ruin.1",1.00035335689046,2.59316254416961
1,2021-07-28 23:35:00,14.562,"blue.ruin.1",0.803639921722114,3.02423518946807
1,2021-07-29 23:35:00,15.438,"blue.ruin.1",0.751489138051857,3.06086322227177
1,2021-07-25 23:50:00,17.688,"blue.ruin.1",0.658908352916044,4.64652366432969
1,2021-07-26 23:50:00,17.562,"blue.ruin.1",0.590033783783784,4.47763820638821
1,2021-07-27 23:50:00,14.062,"blue.ruin.1",0.831565012747598,2.82347715238282
1,2021-07-28 23:50:00,14.688,"blue.ruin.1",0.782326820603908,3.03874858711448
1,2021-07-29 23:50:00,15.312,"blue.ruin.1",0.757314042251021,3.30673030679599
