ibutton,date.time,time,hour,ibutton.temp,site,fish.depth,dissolved.oxygen
6,7/25/2021 0:00,0:00,0,14.688,norwood.mouth,0.985643564,6.140697195
6,7/25/2021 0:10,0:10,0,14.562,norwood.mouth,1.028084648,5.845559093
6,7/25/2021 0:25,0:25,0,14.625,norwood.mouth,0.970833333,5.95840625
6,7/25/2021 0:35,0:35,0,15,norwood.mouth,0.921847345,5.995692616
6,7/25/2021 0:50,0:50,0,14.625,norwood.mouth,0.960822249,5.677894498
6,7/25/2021 1:00,1:00,1,14.75,norwood.mouth,0.936773795,5.62463288
6,7/25/2021 1:10,1:10,1,14.688,norwood.mouth,0.941203105,5.543016494
6,7/25/2021 1:25,1:25,1,14.812,norwood.mouth,0.909673519,5.552560157
6,7/25/2021 1:35,1:35,1,14.875,norwood.mouth,0.899315068,5.559356164
6,7/25/2021 1:50,1:50,1,16,norwood.mouth,0.768768012,6.105707913
6,7/25/2021 2:00,2:00,2,14.688,norwood.mouth,0.92414966,5.237759637
6,7/25/2021 2:10,2:10,2,14.812,norwood.mouth,0.901655629,5.290033113
6,7/25/2021 2:25,2:25,2,14.812,norwood.mouth,0.890135635,5.297269266
6,7/25/2021 2:35,2:35,2,14.062,norwood.mouth,1.013977567,4.451369176
6,7/25/2021 2:50,2:50,2,14.812,norwood.mouth,0.870652174,5.130405797
6,7/25/2021 3:00,3:00,3,14.125,norwood.mouth,0.9807393,4.50061284
6,7/25/2021 3:10,3:10,3,14.875,norwood.mouth,0.866228992,5.051985951
6,7/25/2021 3:25,3:25,3,14.875,norwood.mouth,0.835763826,5.13673298
6,7/25/2021 3:35,3:35,3,14.688,norwood.mouth,0.848908694,5.017397599
6,7/25/2021 3:50,3:50,3,14.188,norwood.mouth,0.9375,4.43990625
6,7/25/2021 4:00,4:00,4,14,norwood.mouth,0.964240903,4.226671895
6,7/25/2021 4:10,4:10,4,14.625,norwood.mouth,0.845187943,4.817240497
6,7/25/2021 4:25,4:25,4,14.438,norwood.mouth,0.897627119,4.516479661
6,7/25/2021 4:35,4:35,4,14.562,norwood.mouth,0.853696498,4.669622082
6,7/25/2021 4:50,4:50,4,13.812,norwood.mouth,1.008476027,3.799578981
6,7/25/2021 5:00,5:00,5,14.125,norwood.mouth,0.913291139,4.277223629
6,7/25/2021 5:10,5:10,5,14.812,norwood.mouth,0.81606505,4.77537869
6,7/25/2021 5:25,5:25,5,14.875,norwood.mouth,0.809451849,4.799893373
6,7/25/2021 5:35,5:35,5,14.625,norwood.mouth,0.833419097,4.492226796
6,7/25/2021 5:50,5:50,5,14.5,norwood.mouth,0.841186051,4.54246203
6,7/25/2021 6:00,6:00,6,13.438,norwood.mouth,1.077809798,3.247735951
6,7/25/2021 6:10,6:10,6,13.75,norwood.mouth,0.968769716,3.796841483
6,7/25/2021 6:25,6:25,6,13.375,norwood.mouth,1.091334569,3.111995366
6,7/25/2021 6:35,6:35,6,14,norwood.mouth,0.878197227,4.290451849
6,7/25/2021 6:50,6:50,6,14.625,norwood.mouth,0.791679477,4.740985268
6,7/25/2021 7:00,7:00,7,14.312,norwood.mouth,0.817234848,4.380830966
6,7/25/2021 7:10,7:10,7,14.438,norwood.mouth,0.796747888,4.636975699
6,7/25/2021 7:25,7:25,7,13.812,norwood.mouth,0.907081911,4.090167875
6,7/25/2021 7:35,7:35,7,14.188,norwood.mouth,0.82370575,4.481630414
6,7/25/2021 7:50,7:50,7,14.125,norwood.mouth,0.819872424,4.618555283
6,7/25/2021 8:00,8:00,8,13.875,norwood.mouth,0.840178747,4.492885943
6,7/25/2021 8:10,8:10,8,14.375,norwood.mouth,0.790622598,4.739497502
6,7/25/2021 8:25,8:25,8,13.938,norwood.mouth,0.840044462,4.522954572
6,7/25/2021 8:35,8:35,8,14.125,norwood.mouth,0.828695477,4.6350122
6,7/25/2021 8:50,8:50,8,12.875,norwood.mouth,1.222797927,2.412718048
6,7/25/2021 9:00,9:00,9,13.375,norwood.mouth,0.994200351,3.730711555
6,7/25/2021 9:10,9:10,9,13.062,norwood.mouth,1.113471503,3.086098446
6,7/25/2021 9:25,9:25,9,13,norwood.mouth,1.151285714,2.927838571
6,7/25/2021 9:35,9:35,9,12.562,norwood.mouth,1.3565356,1.828051497
6,7/25/2021 9:50,9:50,9,12.5,norwood.mouth,1.423852184,1.480214539
6,7/25/2021 10:00,10:00,10,13.625,norwood.mouth,0.924861878,4.340354282
6,7/25/2021 10:10,10:10,10,12.875,norwood.mouth,1.307312253,2.215382082
6,7/25/2021 10:25,10:25,10,12.75,norwood.mouth,1.322119816,2.12778053
6,7/25/2021 10:35,10:35,10,13,norwood.mouth,1.219329214,2.791067851
6,7/25/2021 10:50,10:50,10,13.75,norwood.mouth,0.968811881,4.34629703
6,7/25/2021 11:00,11:00,11,12.438,norwood.mouth,1.463046757,1.469991516
6,7/25/2021 11:10,11:10,11,13.438,norwood.mouth,1.022750643,4.095266067
6,7/25/2021 11:25,11:25,11,13.938,norwood.mouth,1.049598833,4.130933929
6,7/25/2021 11:35,11:35,11,13.062,norwood.mouth,1.480069324,1.912468371
6,7/25/2021 11:50,11:50,11,13.438,norwood.mouth,1.327556326,3.135482236
6,7/25/2021 12:00,12:00,12,12.688,norwood.mouth,1.46486698,2.611843897
6,7/25/2021 12:10,12:10,12,13.5,norwood.mouth,1.322834646,3.437549213
6,7/25/2021 12:25,12:25,12,13.375,norwood.mouth,1.437033084,3.093105656
6,7/25/2021 12:35,12:35,12,14.312,norwood.mouth,0.947021277,5.564461702
6,7/25/2021 12:50,12:50,12,13.125,norwood.mouth,1.48172043,3.331121416
6,7/25/2021 13:00,13:00,13,13.188,norwood.mouth,1.484170854,3.508373534
6,7/25/2021 13:10,13:10,13,12.688,norwood.mouth,1.55,3.467416667
6,7/25/2021 13:25,13:25,13,12.188,norwood.mouth,1.55,3.721416667
6,7/25/2021 13:35,13:35,13,13.125,norwood.mouth,1.465037594,4.265879699
6,7/25/2021 13:50,13:50,13,13.75,norwood.mouth,1.393639208,4.652380648
6,7/25/2021 14:00,14:00,14,12.75,norwood.mouth,1.55,4.178333333
6,7/25/2021 14:10,14:10,14,13.625,norwood.mouth,1.467675941,4.712988543
6,7/25/2021 14:25,14:25,14,13.812,norwood.mouth,1.381439084,5.257246423
6,7/25/2021 14:35,14:35,14,13.625,norwood.mouth,1.459448819,5.146283465
6,7/25/2021 14:50,14:50,14,12.938,norwood.mouth,1.55,5.188
6,7/25/2021 15:00,15:00,15,13.812,norwood.mouth,1.400894188,5.94308768
6,7/25/2021 15:10,15:10,15,13.875,norwood.mouth,1.385980479,6.109689996
6,7/25/2021 15:25,15:25,15,13.188,norwood.mouth,1.55,5.746583333
6,7/25/2021 15:35,15:35,15,12.562,norwood.mouth,1.55,5.917833333
6,7/25/2021 15:50,15:50,15,13.25,norwood.mouth,1.55,6.150166667
6,7/25/2021 16:00,16:00,16,13.125,norwood.mouth,1.55,6.394
6,7/25/2021 16:10,16:10,16,13.188,norwood.mouth,1.55,6.5665
6,7/25/2021 16:25,16:25,16,13.438,norwood.mouth,1.55,6.714833333
6,7/25/2021 16:35,16:35,16,13.25,norwood.mouth,1.55,6.952166667
6,7/25/2021 16:50,16:50,16,13.75,norwood.mouth,1.48021978,7.475166209
6,7/25/2021 17:00,17:00,17,12.688,norwood.mouth,1.55,7.174916667
6,7/25/2021 17:10,17:10,17,13.5,norwood.mouth,1.55,7.085666667
6,7/25/2021 17:25,17:25,17,13.25,norwood.mouth,1.55,7.27125
6,7/25/2021 17:35,17:35,17,13.625,norwood.mouth,1.55,7.50275
6,7/25/2021 17:50,17:50,17,14.188,norwood.mouth,1.388185255,8.142167297
6,7/25/2021 18:00,18:00,18,13.812,norwood.mouth,1.499408284,7.983502465
6,7/25/2021 18:10,18:10,18,14.25,norwood.mouth,1.379146635,8.396198918
6,7/25/2021 18:25,18:25,18,14.312,norwood.mouth,1.371206226,8.424206226
6,7/25/2021 18:35,18:35,18,13.625,norwood.mouth,1.55,7.99375
6,7/25/2021 18:50,18:50,18,13.625,norwood.mouth,1.55,8.143833333
6,7/25/2021 19:00,19:00,19,13.188,norwood.mouth,1.55,8.171833333
6,7/25/2021 19:10,19:10,19,13.312,norwood.mouth,1.55,8.142416667
6,7/25/2021 19:25,19:25,19,13.125,norwood.mouth,1.55,8.230583333
6,7/25/2021 19:35,19:35,19,13,norwood.mouth,1.55,8.15
6,7/25/2021 19:50,19:50,19,12.875,norwood.mouth,1.55,8.005333333
6,7/25/2021 20:00,20:00,20,13.375,norwood.mouth,1.55,7.954333333
6,7/25/2021 20:10,20:10,20,13.438,norwood.mouth,1.55,7.756166667
6,7/25/2021 20:25,20:25,20,13.312,norwood.mouth,1.55,7.53625
6,7/25/2021 20:35,20:35,20,13.75,norwood.mouth,1.490374332,7.600770945
6,7/25/2021 20:50,20:50,20,14.125,norwood.mouth,1.373719165,7.658067362
6,7/25/2021 21:00,21:00,21,13.438,norwood.mouth,1.55,7.149
6,7/25/2021 21:10,21:10,21,13.312,norwood.mouth,1.55,6.963416667
6,7/25/2021 21:25,21:25,21,14.188,norwood.mouth,1.326809314,7.252520296
6,7/25/2021 21:35,21:35,21,13.312,norwood.mouth,1.55,6.571416667
6,7/25/2021 21:50,21:50,21,13.375,norwood.mouth,1.55,6.13625
6,7/25/2021 22:00,22:00,22,13,norwood.mouth,1.55,5.780166667
6,7/25/2021 22:10,22:10,22,13,norwood.mouth,1.55,5.591083333
6,7/25/2021 22:25,22:25,22,17.188,norwood.mouth,0.764258848,8.187811677
6,7/25/2021 22:35,22:35,22,14,norwood.mouth,1.301764706,6.008205882
6,7/25/2021 22:50,22:50,22,12.625,norwood.mouth,1.55,4.71275
6,7/25/2021 23:00,23:00,23,12.312,norwood.mouth,1.55,4.489083333
6,7/25/2021 23:10,23:10,23,14.938,norwood.mouth,0.993188011,6.526678928
6,7/25/2021 23:25,23:25,23,14.938,norwood.mouth,0.986287313,6.207713853
6,7/25/2021 23:35,23:35,23,15.062,norwood.mouth,0.966084559,6.157831801
6,7/25/2021 23:50,23:50,23,13.75,norwood.mouth,1.333892617,4.349712528
6,7/26/2021 0:00,0:00,0,15.375,norwood.mouth,0.881288344,6.187052147
6,7/26/2021 0:10,0:10,0,14.5,norwood.mouth,1.052382813,5.348100879
6,7/26/2021 0:25,0:25,0,15.312,norwood.mouth,0.89259434,5.882130896
6,7/26/2021 0:35,0:35,0,15.75,norwood.mouth,0.820501774,6.108380132
6,7/26/2021 0:50,0:50,0,14.688,norwood.mouth,0.965190583,5.293314041
6,7/26/2021 1:00,1:00,1,14.688,norwood.mouth,0.955177515,5.248341346
6,7/26/2021 1:10,1:10,1,14.625,norwood.mouth,0.965909091,5.090193182
6,7/26/2021 1:25,1:25,1,14.875,norwood.mouth,0.92009901,5.19329901
6,7/26/2021 1:35,1:35,1,14.562,norwood.mouth,0.957593123,4.926123209
6,7/26/2021 1:50,1:50,1,14.75,norwood.mouth,0.932339236,4.942287628
6,7/26/2021 2:00,2:00,2,14.938,norwood.mouth,0.902085222,5.001877267
6,7/26/2021 2:10,2:10,2,14.375,norwood.mouth,0.971055437,4.619178038
6,7/26/2021 2:25,2:25,2,14.688,norwood.mouth,0.920372184,4.749076885
6,7/26/2021 2:35,2:35,2,14.625,norwood.mouth,0.93469697,4.614247222
6,7/26/2021 2:50,2:50,2,14.938,norwood.mouth,0.8875,4.7381875
6,7/26/2021 3:00,3:00,3,14.25,norwood.mouth,0.970645793,4.246574609
6,7/26/2021 3:10,3:10,3,14.625,norwood.mouth,0.930174927,4.436460641
6,7/26/2021 3:25,3:25,3,14.25,norwood.mouth,0.963493621,4.200188665
6,7/26/2021 3:35,3:35,3,14.375,norwood.mouth,0.934423676,4.312179907
6,7/26/2021 3:50,3:50,3,14.5,norwood.mouth,0.906339713,4.393666866
6,7/26/2021 4:00,4:00,4,14.562,norwood.mouth,0.881445783,4.494779819
6,7/26/2021 4:10,4:10,4,14.375,norwood.mouth,0.91539924,4.300749683
6,7/26/2021 4:25,4:25,4,14.875,norwood.mouth,0.83573665,4.682340668
6,7/26/2021 4:35,4:35,4,13.688,norwood.mouth,1.068733154,3.34252965
6,7/26/2021 4:50,4:50,4,14.25,norwood.mouth,0.912393888,4.18254584
6,7/26/2021 5:00,5:00,5,13.938,norwood.mouth,0.980669145,3.757310719
6,7/26/2021 5:10,5:10,5,14.125,norwood.mouth,0.936753731,3.971547108
6,7/26/2021 5:25,5:25,5,14.562,norwood.mouth,0.89054505,4.188353726
6,7/26/2021 5:35,5:35,5,17.188,norwood.mouth,0.615217391,5.650608696
6,7/26/2021 5:50,5:50,5,14.75,norwood.mouth,0.82077862,4.523582856
6,7/26/2021 6:00,6:00,6,14.938,norwood.mouth,0.806162876,4.591688677
6,7/26/2021 6:10,6:10,6,15.062,norwood.mouth,0.790011161,4.666088309
6,7/26/2021 6:25,6:25,6,15,norwood.mouth,0.787215046,4.65265397
6,7/26/2021 6:35,6:35,6,14.438,norwood.mouth,0.832774588,4.422632154
6,7/26/2021 6:50,6:50,6,14.812,norwood.mouth,0.793220798,4.608536303
6,7/26/2021 7:00,7:00,7,14.438,norwood.mouth,0.821824523,4.462655653
6,7/26/2021 7:10,7:10,7,15.188,norwood.mouth,0.75,4.846416667
6,7/26/2021 7:25,7:25,7,14.25,norwood.mouth,0.832692308,4.421336538
6,7/26/2021 7:35,7:35,7,14.375,norwood.mouth,0.819553707,4.480353127
6,7/26/2021 7:50,7:50,7,15.562,norwood.mouth,0.710752056,5.076462691
6,7/26/2021 8:00,8:00,8,16,norwood.mouth,0.665387627,5.321829679
6,7/26/2021 8:10,8:10,8,14.5,norwood.mouth,0.804340141,4.536373576
6,7/26/2021 8:25,8:25,8,15.188,norwood.mouth,0.728386167,5.016720461
6,7/26/2021 8:35,8:35,8,15.75,norwood.mouth,0.671516355,5.351308786
6,7/26/2021 8:50,8:50,8,15.062,norwood.mouth,0.744746717,5.00290197
6,7/26/2021 9:00,9:00,9,14.5,norwood.mouth,0.796502463,4.760070443
6,7/26/2021 9:10,9:10,9,13.938,norwood.mouth,0.867119565,4.46427106
6,7/26/2021 9:25,9:25,9,14.5,norwood.mouth,0.817709984,4.805971804
6,7/26/2021 9:35,9:35,9,13.25,norwood.mouth,1.08002681,3.376571046
6,7/26/2021 9:50,9:50,9,13.125,norwood.mouth,1.156898106,3.047281673
6,7/26/2021 10:00,10:00,10,12.5,norwood.mouth,1.435909519,1.517904768
6,7/26/2021 10:10,10:10,10,12.375,norwood.mouth,1.450574713,1.466791188
6,7/26/2021 10:25,10:25,10,12.25,norwood.mouth,1.55,0.991
6,7/26/2021 10:35,10:35,10,12.25,norwood.mouth,1.55,1.000916667
6,7/26/2021 10:50,10:50,10,12.188,norwood.mouth,1.55,1.173666667
6,7/26/2021 11:00,11:00,11,12.125,norwood.mouth,1.55,1.194833333
6,7/26/2021 11:10,11:10,11,12.062,norwood.mouth,1.55,1.352583333
6,7/26/2021 11:25,11:25,11,11.938,norwood.mouth,1.55,1.550666667
6,7/26/2021 11:35,11:35,11,12.75,norwood.mouth,1.481233933,2.134555913
6,7/26/2021 11:50,11:50,11,12.625,norwood.mouth,1.456721698,2.625030366
6,7/26/2021 12:00,12:00,12,12.375,norwood.mouth,1.55,2.316
6,7/26/2021 12:10,12:10,12,12.25,norwood.mouth,1.55,2.533583333
6,7/26/2021 12:25,12:25,12,12.312,norwood.mouth,1.55,2.893666667
6,7/26/2021 12:35,12:35,12,12.188,norwood.mouth,1.55,3.098666667
6,7/26/2021 12:50,12:50,12,12.188,norwood.mouth,1.55,3.436333333
6,7/26/2021 13:00,13:00,13,12.188,norwood.mouth,1.55,3.631083333
6,7/26/2021 13:10,13:10,13,12.5,norwood.mouth,1.55,3.732666667
6,7/26/2021 13:25,13:25,13,12.75,norwood.mouth,1.55,3.93325
6,7/26/2021 13:35,13:35,13,12.438,norwood.mouth,1.55,4.048416667
6,7/26/2021 13:50,13:50,13,13,norwood.mouth,1.55,4.301166667
6,7/26/2021 14:00,14:00,14,12.938,norwood.mouth,1.55,4.543833333
6,7/26/2021 14:10,14:10,14,12.812,norwood.mouth,1.55,4.774833333
6,7/26/2021 14:25,14:25,14,13.375,norwood.mouth,1.479237288,5.297132415
6,7/26/2021 14:35,14:35,14,12.312,norwood.mouth,1.55,5.239
6,7/26/2021 14:50,14:50,14,12.625,norwood.mouth,1.55,5.433416667
6,7/26/2021 15:00,15:00,15,12.438,norwood.mouth,1.55,5.582666667
6,7/26/2021 15:10,15:10,15,12.438,norwood.mouth,1.55,5.671166667
6,7/26/2021 15:25,15:25,15,13,norwood.mouth,1.55,5.990916667
6,7/26/2021 15:35,15:35,15,13,norwood.mouth,1.55,6.240833333
6,7/26/2021 15:50,15:50,15,12.938,norwood.mouth,1.55,6.372
6,7/26/2021 16:00,16:00,16,13.438,norwood.mouth,1.55,6.514666667
6,7/26/2021 16:10,16:10,16,13.5,norwood.mouth,1.55,6.724416667
6,7/26/2021 16:25,16:25,16,13.25,norwood.mouth,1.55,6.80475
6,7/26/2021 16:35,16:35,16,13.062,norwood.mouth,1.55,6.822416667
6,7/26/2021 16:50,16:50,16,13.188,norwood.mouth,1.55,7.072166667
6,7/26/2021 17:00,17:00,17,13.062,norwood.mouth,1.55,7.251583333
6,7/26/2021 17:10,17:10,17,13.062,norwood.mouth,1.55,7.300416667
6,7/26/2021 17:25,17:25,17,13.625,norwood.mouth,1.55,7.345583333
6,7/26/2021 17:35,17:35,17,13.75,norwood.mouth,1.472727273,7.668742424
6,7/26/2021 17:50,17:50,17,13.188,norwood.mouth,1.55,7.671416667
6,7/26/2021 18:00,18:00,18,13.312,norwood.mouth,1.55,7.7525
6,7/26/2021 18:10,18:10,18,13.375,norwood.mouth,1.55,7.744166667
6,7/26/2021 18:25,18:25,18,13.562,norwood.mouth,1.55,7.87175
6,7/26/2021 18:35,18:35,18,13.125,norwood.mouth,1.55,7.824083333
6,7/26/2021 18:50,18:50,18,13.188,norwood.mouth,1.55,7.938
6,7/26/2021 19:00,19:00,19,13.312,norwood.mouth,1.55,8.089583333
6,7/26/2021 19:10,19:10,19,13.938,norwood.mouth,1.444508847,8.51440543
6,7/26/2021 19:25,19:25,19,14,norwood.mouth,1.417619926,8.43816167
6,7/26/2021 19:35,19:35,19,13.625,norwood.mouth,1.55,8.0425
6,7/26/2021 19:50,19:50,19,13.938,norwood.mouth,1.42551956,8.238164502
6,7/26/2021 20:00,20:00,20,13.562,norwood.mouth,1.55,7.983833333
6,7/26/2021 20:10,20:10,20,13.312,norwood.mouth,1.55,7.923416667
6,7/26/2021 20:25,20:25,20,13.625,norwood.mouth,1.498292683,7.909579268
6,7/26/2021 20:35,20:35,20,13.312,norwood.mouth,1.55,7.609416667
6,7/26/2021 20:50,20:50,20,13.875,norwood.mouth,1.410141988,7.771248732
6,7/26/2021 21:00,21:00,21,13.75,norwood.mouth,1.43720527,7.563863384
6,7/26/2021 21:10,21:10,21,12.812,norwood.mouth,1.55,7.10425
6,7/26/2021 21:25,21:25,21,13,norwood.mouth,1.55,6.791166667
6,7/26/2021 21:35,21:35,21,13,norwood.mouth,1.55,6.679083333
6,7/26/2021 21:50,21:50,21,14.312,norwood.mouth,1.212381646,7.615736435
6,7/26/2021 22:00,22:00,22,13.625,norwood.mouth,1.428682457,6.807828275
6,7/26/2021 22:10,22:10,22,12.25,norwood.mouth,1.55,6.283333333
6,7/26/2021 22:25,22:25,22,15.125,norwood.mouth,0.946022727,8.031644886
6,7/26/2021 22:35,22:35,22,14.062,norwood.mouth,1.254256966,6.836497872
6,7/26/2021 22:50,22:50,22,14.562,norwood.mouth,1.076951673,7.237460967
6,7/26/2021 23:00,23:00,23,14.688,norwood.mouth,1.019761171,7.216393394
6,7/26/2021 23:10,23:10,23,14.375,norwood.mouth,1.116629213,6.552755337
6,7/26/2021 23:25,23:25,23,14.875,norwood.mouth,0.9697,6.710953
6,7/26/2021 23:35,23:35,23,14.688,norwood.mouth,0.994380403,6.392172911
6,7/26/2021 23:50,23:50,23,14.75,norwood.mouth,0.973411885,6.241133453
6,7/27/2021 0:00,0:00,0,13.75,norwood.mouth,1.292118027,4.827290825
6,7/27/2021 0:10,0:10,0,14.875,norwood.mouth,0.93480826,6.182155359
6,7/27/2021 0:25,0:25,0,14.938,norwood.mouth,0.908946213,6.096264544
6,7/27/2021 0:35,0:35,0,14.688,norwood.mouth,0.957781457,5.800027732
6,7/27/2021 0:50,0:50,0,14.25,norwood.mouth,1.063297463,5.172468101
6,7/27/2021 1:00,1:00,1,14.312,norwood.mouth,1.018467337,5.237118405
6,7/27/2021 1:10,1:10,1,13.938,norwood.mouth,1.13015873,4.64480291
6,7/27/2021 1:25,1:25,1,13.5,norwood.mouth,1.295757072,3.682288686
6,7/27/2021 1:35,1:35,1,13.625,norwood.mouth,1.224408414,3.878891762
6,7/27/2021 1:50,1:50,1,13.375,norwood.mouth,1.330743565,3.179691849
6,7/27/2021 2:00,2:00,2,13.812,norwood.mouth,1.156824034,3.941374356
6,7/27/2021 2:10,2:10,2,13.938,norwood.mouth,1.124528302,3.971240566
6,7/27/2021 2:25,2:25,2,14.5,norwood.mouth,0.945121951,4.803195122
6,7/27/2021 2:35,2:35,2,14.562,norwood.mouth,0.925241676,4.844441058
6,7/27/2021 2:50,2:50,2,14.812,norwood.mouth,0.853341149,5.090709555
6,7/27/2021 3:00,3:00,3,14.625,norwood.mouth,0.910260586,4.736544517
6,7/27/2021 3:10,3:10,3,14.062,norwood.mouth,1.013366337,4.129868812
6,7/27/2021 3:25,3:25,3,15.25,norwood.mouth,0.804260014,5.135421928
6,7/27/2021 3:35,3:35,3,13.938,norwood.mouth,0.998371777,4.043952849
6,7/27/2021 3:50,3:50,3,14.75,norwood.mouth,0.845058089,4.771877449
6,7/27/2021 4:00,4:00,4,14.375,norwood.mouth,0.904607251,4.403124811
6,7/27/2021 4:10,4:10,4,14.75,norwood.mouth,0.829993275,4.71888576
6,7/27/2021 4:25,4:25,4,14.688,norwood.mouth,0.84371179,4.6377131
6,7/27/2021 4:35,4:35,4,14.625,norwood.mouth,0.843849938,4.58203321
6,7/27/2021 4:50,4:50,4,14.625,norwood.mouth,0.841568593,4.49595231
6,7/27/2021 5:00,5:00,5,14.562,norwood.mouth,0.835945853,4.475611312
6,7/27/2021 5:10,5:10,5,14.438,norwood.mouth,0.851184834,4.393043641
6,7/27/2021 5:25,5:25,5,14.5,norwood.mouth,0.836901069,4.402865219
6,7/27/2021 5:35,5:35,5,14.625,norwood.mouth,0.835254692,4.418284406
6,7/27/2021 5:50,5:50,5,18,norwood.mouth,0.53,6.061033333
6,7/27/2021 6:00,6:00,6,17.875,norwood.mouth,0.547668482,5.991342779
6,7/27/2021 6:10,6:10,6,18.25,norwood.mouth,0.500573116,6.122784474
6,7/27/2021 6:25,6:25,6,18.188,norwood.mouth,0.47745098,6.147542484
6,7/27/2021 6:35,6:35,6,15.188,norwood.mouth,0.757191363,4.673227697
6,7/27/2021 6:50,6:50,6,15.5,norwood.mouth,0.740925926,4.797453704
6,7/27/2021 7:00,7:00,7,15.062,norwood.mouth,0.77362106,4.670084169
6,7/27/2021 7:10,7:10,7,15.062,norwood.mouth,0.774986109,4.671951287
6,7/27/2021 7:25,7:25,7,15.562,norwood.mouth,0.727386197,4.897114537
6,7/27/2021 7:35,7:35,7,15.188,norwood.mouth,0.74399384,4.872912004
6,7/27/2021 7:50,7:50,7,15.375,norwood.mouth,0.738170213,4.933097872
6,7/27/2021 8:00,8:00,8,16,norwood.mouth,0.677134042,5.258543252
6,7/27/2021 8:10,8:10,8,15.5,norwood.mouth,0.723149394,4.99080507
6,7/27/2021 8:25,8:25,8,15.438,norwood.mouth,0.724661476,5.044898626
6,7/27/2021 8:35,8:35,8,15.25,norwood.mouth,0.732580418,5.114945304
6,7/27/2021 8:50,8:50,8,14.938,norwood.mouth,0.767698949,4.931076107
6,7/27/2021 9:00,9:00,9,15.688,norwood.mouth,0.692352092,5.473094757
6,7/27/2021 9:10,9:10,9,15.438,norwood.mouth,0.717690696,5.354834206
6,7/27/2021 9:25,9:25,9,15.375,norwood.mouth,0.716530685,5.442271048
6,7/27/2021 9:35,9:35,9,14.75,norwood.mouth,0.773983664,5.187495313
6,7/27/2021 9:50,9:50,9,14.25,norwood.mouth,0.815423112,5.078752351
6,7/27/2021 10:00,10:00,10,14.062,norwood.mouth,0.832826476,5.071701252
6,7/27/2021 10:10,10:10,10,13.938,norwood.mouth,0.84488912,5.076929198
6,7/27/2021 10:25,10:25,10,12.688,norwood.mouth,1.370283019,2.551773585
6,7/27/2021 10:35,10:35,10,12.375,norwood.mouth,1.451282051,2.170516026
6,7/27/2021 10:50,10:50,10,11.938,norwood.mouth,1.55,1.79475
6,7/27/2021 11:00,11:00,11,12.125,norwood.mouth,1.55,1.930916667
6,7/27/2021 11:10,11:10,11,12.875,norwood.mouth,1.321089023,3.218531115
6,7/27/2021 11:25,11:25,11,12,norwood.mouth,1.55,2.287
6,7/27/2021 11:35,11:35,11,12.312,norwood.mouth,1.55,2.411916667
6,7/27/2021 11:50,11:50,11,13.125,norwood.mouth,1.310536981,3.802819698
6,7/27/2021 12:00,12:00,12,12.938,norwood.mouth,1.493877551,3.210956633
6,7/27/2021 12:10,12:10,12,13.438,norwood.mouth,1.320072333,4.214030967
6,7/27/2021 12:25,12:25,12,12.812,norwood.mouth,1.476253298,3.781351473
6,7/27/2021 12:35,12:35,12,12.875,norwood.mouth,1.441454202,3.973924969
6,7/27/2021 12:50,12:50,12,13.25,norwood.mouth,1.274616079,4.98512022
6,7/27/2021 13:00,13:00,13,13.062,norwood.mouth,1.489603025,4.257518667
6,7/27/2021 13:10,13:10,13,14,norwood.mouth,0.989150943,6.376194182
6,7/27/2021 13:25,13:25,13,13.188,norwood.mouth,1.497272727,4.68290303
6,7/27/2021 13:35,13:35,13,15,norwood.mouth,0.829511901,7.244235211
6,7/27/2021 13:50,13:50,13,13.312,norwood.mouth,1.385397412,5.538018946
6,7/27/2021 14:00,14:00,14,13.312,norwood.mouth,1.382149047,5.81090338
6,7/27/2021 14:10,14:10,14,13.062,norwood.mouth,1.487619048,5.433963889
6,7/27/2021 14:25,14:25,14,13.375,norwood.mouth,1.414262821,5.876815037
6,7/27/2021 14:35,14:35,14,13.75,norwood.mouth,1.249410841,6.595990606
6,7/27/2021 14:50,14:50,14,13.875,norwood.mouth,1.273305085,6.639059322
6,7/27/2021 15:00,15:00,15,15.312,norwood.mouth,0.856818182,7.947931818
6,7/27/2021 15:10,15:10,15,15.188,norwood.mouth,0.896751412,7.835997999
6,7/27/2021 15:25,15:25,15,14.625,norwood.mouth,1.04887218,7.756221491
6,7/27/2021 15:35,15:35,15,14.75,norwood.mouth,0.995387063,7.976467126
6,7/27/2021 15:50,15:50,15,15.562,norwood.mouth,0.881326435,8.407330668
6,7/27/2021 16:00,16:00,16,15.125,norwood.mouth,0.941247834,8.372493718
6,7/27/2021 16:10,16:10,16,15.125,norwood.mouth,0.940045767,8.355994279
6,7/27/2021 16:25,16:25,16,14.875,norwood.mouth,0.998498635,8.412673339
6,7/27/2021 16:35,16:35,16,13.875,norwood.mouth,1.320651444,7.826530557
6,7/27/2021 16:50,16:50,16,13.938,norwood.mouth,1.313070116,8.020436521
6,7/27/2021 17:00,17:00,17,14.375,norwood.mouth,1.172115385,8.342286058
6,7/27/2021 17:10,17:10,17,13.812,norwood.mouth,1.364573042,8.036233327
6,7/27/2021 17:25,17:25,17,12.875,norwood.mouth,1.55,7.852333333
6,7/27/2021 17:35,17:35,17,12.938,norwood.mouth,1.55,7.956083333
6,7/27/2021 17:50,17:50,17,12.562,norwood.mouth,1.55,8.009916667
6,7/27/2021 18:00,18:00,18,13.188,norwood.mouth,1.55,8.1395
6,7/27/2021 18:10,18:10,18,13.562,norwood.mouth,1.45994152,8.40541423
6,7/27/2021 18:25,18:25,18,14.062,norwood.mouth,1.31630655,8.660482782
6,7/27/2021 18:35,18:35,18,14.625,norwood.mouth,1.156547619,8.908100198
6,7/27/2021 18:50,18:50,18,13.562,norwood.mouth,1.472836538,8.468613782
6,7/27/2021 19:00,19:00,19,13.375,norwood.mouth,1.55,8.34975
6,7/27/2021 19:10,19:10,19,14.062,norwood.mouth,1.311464286,8.670140268
6,7/27/2021 19:25,19:25,19,13.438,norwood.mouth,1.55,8.448666667
6,7/27/2021 19:35,19:35,19,13.875,norwood.mouth,1.371859986,8.61807035
6,7/27/2021 19:50,19:50,19,13.812,norwood.mouth,1.386804613,8.489838619
6,7/27/2021 20:00,20:00,20,13.625,norwood.mouth,1.446316508,8.351828445
6,7/27/2021 20:10,20:10,20,13.375,norwood.mouth,1.55,8.066
6,7/27/2021 20:25,20:25,20,13.125,norwood.mouth,1.55,7.812333333
6,7/27/2021 20:35,20:35,20,13.375,norwood.mouth,1.55,7.731166667
6,7/27/2021 20:50,20:50,20,13.312,norwood.mouth,1.55,7.493833333
6,7/27/2021 21:00,21:00,21,13.812,norwood.mouth,1.328007813,7.726063086
6,7/27/2021 21:10,21:10,21,14.438,norwood.mouth,1.117113565,8.005208991
6,7/27/2021 21:25,21:25,21,13.25,norwood.mouth,1.55,6.995416667
6,7/27/2021 21:35,21:35,21,12.438,norwood.mouth,1.55,6.955
6,7/27/2021 21:50,21:50,21,12.5,norwood.mouth,1.55,6.603083333
6,7/27/2021 22:00,22:00,22,13.312,norwood.mouth,1.45955414,6.436550955
6,7/27/2021 22:10,22:10,22,13.5,norwood.mouth,1.380361648,6.371178301
6,7/27/2021 22:25,22:25,22,13.625,norwood.mouth,1.306885246,6.212168443
6,7/27/2021 22:35,22:35,22,14.062,norwood.mouth,1.154802956,6.52377186
6,7/27/2021 22:50,22:50,22,13.5,norwood.mouth,1.335958904,5.603797945
6,7/27/2021 23:00,23:00,23,12.188,norwood.mouth,1.55,4.723416667
6,7/27/2021 23:10,23:10,23,12.5,norwood.mouth,1.55,4.50825
6,7/27/2021 23:25,23:25,23,12,norwood.mouth,1.55,4.332916667
6,7/27/2021 23:35,23:35,23,12.062,norwood.mouth,1.55,4.156
6,7/27/2021 23:50,23:50,23,12.562,norwood.mouth,1.55,3.79375
6,7/28/2021 0:00,0:00,0,12.312,norwood.mouth,1.55,3.522333333
6,7/28/2021 0:10,0:10,0,14.25,norwood.mouth,1.013771997,5.523070773
6,7/28/2021 0:25,0:25,0,13.438,norwood.mouth,1.276810415,4.253230879
6,7/28/2021 0:35,0:35,0,13.125,norwood.mouth,1.390248963,3.627406639
6,7/28/2021 0:50,0:50,0,14,norwood.mouth,1.084681182,4.833851866
6,7/28/2021 1:00,1:00,1,14.375,norwood.mouth,0.954292929,5.306078704
6,7/28/2021 1:10,1:10,1,14.062,norwood.mouth,1.05338403,4.772992966
6,7/28/2021 1:25,1:25,1,14.812,norwood.mouth,0.835800413,5.640427164
6,7/28/2021 1:35,1:35,1,14.188,norwood.mouth,0.968450185,4.939001845
6,7/28/2021 1:50,1:50,1,15,norwood.mouth,0.811959975,5.547561825
6,7/28/2021 2:00,2:00,2,14.812,norwood.mouth,0.82083926,5.47206733
6,7/28/2021 2:10,2:10,2,14.875,norwood.mouth,0.820659554,5.373622818
6,7/28/2021 2:25,2:25,2,14.5,norwood.mouth,0.841226658,5.166934133
6,7/28/2021 2:35,2:35,2,15,norwood.mouth,0.798964618,5.265993097
6,7/28/2021 2:50,2:50,2,14.125,norwood.mouth,0.934561753,4.510426544
6,7/28/2021 3:00,3:00,3,14.688,norwood.mouth,0.839398085,4.951780153
6,7/28/2021 3:10,3:10,3,14.625,norwood.mouth,0.822408163,5.00391483
6,7/28/2021 3:25,3:25,3,14.5,norwood.mouth,0.835328058,4.873152544
6,7/28/2021 3:35,3:35,3,13.875,norwood.mouth,0.980263158,4.072575658
6,7/28/2021 3:50,3:50,3,14.438,norwood.mouth,0.833178654,4.720246616
6,7/28/2021 4:00,4:00,4,14.75,norwood.mouth,0.805887149,4.82290093
6,7/28/2021 4:10,4:10,4,14.625,norwood.mouth,0.813687151,4.809348696
6,7/28/2021 4:25,4:25,4,14.188,norwood.mouth,0.88940678,4.357706568
6,7/28/2021 4:35,4:35,4,14.375,norwood.mouth,0.83325,4.63336125
6,7/28/2021 4:50,4:50,4,14.562,norwood.mouth,0.820054293,4.677281685
6,7/28/2021 5:00,5:00,5,14.688,norwood.mouth,0.81748179,4.691968132
6,7/28/2021 5:10,5:10,5,14.625,norwood.mouth,0.81174485,4.680915065
6,7/28/2021 5:25,5:25,5,14.875,norwood.mouth,0.781284822,4.789367832
6,7/28/2021 5:35,5:35,5,14.625,norwood.mouth,0.801604599,4.664109662
6,7/28/2021 5:50,5:50,5,14.5,norwood.mouth,0.803431373,4.592548203
6,7/28/2021 6:00,6:00,6,15,norwood.mouth,0.755607949,4.817722536
6,7/28/2021 6:10,6:10,6,14.688,norwood.mouth,0.780924904,4.680721079
6,7/28/2021 6:25,6:25,6,14.625,norwood.mouth,0.783018868,4.66213522
6,7/28/2021 6:35,6:35,6,14,norwood.mouth,0.836567935,4.376872654
6,7/28/2021 6:50,6:50,6,14.5,norwood.mouth,0.797345133,4.573915929
6,7/28/2021 7:00,7:00,7,14.625,norwood.mouth,0.782753573,4.564854371
6,7/28/2021 7:10,7:10,7,13.812,norwood.mouth,0.864906832,4.212782609
6,7/28/2021 7:25,7:25,7,13.938,norwood.mouth,0.828528657,4.45048004
6,7/28/2021 7:35,7:35,7,14.312,norwood.mouth,0.797645759,4.632665817
6,7/28/2021 7:50,7:50,7,14.438,norwood.mouth,0.791483804,4.664245037
6,7/28/2021 8:00,8:00,8,14.438,norwood.mouth,0.787522093,4.707079961
6,7/28/2021 8:10,8:10,8,13.562,norwood.mouth,0.898214286,4.19165625
6,7/28/2021 8:25,8:25,8,14.188,norwood.mouth,0.803947368,4.68460636
6,7/28/2021 8:35,8:35,8,13.75,norwood.mouth,0.84213364,4.561234002
6,7/28/2021 8:50,8:50,8,14.188,norwood.mouth,0.802971167,4.806181361
6,7/28/2021 9:00,9:00,9,14.25,norwood.mouth,0.787708078,4.921174128
6,7/28/2021 9:10,9:10,9,14.188,norwood.mouth,0.800831146,4.880069408
6,7/28/2021 9:25,9:25,9,13.5,norwood.mouth,0.913552632,4.321015132
6,7/28/2021 9:35,9:35,9,13.938,norwood.mouth,0.831178111,4.873310735
6,7/28/2021 9:50,9:50,9,12.938,norwood.mouth,1.202590674,2.895803109
6,7/28/2021 10:00,10:00,10,12.938,norwood.mouth,1.202590674,2.966267271
6,7/28/2021 10:10,10:10,10,12.875,norwood.mouth,1.260917031,2.719466157
6,7/28/2021 10:25,10:25,10,12.5,norwood.mouth,1.43124368,1.918705806
6,7/28/2021 10:35,10:35,10,13.25,norwood.mouth,1.027108434,4.137578313
6,7/28/2021 10:50,10:50,10,12.562,norwood.mouth,1.368356457,2.409346318
6,7/28/2021 11:00,11:00,11,12.938,norwood.mouth,1.221587462,3.304086957
6,7/28/2021 11:10,11:10,11,12.375,norwood.mouth,1.484722222,1.916445602
6,7/28/2021 11:25,11:25,11,12.375,norwood.mouth,1.55,1.735583333
6,7/28/2021 11:35,11:35,11,12.188,norwood.mouth,1.55,1.868416667
6,7/28/2021 11:50,11:50,11,12.812,norwood.mouth,1.481132075,2.483889151
6,7/28/2021 12:00,12:00,12,12.625,norwood.mouth,1.452706186,3.01673518
6,7/28/2021 12:10,12:10,12,12.688,norwood.mouth,1.47016129,3.10074664
6,7/28/2021 12:25,12:25,12,12.562,norwood.mouth,1.55,3.036
6,7/28/2021 12:35,12:35,12,12.25,norwood.mouth,1.55,3.078583333
6,7/28/2021 12:50,12:50,12,12.375,norwood.mouth,1.55,3.43825
6,7/28/2021 13:00,13:00,13,12.562,norwood.mouth,1.55,3.5925
6,7/28/2021 13:10,13:10,13,12.562,norwood.mouth,1.55,3.669416667
6,7/28/2021 13:25,13:25,13,12.125,norwood.mouth,1.55,4.050083333
6,7/28/2021 13:35,13:35,13,12.25,norwood.mouth,1.55,4.34875
6,7/28/2021 13:50,13:50,13,12.188,norwood.mouth,1.55,4.470166667
6,7/28/2021 14:00,14:00,14,12,norwood.mouth,1.55,4.917583333
6,7/28/2021 14:10,14:10,14,12.312,norwood.mouth,1.55,4.789166667
6,7/28/2021 14:25,14:25,14,12.438,norwood.mouth,1.55,4.882083333
6,7/28/2021 14:35,14:35,14,12.688,norwood.mouth,1.55,4.984833333
6,7/28/2021 14:50,14:50,14,12.562,norwood.mouth,1.55,5.382
6,7/28/2021 15:00,15:00,15,12.688,norwood.mouth,1.55,5.497083333
6,7/28/2021 15:10,15:10,15,12.562,norwood.mouth,1.55,5.721916667
6,7/28/2021 15:25,15:25,15,12.938,norwood.mouth,1.55,5.94125
6,7/28/2021 15:35,15:35,15,13,norwood.mouth,1.55,6.193916667
6,7/28/2021 15:50,15:50,15,16.125,norwood.mouth,0.812547771,8.524682803
6,7/28/2021 16:00,16:00,16,15.375,norwood.mouth,0.929676259,8.329605665
6,7/28/2021 16:10,16:10,16,14.5,norwood.mouth,1.182213557,7.663545291
6,7/28/2021 16:25,16:25,16,14.5,norwood.mouth,1.171090794,7.925416378
6,7/28/2021 16:35,16:35,16,13.188,norwood.mouth,1.55,6.979916667
6,7/28/2021 16:50,16:50,16,13.188,norwood.mouth,1.55,7.066666667
6,7/28/2021 17:00,17:00,17,13.25,norwood.mouth,1.55,7.126333333
6,7/28/2021 17:10,17:10,17,13.5,norwood.mouth,1.485989011,7.397763049
6,7/28/2021 17:25,17:25,17,13.188,norwood.mouth,1.55,7.328083333
6,7/28/2021 17:35,17:35,17,13.5,norwood.mouth,1.487740385,7.581358373
6,7/28/2021 17:50,17:50,17,14.125,norwood.mouth,1.282191235,8.158806375
6,7/28/2021 18:00,18:00,18,14.125,norwood.mouth,1.276895161,8.145766935
6,7/28/2021 18:10,18:10,18,13.5,norwood.mouth,1.493835616,7.724780822
6,7/28/2021 18:25,18:25,18,14.812,norwood.mouth,1.037128713,9.061113861
6,7/28/2021 18:35,18:35,18,14.625,norwood.mouth,1.113228155,8.743727852
6,7/28/2021 18:50,18:50,18,14.875,norwood.mouth,1.004854772,9.01059668
6,7/28/2021 19:00,19:00,19,13.5,norwood.mouth,1.492285714,8.087801905
6,7/28/2021 19:10,19:10,19,13,norwood.mouth,1.55,7.959333333
6,7/28/2021 19:25,19:25,19,13.562,norwood.mouth,1.475815217,8.114790761
6,7/28/2021 19:35,19:35,19,13.938,norwood.mouth,1.346260601,8.328954896
6,7/28/2021 19:50,19:50,19,13.688,norwood.mouth,1.4333081,8.133985238
6,7/28/2021 20:00,20:00,20,14.562,norwood.mouth,1.138512035,8.54157221
6,7/28/2021 20:10,20:10,20,13.562,norwood.mouth,1.46356383,7.88746742
6,7/28/2021 20:25,20:25,20,13.875,norwood.mouth,1.343519216,8.002835908
6,7/28/2021 20:35,20:35,20,13.5,norwood.mouth,1.458724832,7.718004474
6,7/28/2021 20:50,20:50,20,13.688,norwood.mouth,1.393873085,7.783558807
6,7/28/2021 21:00,21:00,21,12.938,norwood.mouth,1.55,7.364666667
6,7/28/2021 21:10,21:10,21,12.562,norwood.mouth,1.55,7.2015
6,7/28/2021 21:25,21:25,21,12.625,norwood.mouth,1.55,6.968333333
6,7/28/2021 21:35,21:35,21,12.875,norwood.mouth,1.55,6.821833333
6,7/28/2021 21:50,21:50,21,13,norwood.mouth,1.55,6.47625
6,7/28/2021 22:00,22:00,22,13.562,norwood.mouth,1.367961538,6.787350962
6,7/28/2021 22:10,22:10,22,13.125,norwood.mouth,1.55,6.12125
6,7/28/2021 22:25,22:25,22,13.25,norwood.mouth,1.462916667,6.000067014
6,7/28/2021 22:35,22:35,22,12.938,norwood.mouth,1.55,5.48925
6,7/28/2021 22:50,22:50,22,12.875,norwood.mouth,1.55,5.09875
6,7/28/2021 23:00,23:00,23,12.938,norwood.mouth,1.55,4.95925
6,7/28/2021 23:10,23:10,23,12.812,norwood.mouth,1.55,4.745666667
6,7/28/2021 23:25,23:25,23,12.938,norwood.mouth,1.55,4.459666667
6,7/28/2021 23:35,23:35,23,12.688,norwood.mouth,1.55,4.184416667
6,7/28/2021 23:50,23:50,23,12.625,norwood.mouth,1.55,3.922916667
6,7/29/2021 0:00,0:00,0,12.562,norwood.mouth,1.55,3.725916667
6,7/29/2021 0:10,0:10,0,11.938,norwood.mouth,1.55,3.56225
6,7/29/2021 0:25,0:25,0,12.25,norwood.mouth,1.55,3.227916667
6,7/29/2021 0:35,0:35,0,12.438,norwood.mouth,1.55,3.104333333
6,7/29/2021 0:50,0:50,0,14.938,norwood.mouth,0.824714493,6.108259772
6,7/29/2021 1:00,1:00,1,14,norwood.mouth,1.037756849,5.040515839
6,7/29/2021 1:10,1:10,1,13.812,norwood.mouth,1.115289256,4.584247934
6,7/29/2021 1:25,1:25,1,13.875,norwood.mouth,1.051209677,4.663232863
6,7/29/2021 1:35,1:35,1,14.25,norwood.mouth,0.925,5.185375
6,7/29/2021 1:50,1:50,1,14,norwood.mouth,0.981415929,4.731576327
6,7/29/2021 2:00,2:00,2,14.375,norwood.mouth,0.864450867,5.231678709
6,7/29/2021 2:10,2:10,2,14.875,norwood.mouth,0.809629331,5.439512288
6,7/29/2021 2:25,2:25,2,12.312,norwood.mouth,1.55,1.61075
6,7/29/2021 2:35,2:35,2,14,norwood.mouth,0.953047776,4.514931425
6,7/29/2021 2:50,2:50,2,13.875,norwood.mouth,1.012388988,4.112790742
6,7/29/2021 3:00,3:00,3,14.5,norwood.mouth,0.836479678,4.987470426
6,7/29/2021 3:10,3:10,3,14.562,norwood.mouth,0.819677102,5.012790909
6,7/29/2021 3:25,3:25,3,14.625,norwood.mouth,0.8151362,4.985371395
6,7/29/2021 3:35,3:35,3,14.375,norwood.mouth,0.836925383,4.813958902
6,7/29/2021 3:50,3:50,3,14.062,norwood.mouth,0.888844622,4.467569721
6,7/29/2021 4:00,4:00,4,14.188,norwood.mouth,0.845227729,4.666595278
6,7/29/2021 4:10,4:10,4,14.625,norwood.mouth,0.812620856,4.811129331
6,7/29/2021 4:25,4:25,4,14.25,norwood.mouth,0.839792417,4.602410162
6,7/29/2021 4:35,4:35,4,12.938,norwood.mouth,1.30845987,2.029911605
6,7/29/2021 4:50,4:50,4,14.438,norwood.mouth,0.823336807,4.596770091
6,7/29/2021 5:00,5:00,5,14.875,norwood.mouth,0.785343294,4.723266809
6,7/29/2021 5:10,5:10,5,15.25,norwood.mouth,0.751420959,4.902430284
6,7/29/2021 5:25,5:25,5,13.875,norwood.mouth,0.918449198,3.872822638
6,7/29/2021 5:35,5:35,5,13.938,norwood.mouth,0.88119469,4.141958518
6,7/29/2021 5:50,5:50,5,14.812,norwood.mouth,0.789262881,4.527096904
6,7/29/2021 6:00,6:00,6,14.688,norwood.mouth,0.783858998,4.677456633
6,7/29/2021 6:10,6:10,6,14.375,norwood.mouth,0.806399053,4.457683719
6,7/29/2021 6:25,6:25,6,15.312,norwood.mouth,0.721019678,4.837455575
6,7/29/2021 6:35,6:35,6,15.062,norwood.mouth,0.735714286,4.870619048
6,7/29/2021 6:50,6:50,6,15.125,norwood.mouth,0.737639422,4.860955065
6,7/29/2021 7:00,7:00,7,14.562,norwood.mouth,0.781928839,4.487178293
6,7/29/2021 7:10,7:10,7,14.25,norwood.mouth,0.818406593,4.343708562
6,7/29/2021 7:25,7:25,7,14,norwood.mouth,0.83266473,4.263766972
6,7/29/2021 7:35,7:35,7,14.375,norwood.mouth,0.791613781,4.485873376
6,7/29/2021 7:50,7:50,7,14.312,norwood.mouth,0.801810637,4.437293364
6,7/29/2021 8:00,8:00,8,14.562,norwood.mouth,0.778796005,4.567464953
6,7/29/2021 8:10,8:10,8,14.625,norwood.mouth,0.771954916,4.681984435
6,7/29/2021 8:25,8:25,8,14.125,norwood.mouth,0.810578187,4.481139947
6,7/29/2021 8:35,8:35,8,15.875,norwood.mouth,0.642124195,5.290639152
6,7/29/2021 8:50,8:50,8,16.438,norwood.mouth,0.597944944,5.634259367
6,7/29/2021 9:00,9:00,9,15.062,norwood.mouth,0.71727581,5.150648471
6,7/29/2021 9:10,9:10,9,14.688,norwood.mouth,0.760239732,4.942469429
6,7/29/2021 9:25,9:25,9,14.75,norwood.mouth,0.754319249,5.103126213
6,7/29/2021 9:35,9:35,9,13.375,norwood.mouth,0.932783019,4.169228184
6,7/29/2021 9:50,9:50,9,12.938,norwood.mouth,1.202200614,2.815386131
6,7/29/2021 10:00,10:00,10,13.188,norwood.mouth,1.023329493,3.859110311
6,7/29/2021 10:10,10:10,10,13.875,norwood.mouth,0.847228183,4.907377727
6,7/29/2021 10:25,10:25,10,12.625,norwood.mouth,1.345667447,2.255525176
6,7/29/2021 10:35,10:35,10,13.188,norwood.mouth,1.070343681,3.78942087
6,7/29/2021 10:50,10:50,10,12.5,norwood.mouth,1.413580931,1.961394401
6,7/29/2021 11:00,11:00,11,13.188,norwood.mouth,1.098408624,3.696701617
6,7/29/2021 11:10,11:10,11,13.625,norwood.mouth,0.945614035,4.643748538
6,7/29/2021 11:25,11:25,11,14.062,norwood.mouth,0.846847983,5.527280004
6,7/29/2021 11:35,11:35,11,13.25,norwood.mouth,1.276953511,3.171351385
6,7/29/2021 11:50,11:50,11,14.25,norwood.mouth,0.866666667,5.628625
6,7/29/2021 12:00,12:00,12,13.125,norwood.mouth,1.429104478,3.008825871
6,7/29/2021 12:10,12:10,12,14,norwood.mouth,0.993333333,5.234727778
6,7/29/2021 12:25,12:25,12,13.062,norwood.mouth,1.489108911,3.101634076
6,7/29/2021 12:35,12:35,12,12.312,norwood.mouth,1.55,3.195
6,7/29/2021 12:50,12:50,12,14.312,norwood.mouth,0.84495549,6.349372651
6,7/29/2021 13:00,13:00,13,14.938,norwood.mouth,0.798641146,6.68219231
6,7/29/2021 13:10,13:10,13,13,norwood.mouth,1.485585586,3.642716592
6,7/29/2021 13:25,13:25,13,13.312,norwood.mouth,1.472081218,4.000069162
6,7/29/2021 13:35,13:35,13,13.188,norwood.mouth,1.481369427,4.321339703
6,7/29/2021 13:50,13:50,13,12.5,norwood.mouth,1.55,4.101
6,7/29/2021 14:00,14:00,14,13,norwood.mouth,1.55,4.417666667
6,7/29/2021 14:10,14:10,14,12.375,norwood.mouth,1.55,4.468
6,7/29/2021 14:25,14:25,14,13.562,norwood.mouth,1.414624183,5.31201137
6,7/29/2021 14:35,14:35,14,13.125,norwood.mouth,1.55,5.042416667
6,7/29/2021 14:50,14:50,14,14,norwood.mouth,1.267600575,6.353406011
6,7/29/2021 15:00,15:00,15,12.75,norwood.mouth,1.55,5.556
6,7/29/2021 15:10,15:10,15,13.188,norwood.mouth,1.55,5.64625
6,7/29/2021 15:25,15:25,15,12.812,norwood.mouth,1.55,5.853416667
6,7/29/2021 15:35,15:35,15,13.812,norwood.mouth,1.394458281,6.475040473
6,7/29/2021 15:50,15:50,15,13.75,norwood.mouth,1.433463796,6.75375424
6,7/29/2021 16:00,16:00,16,14.812,norwood.mouth,1.126086957,7.72286413
6,7/29/2021 16:10,16:10,16,13.812,norwood.mouth,1.384636872,7.041265363
6,7/29/2021 16:25,16:25,16,14.375,norwood.mouth,1.252994186,7.633018968
6,7/29/2021 16:35,16:35,16,13.438,norwood.mouth,1.55,6.904
6,7/29/2021 16:50,16:50,16,13.562,norwood.mouth,1.55,7.087833333
6,7/29/2021 17:00,17:00,17,14.188,norwood.mouth,1.335090192,7.879260287
6,7/29/2021 17:10,17:10,17,14.688,norwood.mouth,1.213482143,8.483309375
6,7/29/2021 17:25,17:25,17,14.062,norwood.mouth,1.381160714,8.053589509
6,7/29/2021 17:35,17:35,17,14.812,norwood.mouth,1.181172457,8.849279622
6,7/29/2021 17:50,17:50,17,14.375,norwood.mouth,1.315584416,8.545073052
6,7/29/2021 18:00,18:00,18,14.375,norwood.mouth,1.316230678,8.682111177
6,7/29/2021 18:10,18:10,18,12.812,norwood.mouth,1.55,7.945666667
6,7/29/2021 18:25,18:25,18,14.625,norwood.mouth,1.258689116,8.904353503
6,7/29/2021 18:35,18:35,18,13.188,norwood.mouth,1.55,8.063166667
6,7/29/2021 18:50,18:50,18,13.062,norwood.mouth,1.55,8.123
6,7/29/2021 19:00,19:00,19,13.125,norwood.mouth,1.55,8.140833333
6,7/29/2021 19:10,19:10,19,13.438,norwood.mouth,1.55,8.1635
6,7/29/2021 19:25,19:25,19,13.438,norwood.mouth,1.55,8.16625
6,7/29/2021 19:35,19:35,19,13.312,norwood.mouth,1.55,8.170833333
6,7/29/2021 19:50,19:50,19,13.25,norwood.mouth,1.55,8.01175
6,7/29/2021 20:00,20:00,20,13.25,norwood.mouth,1.55,7.982166667
6,7/29/2021 20:10,20:10,20,13.188,norwood.mouth,1.55,7.973083333
6,7/29/2021 20:25,20:25,20,12.75,norwood.mouth,1.55,7.80825
6,7/29/2021 20:35,20:35,20,12.688,norwood.mouth,1.55,7.714083333
6,7/29/2021 20:50,20:50,20,12.625,norwood.mouth,1.55,7.527166667
6,7/29/2021 21:00,21:00,21,12.688,norwood.mouth,1.55,7.404583333
6,7/29/2021 21:10,21:10,21,12.5,norwood.mouth,1.55,7.27375
6,7/29/2021 21:25,21:25,21,12.438,norwood.mouth,1.55,7.05525
6,7/29/2021 21:35,21:35,21,15.562,norwood.mouth,0.953688525,8.019430669
6,7/29/2021 21:50,21:50,21,14.062,norwood.mouth,1.313799157,7.082757813
6,7/29/2021 22:00,22:00,22,14.75,norwood.mouth,1.09349455,7.425564714
6,7/29/2021 22:10,22:10,22,13.875,norwood.mouth,1.34195171,6.531177565
6,7/29/2021 22:25,22:25,22,13.125,norwood.mouth,1.55,5.515583333
6,7/29/2021 22:35,22:35,22,12.812,norwood.mouth,1.55,5.31025
6,7/29/2021 22:50,22:50,22,13.625,norwood.mouth,1.386382536,5.555153846
6,7/29/2021 23:00,23:00,23,12.688,norwood.mouth,1.55,4.65975
6,7/29/2021 23:10,23:10,23,12.312,norwood.mouth,1.55,4.456583333
6,7/29/2021 23:25,23:25,23,12.375,norwood.mouth,1.55,4.103166667
6,7/29/2021 23:35,23:35,23,12.312,norwood.mouth,1.55,3.935833333
6,7/29/2021 23:50,23:50,23,12.312,norwood.mouth,1.55,3.6635
6,7/30/2021 0:00,0:00,0,12.312,norwood.mouth,1.55,3.465916667
6,7/30/2021 0:10,0:10,0,14.438,norwood.mouth,1.033265638,5.592559708
6,7/30/2021 0:25,0:25,0,12.312,norwood.mouth,1.55,2.929583333
6,7/30/2021 0:35,0:35,0,12.625,norwood.mouth,1.55,2.746416667
6,7/30/2021 0:50,0:50,0,12.188,norwood.mouth,1.55,2.519833333
6,7/30/2021 1:00,1:00,1,15,norwood.mouth,0.894314559,5.455568013
6,7/30/2021 1:10,1:10,1,14.375,norwood.mouth,0.988576779,4.895534332
6,7/30/2021 1:25,1:25,1,14.625,norwood.mouth,0.931497797,4.993377386
6,7/30/2021 1:35,1:35,1,13.625,norwood.mouth,1.229641256,3.445859641
6,7/30/2021 1:50,1:50,1,13.5,norwood.mouth,1.261656166,3.129557606
6,7/30/2021 2:00,2:00,2,14.188,norwood.mouth,0.996213184,4.371850105
6,7/30/2021 2:10,2:10,2,14.688,norwood.mouth,0.895266272,4.77398003
6,7/30/2021 2:25,2:25,2,14.25,norwood.mouth,0.957865169,4.338898876
6,7/30/2021 2:35,2:35,2,14,norwood.mouth,0.996316964,4.088830915
6,7/30/2021 2:50,2:50,2,14.688,norwood.mouth,0.884712042,4.566811518
6,7/30/2021 3:00,3:00,3,15.188,norwood.mouth,0.82508332,4.827020208
6,7/30/2021 3:10,3:10,3,14.75,norwood.mouth,0.836901256,4.812742017
6,7/30/2021 3:25,3:25,3,14.625,norwood.mouth,0.86451005,4.554544755
6,7/30/2021 3:35,3:35,3,14.812,norwood.mouth,0.83811047,4.620416134
6,7/30/2021 3:50,3:50,3,14.875,norwood.mouth,0.849917205,4.508948681
6,7/30/2021 4:00,4:00,4,14.688,norwood.mouth,0.845686275,4.487215033
6,7/30/2021 4:10,4:10,4,14.875,norwood.mouth,0.827629513,4.533132849
6,7/30/2021 4:25,4:25,4,14.5,norwood.mouth,0.848902649,4.395861682
6,7/30/2021 4:35,4:35,4,14.688,norwood.mouth,0.839931796,4.382759229
6,7/30/2021 4:50,4:50,4,14.562,norwood.mouth,0.869482577,4.190277851
6,7/30/2021 5:00,5:00,5,14.312,norwood.mouth,0.876293103,4.147487428
6,7/30/2021 5:10,5:10,5,13.75,norwood.mouth,0.986229508,3.522046721
6,7/30/2021 5:25,5:25,5,14.125,norwood.mouth,0.918617021,3.81599867
6,7/30/2021 5:35,5:35,5,15,norwood.mouth,0.812767738,4.433116271
6,7/30/2021 5:50,5:50,5,14.5,norwood.mouth,0.855040556,4.174713789
6,7/30/2021 6:00,6:00,6,14.5,norwood.mouth,0.843834265,4.197408007
6,7/30/2021 6:10,6:10,6,14.312,norwood.mouth,0.880069124,3.976600518
6,7/30/2021 6:25,6:25,6,14.812,norwood.mouth,0.812600402,4.282651523
6,7/30/2021 6:35,6:35,6,14.062,norwood.mouth,0.895762712,3.824783898
6,7/30/2021 6:50,6:50,6,14.812,norwood.mouth,0.799188658,4.359415478
6,7/30/2021 7:00,7:00,7,15.5,norwood.mouth,0.74322449,4.672342041
6,7/30/2021 7:10,7:10,7,14.125,norwood.mouth,0.863161876,4.030480711
6,7/30/2021 7:25,7:25,7,14.625,norwood.mouth,0.83772952,4.080052951
6,7/30/2021 7:35,7:35,7,14.438,norwood.mouth,0.830957924,4.168438869
6,7/30/2021 7:50,7:50,7,15.438,norwood.mouth,0.744243641,4.745030344
6,7/30/2021 8:00,8:00,8,14.812,norwood.mouth,0.797758679,4.497794517
6,7/30/2021 8:10,8:10,8,15.812,norwood.mouth,0.707865535,4.980471823
6,7/30/2021 8:25,8:25,8,15.312,norwood.mouth,0.751894002,4.803121823
6,7/30/2021 8:35,8:35,8,14.75,norwood.mouth,0.80183011,4.48581932
6,7/30/2021 8:50,8:50,8,14.562,norwood.mouth,0.81229591,4.474553106
6,7/30/2021 9:00,9:00,9,14.5,norwood.mouth,0.808623549,4.600588516
6,7/30/2021 9:10,9:10,9,14.438,norwood.mouth,0.818677301,4.605930237
6,7/30/2021 9:25,9:25,9,14.75,norwood.mouth,0.796214457,4.800512504
6,7/30/2021 9:35,9:35,9,14.312,norwood.mouth,0.82494211,4.728362512
6,7/30/2021 9:50,9:50,9,14.188,norwood.mouth,0.836801115,4.800507255
6,7/30/2021 10:00,10:00,10,12.812,norwood.mouth,1.326020408,2.37673852
6,7/30/2021 10:10,10:10,10,13.312,norwood.mouth,1.144339623,3.335716981
6,7/30/2021 10:25,10:25,10,13,norwood.mouth,1.286679537,2.727442085
6,7/30/2021 10:35,10:35,10,12.562,norwood.mouth,1.497870075,1.801593495
6,7/30/2021 10:50,10:50,10,13,norwood.mouth,1.251964085,3.14925622
6,7/30/2021 11:00,11:00,11,12.375,norwood.mouth,1.55,1.816416667
6,7/30/2021 11:10,11:10,11,12.375,norwood.mouth,1.55,1.989083333
6,7/30/2021 11:25,11:25,11,12.438,norwood.mouth,1.55,2.241083333
6,7/30/2021 11:35,11:35,11,11.938,norwood.mouth,1.55,2.453666667
6,7/30/2021 11:50,11:50,11,11.875,norwood.mouth,1.55,2.739333333
6,7/30/2021 12:00,12:00,12,11.875,norwood.mouth,1.55,2.809166667
6,7/30/2021 12:10,12:10,12,11.812,norwood.mouth,1.55,2.963916667
6,7/30/2021 12:25,12:25,12,11.75,norwood.mouth,1.55,3.369833333
6,7/30/2021 12:35,12:35,12,11.75,norwood.mouth,1.55,3.546083333
6,7/30/2021 12:50,12:50,12,11.938,norwood.mouth,1.55,3.8165
6,7/30/2021 13:00,13:00,13,11.812,norwood.mouth,1.55,3.954916667
6,7/30/2021 13:10,13:10,13,11.812,norwood.mouth,1.55,4.199333333
6,7/30/2021 13:25,13:25,13,11.75,norwood.mouth,1.55,4.375083333
6,7/30/2021 13:35,13:35,13,11.75,norwood.mouth,1.55,4.481083333
6,7/30/2021 13:50,13:50,13,11.812,norwood.mouth,1.55,4.640833333
6,7/30/2021 14:00,14:00,14,11.812,norwood.mouth,1.55,4.733083333
6,7/30/2021 14:10,14:10,14,12,norwood.mouth,1.55,4.601333333
6,7/30/2021 14:25,14:25,14,11.938,norwood.mouth,1.55,4.986916667
6,7/30/2021 14:35,14:35,14,11.875,norwood.mouth,1.55,5.130666667
6,7/30/2021 14:50,14:50,14,13.5,norwood.mouth,1.185344828,6.355068247
6,7/30/2021 15:00,15:00,15,11.875,norwood.mouth,1.55,5.2715
6,7/30/2021 15:10,15:10,15,12.125,norwood.mouth,1.55,5.249666667
6,7/30/2021 15:25,15:25,15,13.062,norwood.mouth,1.397355036,5.775902594
6,7/30/2021 15:35,15:35,15,11.875,norwood.mouth,1.55,5.332833333
6,7/30/2021 15:50,15:50,15,12.125,norwood.mouth,1.55,5.400333333
6,7/30/2021 16:00,16:00,16,11.938,norwood.mouth,1.55,5.518916667
6,7/30/2021 16:10,16:10,16,12,norwood.mouth,1.55,5.644416667
6,7/30/2021 16:25,16:25,16,12,norwood.mouth,1.55,5.909
6,7/30/2021 16:35,16:35,16,12.188,norwood.mouth,1.55,6.028916667
6,7/30/2021 16:50,16:50,16,12.125,norwood.mouth,1.55,6.264333333
6,7/30/2021 17:00,17:00,17,12.625,norwood.mouth,1.55,6.379833333
6,7/30/2021 17:10,17:10,17,12.375,norwood.mouth,1.55,6.514333333
6,7/30/2021 17:25,17:25,17,12.375,norwood.mouth,1.55,6.656166667
6,7/30/2021 17:35,17:35,17,12.5,norwood.mouth,1.55,6.669083333
6,7/30/2021 17:50,17:50,17,12.438,norwood.mouth,1.55,6.537333333
6,7/30/2021 18:00,18:00,18,12.688,norwood.mouth,1.55,6.596583333
6,7/30/2021 18:10,18:10,18,13.062,norwood.mouth,1.438986014,6.890542395
6,7/30/2021 18:25,18:25,18,12.438,norwood.mouth,1.55,6.752083333
6,7/30/2021 18:35,18:35,18,12.25,norwood.mouth,1.55,6.706166667
6,7/30/2021 18:50,18:50,18,12.375,norwood.mouth,1.55,6.6245
6,7/30/2021 19:00,19:00,19,12.5,norwood.mouth,1.55,6.574333333
6,7/30/2021 19:10,19:10,19,12.562,norwood.mouth,1.55,6.540083333
6,7/30/2021 19:25,19:25,19,12.75,norwood.mouth,1.55,6.466
6,7/30/2021 19:35,19:35,19,12.438,norwood.mouth,1.55,6.4365
6,7/30/2021 19:50,19:50,19,12.562,norwood.mouth,1.55,6.29425
6,7/30/2021 20:00,20:00,20,12.25,norwood.mouth,1.55,6.219833333
6,7/30/2021 20:10,20:10,20,12.25,norwood.mouth,1.55,6.170666667
6,7/30/2021 20:25,20:25,20,12.188,norwood.mouth,1.55,6.053583333
6,7/30/2021 20:35,20:35,20,12.312,norwood.mouth,1.55,5.954833333
6,7/30/2021 20:50,20:50,20,11.875,norwood.mouth,1.55,5.824416667
6,7/30/2021 21:00,21:00,21,11.812,norwood.mouth,1.55,5.704833333
6,7/30/2021 21:10,21:10,21,11.812,norwood.mouth,1.55,5.6095
6,7/30/2021 21:25,21:25,21,11.75,norwood.mouth,1.55,5.34575
6,7/30/2021 21:35,21:35,21,12.062,norwood.mouth,1.55,5.197666667
6,7/30/2021 21:50,21:50,21,11.75,norwood.mouth,1.55,4.992166667
6,7/30/2021 22:00,22:00,22,11.812,norwood.mouth,1.55,4.829166667
6,7/30/2021 22:10,22:10,22,12.312,norwood.mouth,1.55,4.692916667
6,7/30/2021 22:25,22:25,22,11.5,norwood.mouth,1.55,4.413833333
6,7/30/2021 22:35,22:35,22,11.562,norwood.mouth,1.55,4.258166667
6,7/30/2021 22:50,22:50,22,11.562,norwood.mouth,1.55,4.037666667
6,7/30/2021 23:00,23:00,23,11.562,norwood.mouth,1.55,3.865083333
6,7/30/2021 23:10,23:10,23,11.438,norwood.mouth,1.55,3.750333333
6,7/30/2021 23:25,23:25,23,11.312,norwood.mouth,1.55,3.536333333
6,7/30/2021 23:35,23:35,23,11.5,norwood.mouth,1.55,3.355
6,7/30/2021 23:50,23:50,23,13.062,norwood.mouth,1.301923077,4.157552885
6,7/31/2021 0:00,0:00,0,11.5,norwood.mouth,1.55,3.014666667
6,7/31/2021 0:10,0:10,0,11.562,norwood.mouth,1.55,2.847
6,7/31/2021 0:25,0:25,0,11.812,norwood.mouth,1.55,2.689333333
6,7/31/2021 0:35,0:35,0,11.375,norwood.mouth,1.55,2.558666667
6,7/31/2021 0:50,0:50,0,11.5,norwood.mouth,1.55,2.361416667
6,7/31/2021 1:00,1:00,1,11.5,norwood.mouth,1.55,2.2515
6,7/31/2021 1:10,1:10,1,13,norwood.mouth,1.29214123,3.324018793
6,7/31/2021 1:25,1:25,1,14,norwood.mouth,0.940277778,4.842243056
6,7/31/2021 1:35,1:35,1,14.125,norwood.mouth,0.917442966,4.86364009
6,7/31/2021 1:50,1:50,1,14.312,norwood.mouth,0.884647113,4.911423465
6,7/31/2021 2:00,2:00,2,14.562,norwood.mouth,0.843639103,5.080800915
6,7/31/2021 2:10,2:10,2,13.062,norwood.mouth,1.23206278,3.07723991
6,7/31/2021 2:25,2:25,2,14.25,norwood.mouth,0.904145602,4.62901959
6,7/31/2021 2:35,2:35,2,14.125,norwood.mouth,0.912449597,4.561507056
6,7/31/2021 2:50,2:50,2,13.75,norwood.mouth,0.961276794,4.210993476
6,7/31/2021 3:00,3:00,3,13.438,norwood.mouth,1.018683274,3.884192171
6,7/31/2021 3:10,3:10,3,14.125,norwood.mouth,0.911669922,4.397438477
6,7/31/2021 3:25,3:25,3,14.25,norwood.mouth,0.892326025,4.443618208
6,7/31/2021 3:35,3:35,3,14.688,norwood.mouth,0.838314883,4.703324006
6,7/31/2021 3:50,3:50,3,15,norwood.mouth,0.809359606,4.792350369
6,7/31/2021 4:00,4:00,4,14.062,norwood.mouth,0.916752312,4.218432682
6,7/31/2021 4:10,4:10,4,14.5,norwood.mouth,0.846528983,4.54439639
6,7/31/2021 4:25,4:25,4,14.562,norwood.mouth,0.840382949,4.520938312
6,7/31/2021 4:35,4:35,4,14.5,norwood.mouth,0.86173913,4.335095652
6,7/31/2021 4:50,4:50,4,14.438,norwood.mouth,0.84595316,4.410046051
6,7/31/2021 5:00,5:00,5,14.625,norwood.mouth,0.843664012,4.378443459
6,7/31/2021 5:10,5:10,5,14.375,norwood.mouth,0.871059432,4.23288469
6,7/31/2021 5:25,5:25,5,14,norwood.mouth,0.923672566,3.905747235
6,7/31/2021 5:35,5:35,5,13.625,norwood.mouth,0.971306576,3.631944492
6,7/31/2021 5:50,5:50,5,14.062,norwood.mouth,0.89359673,3.993840599
6,7/31/2021 6:00,6:00,6,14.688,norwood.mouth,0.836167466,4.28707322
6,7/31/2021 6:10,6:10,6,14.188,norwood.mouth,0.890323993,3.898172723
6,7/31/2021 6:25,6:25,6,14.375,norwood.mouth,0.847563177,4.196138538
6,7/31/2021 6:35,6:35,6,14.875,norwood.mouth,0.806357078,4.427835588
6,7/31/2021 6:50,6:50,6,14.062,norwood.mouth,0.887221633,3.969072641
6,7/31/2021 7:00,7:00,7,13.875,norwood.mouth,0.918253968,3.815063492
6,7/31/2021 7:10,7:10,7,14.25,norwood.mouth,0.87504771,4.011076336
6,7/31/2021 7:25,7:25,7,14.25,norwood.mouth,0.85538835,4.166696359
6,7/31/2021 7:35,7:35,7,13.812,norwood.mouth,0.911696231,3.862186114
6,7/31/2021 7:50,7:50,7,14,norwood.mouth,0.875893958,4.121557337
6,7/31/2021 8:00,8:00,8,13.875,norwood.mouth,0.899892009,4.066785637
6,7/31/2021 8:10,8:10,8,14.062,norwood.mouth,0.864098361,4.273824317
6,7/31/2021 8:25,8:25,8,13.812,norwood.mouth,0.905719139,4.06145017
6,7/31/2021 8:35,8:35,8,14.125,norwood.mouth,0.859645233,4.387371951
6,7/31/2021 8:50,8:50,8,13.25,norwood.mouth,1.041433566,3.578110577
6,7/31/2021 9:00,9:00,9,14.062,norwood.mouth,0.870394089,4.50139803
6,7/31/2021 9:10,9:10,9,12.875,norwood.mouth,1.188513514,2.976868243
6,7/31/2021 9:25,9:25,9,12.875,norwood.mouth,1.190834473,3.068081737
6,7/31/2021 9:35,9:35,9,12.625,norwood.mouth,1.359055118,2.35416437
6,7/31/2021 9:50,9:50,9,12.938,norwood.mouth,1.157659574,3.464746809
6,7/31/2021 10:00,10:00,10,12.375,norwood.mouth,1.55,1.697666667
6,7/31/2021 10:10,10:10,10,12.562,norwood.mouth,1.433605528,2.35738191
6,7/31/2021 10:25,10:25,10,12.312,norwood.mouth,1.55,2.0375
6,7/31/2021 10:35,10:35,10,12.125,norwood.mouth,1.55,2.199
6,7/31/2021 10:50,10:50,10,12.5,norwood.mouth,1.55,2.322583333
6,7/31/2021 11:00,11:00,11,12.25,norwood.mouth,1.55,2.429
6,7/31/2021 11:10,11:10,11,12.5,norwood.mouth,1.55,2.54025
6,7/31/2021 11:25,11:25,11,12.375,norwood.mouth,1.55,2.764333333
6,7/31/2021 11:35,11:35,11,12.75,norwood.mouth,1.378313953,3.638743459
6,7/31/2021 11:50,11:50,11,12,norwood.mouth,1.55,3.0325
6,7/31/2021 12:00,12:00,12,12.438,norwood.mouth,1.55,3.2035
6,7/31/2021 12:10,12:10,12,13.125,norwood.mouth,1.22992278,4.828889961
6,7/31/2021 12:25,12:25,12,11.875,norwood.mouth,1.55,3.657583333
6,7/31/2021 12:35,12:35,12,11.812,norwood.mouth,1.55,3.813666667
6,7/31/2021 12:50,12:50,12,12.062,norwood.mouth,1.55,3.946583333
6,7/31/2021 13:00,13:00,13,12.188,norwood.mouth,1.55,4.051833333
6,7/31/2021 13:10,13:10,13,11.812,norwood.mouth,1.55,4.153416667
6,7/31/2021 13:25,13:25,13,11.688,norwood.mouth,1.55,4.252916667
6,7/31/2021 13:35,13:35,13,11.938,norwood.mouth,1.55,4.436833333
6,7/31/2021 13:50,13:50,13,11.938,norwood.mouth,1.55,4.638583333
6,7/31/2021 14:00,14:00,14,11.938,norwood.mouth,1.55,4.78075
6,7/31/2021 14:10,14:10,14,11.875,norwood.mouth,1.55,4.88075
6,7/31/2021 14:25,14:25,14,11.875,norwood.mouth,1.55,5.144833333
6,7/31/2021 14:35,14:35,14,12,norwood.mouth,1.55,5.321416667
6,7/31/2021 14:50,14:50,14,11.875,norwood.mouth,1.55,5.60475
6,7/31/2021 15:00,15:00,15,11.75,norwood.mouth,1.55,5.736583333
6,7/31/2021 15:10,15:10,15,11.75,norwood.mouth,1.55,5.925916667
6,7/31/2021 15:25,15:25,15,11.812,norwood.mouth,1.55,6.14975
6,7/31/2021 15:35,15:35,15,12,norwood.mouth,1.55,6.31125
6,7/31/2021 15:50,15:50,15,11.938,norwood.mouth,1.55,6.39625
6,7/31/2021 16:00,16:00,16,11.938,norwood.mouth,1.55,6.4605
6,7/31/2021 16:10,16:10,16,11.875,norwood.mouth,1.55,6.59525
6,7/31/2021 16:25,16:25,16,12.438,norwood.mouth,1.55,6.65475
6,7/31/2021 16:35,16:35,16,12.438,norwood.mouth,1.55,6.712166667
6,7/31/2021 16:50,16:50,16,12.188,norwood.mouth,1.55,6.840083333
6,7/31/2021 17:00,17:00,17,12.25,norwood.mouth,1.55,7.07375
6,7/31/2021 17:10,17:10,17,12.062,norwood.mouth,1.55,7.174166667
6,7/31/2021 17:25,17:25,17,12.375,norwood.mouth,1.55,7.257
6,7/31/2021 17:35,17:35,17,12.188,norwood.mouth,1.55,7.277416667
6,7/31/2021 17:50,17:50,17,12.125,norwood.mouth,1.55,7.298
6,7/31/2021 18:00,18:00,18,12.25,norwood.mouth,1.55,7.376083333
6,7/31/2021 18:10,18:10,18,12.625,norwood.mouth,1.55,7.385333333
6,7/31/2021 18:25,18:25,18,12.562,norwood.mouth,1.55,7.51925
6,7/31/2021 18:35,18:35,18,12.875,norwood.mouth,1.55,7.584833333
6,7/31/2021 18:50,18:50,18,12.5,norwood.mouth,1.55,7.689333333
6,7/31/2021 19:00,19:00,19,12.5,norwood.mouth,1.55,7.712666667
6,7/31/2021 19:10,19:10,19,12.375,norwood.mouth,1.55,7.697666667
6,7/31/2021 19:25,19:25,19,12.25,norwood.mouth,1.55,7.677
6,7/31/2021 19:35,19:35,19,12.938,norwood.mouth,1.55,7.616
6,7/31/2021 19:50,19:50,19,12.438,norwood.mouth,1.55,7.600916667
6,7/31/2021 20:00,20:00,20,12.562,norwood.mouth,1.55,7.58325
6,7/31/2021 20:10,20:10,20,12.312,norwood.mouth,1.55,7.55025
6,7/31/2021 20:25,20:25,20,12.188,norwood.mouth,1.55,7.428916667
6,7/31/2021 20:35,20:35,20,12,norwood.mouth,1.55,7.326333333
6,7/31/2021 20:50,20:50,20,12.062,norwood.mouth,1.55,7.159666667
6,7/31/2021 21:00,21:00,21,12.062,norwood.mouth,1.55,7.091583333
6,7/31/2021 21:10,21:10,21,12.062,norwood.mouth,1.55,6.995583333
6,7/31/2021 21:25,21:25,21,11.875,norwood.mouth,1.55,6.86375
6,7/31/2021 21:35,21:35,21,11.812,norwood.mouth,1.55,6.74475
6,7/31/2021 21:50,21:50,21,11.938,norwood.mouth,1.55,6.465416667
6,7/31/2021 22:00,22:00,22,11.938,norwood.mouth,1.55,6.379416667
6,7/31/2021 22:10,22:10,22,11.812,norwood.mouth,1.55,6.243083333
6,7/31/2021 22:25,22:25,22,11.75,norwood.mouth,1.55,6.016916667
6,7/31/2021 22:35,22:35,22,11.75,norwood.mouth,1.55,5.803583333
6,7/31/2021 22:50,22:50,22,11.812,norwood.mouth,1.55,5.509916667
6,7/31/2021 23:00,23:00,23,11.75,norwood.mouth,1.55,5.355083333
6,7/31/2021 23:10,23:10,23,11.75,norwood.mouth,1.55,5.172166667
6,7/31/2021 23:25,23:25,23,11.75,norwood.mouth,1.55,4.860666667
6,7/31/2021 23:35,23:35,23,11.812,norwood.mouth,1.55,4.73675
6,7/31/2021 23:50,23:50,23,11.812,norwood.mouth,1.55,4.536
6,8/1/2021 0:00,0:00,0,11.875,norwood.mouth,1.55,4.415
6,8/1/2021 0:10,0:10,0,11.812,norwood.mouth,1.55,4.238166667
6,8/1/2021 0:25,0:25,0,11.812,norwood.mouth,1.55,3.84525
6,8/1/2021 0:35,0:35,0,11.875,norwood.mouth,1.55,3.646083333
6,8/1/2021 0:50,0:50,0,11.812,norwood.mouth,1.55,3.420083333
6,8/1/2021 1:00,1:00,1,11.562,norwood.mouth,1.55,3.25825
6,8/1/2021 1:10,1:10,1,11.625,norwood.mouth,1.55,3.124666667
6,8/1/2021 1:25,1:25,1,11.625,norwood.mouth,1.55,2.873083333
6,8/1/2021 1:35,1:35,1,11.688,norwood.mouth,1.55,2.642333333
6,8/1/2021 1:50,1:50,1,11.75,norwood.mouth,1.55,2.537666667
6,8/1/2021 2:00,2:00,2,11.562,norwood.mouth,1.55,2.418083333
6,8/1/2021 2:10,2:10,2,11.562,norwood.mouth,1.55,2.272833333
6,8/1/2021 2:25,2:25,2,11.562,norwood.mouth,1.55,2.07175
6,8/1/2021 2:35,2:35,2,11.438,norwood.mouth,1.55,1.9615
6,8/1/2021 2:50,2:50,2,11.812,norwood.mouth,1.55,1.79725
6,8/1/2021 3:00,3:00,3,12.062,norwood.mouth,1.55,1.709
6,8/1/2021 3:10,3:10,3,11.875,norwood.mouth,1.55,1.612833333
6,8/1/2021 3:25,3:25,3,11.875,norwood.mouth,1.55,1.503833333
6,8/1/2021 3:35,3:35,3,12.812,norwood.mouth,1.357865169,2.38143633
6,8/1/2021 3:50,3:50,3,13.188,norwood.mouth,1.148295455,3.345184659
6,8/1/2021 4:00,4:00,4,13.25,norwood.mouth,1.14150289,3.34756185
6,8/1/2021 4:10,4:10,4,13.25,norwood.mouth,1.116686047,3.422955669
6,8/1/2021 4:25,4:25,4,13.562,norwood.mouth,0.984584296,4.005073181
6,8/1/2021 4:35,4:35,4,13.75,norwood.mouth,0.952495463,4.140411298
6,8/1/2021 4:50,4:50,4,12.875,norwood.mouth,1.28887468,2.306713555
6,8/1/2021 5:00,5:00,5,13.438,norwood.mouth,0.988482385,3.846812556
6,8/1/2021 5:10,5:10,5,12.75,norwood.mouth,1.379245283,1.718820755
6,8/1/2021 5:25,5:25,5,12.875,norwood.mouth,1.269897377,2.267090222
6,8/1/2021 5:35,5:35,5,13,norwood.mouth,1.180109489,2.702828467
6,8/1/2021 5:50,5:50,5,12.562,norwood.mouth,1.421551724,1.393405172
6,8/1/2021 6:00,6:00,6,12.625,norwood.mouth,1.361832061,1.673791985
6,8/1/2021 6:10,6:10,6,12.562,norwood.mouth,1.411979167,1.376320313
6,8/1/2021 6:25,6:25,6,12.5,norwood.mouth,1.429120879,1.264258242
6,8/1/2021 6:35,6:35,6,12.5,norwood.mouth,1.462677725,1.051139218
6,8/1/2021 6:50,6:50,6,12.812,norwood.mouth,1.233835079,2.248941918
6,8/1/2021 7:00,7:00,7,12.312,norwood.mouth,1.55,0.55525
6,8/1/2021 7:10,7:10,7,12.438,norwood.mouth,1.484296482,0.908286746
6,8/1/2021 7:25,7:25,7,12.438,norwood.mouth,1.440120746,1.152985181
6,8/1/2021 7:35,7:35,7,12.75,norwood.mouth,1.294512195,1.918592988
6,8/1/2021 7:50,7:50,7,12.688,norwood.mouth,1.276788036,2.024721717
6,8/1/2021 8:00,8:00,8,12.875,norwood.mouth,1.183965728,2.581415545
6,8/1/2021 8:10,8:10,8,12.812,norwood.mouth,1.217245989,2.410988748
6,8/1/2021 8:25,8:25,8,12.812,norwood.mouth,1.197424893,2.590585837
6,8/1/2021 8:35,8:35,8,12.75,norwood.mouth,1.286137441,2.148861967
6,8/1/2021 8:50,8:50,8,12.688,norwood.mouth,1.270353303,2.339320084
6,8/1/2021 9:00,9:00,9,12.312,norwood.mouth,1.55,0.919166667
6,8/1/2021 9:10,9:10,9,12.625,norwood.mouth,1.342245989,2.07415352
6,8/1/2021 9:25,9:25,9,12.5,norwood.mouth,1.404145078,1.803318005
6,8/1/2021 9:35,9:35,9,12.375,norwood.mouth,1.474666667,1.540062222
6,8/1/2021 9:50,9:50,9,12.438,norwood.mouth,1.47645951,1.691506513
6,8/1/2021 10:00,10:00,10,12.875,norwood.mouth,1.105405405,3.632993243
6,8/1/2021 10:10,10:10,10,12.938,norwood.mouth,1.006535948,4.251099673
6,8/1/2021 10:25,10:25,10,12.938,norwood.mouth,1.084577114,4.029507463
6,8/1/2021 10:35,10:35,10,13.812,norwood.mouth,0.901603499,5.027155977
6,8/1/2021 10:50,10:50,10,13.625,norwood.mouth,0.916630553,5.108408722
6,8/1/2021 11:00,11:00,11,12.688,norwood.mouth,1.303972366,3.113111039
6,8/1/2021 11:10,11:10,11,12.938,norwood.mouth,1.104477612,4.221378109
6,8/1/2021 11:25,11:25,11,11.938,norwood.mouth,1.55,2.114583333
6,8/1/2021 11:35,11:35,11,12.688,norwood.mouth,1.481301939,2.567316251
6,8/1/2021 11:50,11:50,11,12.688,norwood.mouth,1.468159204,2.98971476
6,8/1/2021 12:00,12:00,12,12.938,norwood.mouth,1.49625,3.137014583
6,8/1/2021 12:10,12:10,12,12.5,norwood.mouth,1.55,3.01375
6,8/1/2021 12:25,12:25,12,12.375,norwood.mouth,1.55,3.566
6,8/1/2021 12:35,12:35,12,12.25,norwood.mouth,1.55,3.600166667
6,8/1/2021 12:50,12:50,12,11.875,norwood.mouth,1.55,3.812166667
6,8/1/2021 13:00,13:00,13,11.812,norwood.mouth,1.55,4.072
6,8/1/2021 13:10,13:10,13,11.75,norwood.mouth,1.55,4.2255
6,8/1/2021 13:25,13:25,13,12.312,norwood.mouth,1.55,4.332666667
6,8/1/2021 13:35,13:35,13,11.812,norwood.mouth,1.55,4.525
6,8/1/2021 13:50,13:50,13,12.375,norwood.mouth,1.55,5.008083333
6,8/1/2021 14:00,14:00,14,12.25,norwood.mouth,1.55,5.0785
6,8/1/2021 14:10,14:10,14,12.062,norwood.mouth,1.55,5.2855
6,8/1/2021 14:25,14:25,14,12.125,norwood.mouth,1.55,5.591416667
6,8/1/2021 14:35,14:35,14,12.062,norwood.mouth,1.55,5.746
6,8/1/2021 14:50,14:50,14,12.312,norwood.mouth,1.55,5.930916667
6,8/1/2021 15:00,15:00,15,12.375,norwood.mouth,1.55,6.010666667
6,8/1/2021 15:10,15:10,15,12.25,norwood.mouth,1.55,6.091833333
6,8/1/2021 15:25,15:25,15,12.562,norwood.mouth,1.55,6.382333333
6,8/1/2021 15:35,15:35,15,12.438,norwood.mouth,1.55,6.535083333
6,8/1/2021 15:50,15:50,15,12.812,norwood.mouth,1.55,6.8135
6,8/1/2021 16:00,16:00,16,13.188,norwood.mouth,1.55,7.019666667
6,8/1/2021 16:10,16:10,16,13.25,norwood.mouth,1.55,7.1815
6,8/1/2021 16:25,16:25,16,12.562,norwood.mouth,1.55,7.31425
6,8/1/2021 16:35,16:35,16,12.688,norwood.mouth,1.55,7.42575
6,8/1/2021 16:50,16:50,16,12.812,norwood.mouth,1.55,7.611083333
6,8/1/2021 17:00,17:00,17,12.875,norwood.mouth,1.55,7.726833333
6,8/1/2021 17:10,17:10,17,13.812,norwood.mouth,1.42380137,8.124995719
6,8/1/2021 17:25,17:25,17,13.062,norwood.mouth,1.55,8.032583333
6,8/1/2021 17:35,17:35,17,13,norwood.mouth,1.55,8.005833333
6,8/1/2021 17:50,17:50,17,13.375,norwood.mouth,1.55,8.052083333
6,8/1/2021 18:00,18:00,18,13.375,norwood.mouth,1.55,8.06925
6,8/1/2021 18:10,18:10,18,13.188,norwood.mouth,1.55,8.167166667
6,8/1/2021 18:25,18:25,18,12.812,norwood.mouth,1.55,8.2715
6,8/1/2021 18:35,18:35,18,12.812,norwood.mouth,1.55,8.3025
6,8/1/2021 18:50,18:50,18,13.188,norwood.mouth,1.55,8.460583333
6,8/1/2021 19:00,19:00,19,13,norwood.mouth,1.55,8.55275
6,8/1/2021 19:10,19:10,19,13.312,norwood.mouth,1.55,8.571166667
6,8/1/2021 19:25,19:25,19,12.625,norwood.mouth,1.55,8.58675
6,8/1/2021 19:35,19:35,19,12.625,norwood.mouth,1.55,8.62725
6,8/1/2021 19:50,19:50,19,12.5,norwood.mouth,1.55,8.491083333
6,8/1/2021 20:00,20:00,20,12.5,norwood.mouth,1.55,8.3275
6,8/1/2021 20:10,20:10,20,12.562,norwood.mouth,1.55,8.23
6,8/1/2021 20:25,20:25,20,12.5,norwood.mouth,1.55,8.144416667
6,8/1/2021 20:35,20:35,20,12.5,norwood.mouth,1.55,8.064333333
6,8/1/2021 20:50,20:50,20,12.438,norwood.mouth,1.55,7.886833333
6,8/1/2021 21:00,21:00,21,12.438,norwood.mouth,1.55,7.661
6,8/1/2021 21:10,21:10,21,12.375,norwood.mouth,1.55,7.577083333
6,8/1/2021 21:25,21:25,21,12.438,norwood.mouth,1.55,7.32025
6,8/1/2021 21:35,21:35,21,12.312,norwood.mouth,1.55,7.104666667
6,8/1/2021 21:50,21:50,21,12.312,norwood.mouth,1.55,6.735166667
6,8/1/2021 22:00,22:00,22,12.25,norwood.mouth,1.55,6.61825
6,8/1/2021 22:10,22:10,22,12.25,norwood.mouth,1.55,6.432083333
6,8/1/2021 22:25,22:25,22,12.188,norwood.mouth,1.55,6.067666667
6,8/1/2021 22:35,22:35,22,12.188,norwood.mouth,1.55,5.896333333
6,8/1/2021 22:50,22:50,22,12.125,norwood.mouth,1.55,5.49975
6,8/1/2021 23:00,23:00,23,12.062,norwood.mouth,1.55,5.197333333
6,8/1/2021 23:10,23:10,23,12.062,norwood.mouth,1.55,5.018083333
6,8/1/2021 23:25,23:25,23,11.938,norwood.mouth,1.55,4.682833333
6,8/1/2021 23:35,23:35,23,11.938,norwood.mouth,1.55,4.439083333
6,8/1/2021 23:50,23:50,23,11.938,norwood.mouth,1.55,4.068916667
6,8/2/2021 0:00,0:00,0,11.875,norwood.mouth,1.55,3.797583333
6,8/2/2021 0:10,0:10,0,11.75,norwood.mouth,1.55,3.518083333
6,8/2/2021 0:25,0:25,0,11.875,norwood.mouth,1.55,3.20475
6,8/2/2021 0:35,0:35,0,11.875,norwood.mouth,1.55,3.026666667
6,8/2/2021 0:50,0:50,0,11.875,norwood.mouth,1.55,2.883833333
6,8/2/2021 1:00,1:00,1,11.875,norwood.mouth,1.55,2.851083333
6,8/2/2021 1:10,1:10,1,11.812,norwood.mouth,1.55,2.680666667
6,8/2/2021 1:25,1:25,1,11.75,norwood.mouth,1.55,2.47575
6,8/2/2021 1:35,1:35,1,11.75,norwood.mouth,1.55,2.356083333
6,8/2/2021 1:50,1:50,1,12,norwood.mouth,1.55,2.13825
6,8/2/2021 2:00,2:00,2,11.875,norwood.mouth,1.55,1.99175
6,8/2/2021 2:10,2:10,2,12,norwood.mouth,1.55,1.859
6,8/2/2021 2:25,2:25,2,12.062,norwood.mouth,1.55,1.628916667
6,8/2/2021 2:35,2:35,2,12.25,norwood.mouth,1.55,1.530166667
6,8/2/2021 2:50,2:50,2,13.062,norwood.mouth,1.445471349,1.864986676
6,8/2/2021 3:00,3:00,3,13.438,norwood.mouth,1.211871227,3.01330508
6,8/2/2021 3:10,3:10,3,13.875,norwood.mouth,1.034117083,3.840995561
6,8/2/2021 3:25,3:25,3,14.125,norwood.mouth,0.978445099,4.019695468
6,8/2/2021 3:35,3:35,3,13.75,norwood.mouth,1.048262165,3.621741063
6,8/2/2021 3:50,3:50,3,14.125,norwood.mouth,0.967465475,3.944206336
6,8/2/2021 4:00,4:00,4,14.438,norwood.mouth,0.921630616,4.054048461
6,8/2/2021 4:10,4:10,4,14.375,norwood.mouth,0.925880872,4.075362102
6,8/2/2021 4:25,4:25,4,14.125,norwood.mouth,0.959244012,3.873900262
6,8/2/2021 4:35,4:35,4,14.062,norwood.mouth,0.967153285,3.81172719
6,8/2/2021 4:50,4:50,4,14.438,norwood.mouth,0.930118694,3.920635015
6,8/2/2021 5:00,5:00,5,13.875,norwood.mouth,0.97625,3.625141667
6,8/2/2021 5:10,5:10,5,14.625,norwood.mouth,0.902462527,3.999432013
6,8/2/2021 5:25,5:25,5,14,norwood.mouth,0.966949153,3.590830508
6,8/2/2021 5:35,5:35,5,13.938,norwood.mouth,0.961783439,3.589851911
6,8/2/2021 5:50,5:50,5,13.562,norwood.mouth,1.041493776,3.152678423
6,8/2/2021 6:00,6:00,6,13.75,norwood.mouth,0.988034188,3.391737892
6,8/2/2021 6:10,6:10,6,13.25,norwood.mouth,1.148329621,2.488205457
6,8/2/2021 6:25,6:25,6,13.688,norwood.mouth,0.9787,3.368748
6,8/2/2021 6:35,6:35,6,13.812,norwood.mouth,0.96609509,3.440905787
6,8/2/2021 6:50,6:50,6,14.312,norwood.mouth,0.891705938,3.744877945
6,8/2/2021 7:00,7:00,7,14.5,norwood.mouth,0.857069672,3.867673668
6,8/2/2021 7:10,7:10,7,14.5,norwood.mouth,0.865223097,3.863885389
6,8/2/2021 7:25,7:25,7,14.25,norwood.mouth,0.887907609,3.822758492
6,8/2/2021 7:35,7:35,7,13.688,norwood.mouth,0.962137203,3.400975154
6,8/2/2021 7:50,7:50,7,13.562,norwood.mouth,0.985026502,3.347911219
6,8/2/2021 8:00,8:00,8,13.75,norwood.mouth,0.967132116,3.409016649
6,8/2/2021 8:10,8:10,8,13.875,norwood.mouth,0.927546072,3.621834869
6,8/2/2021 8:25,8:25,8,13.812,norwood.mouth,0.935650888,3.675474482
6,8/2/2021 8:35,8:35,8,13.562,norwood.mouth,0.967090395,3.540348164
6,8/2/2021 8:50,8:50,8,13.75,norwood.mouth,0.932218148,3.869310724
6,8/2/2021 9:00,9:00,9,13.875,norwood.mouth,0.93244176,3.929738136
6,8/2/2021 9:10,9:10,9,13.625,norwood.mouth,0.940684411,3.915716255
6,8/2/2021 9:25,9:25,9,13.438,norwood.mouth,0.966720779,3.800133929
6,8/2/2021 9:35,9:35,9,13.062,norwood.mouth,1.130347594,3.04712266
6,8/2/2021 9:50,9:50,9,13.438,norwood.mouth,0.985690236,3.926993827
6,8/2/2021 10:00,10:00,10,13.125,norwood.mouth,1.104417671,3.385372657
6,8/2/2021 10:10,10:10,10,13.188,norwood.mouth,0.999591652,3.986490585
6,8/2/2021 10:25,10:25,10,13.062,norwood.mouth,1.126666667,3.422986111
6,8/2/2021 10:35,10:35,10,13,norwood.mouth,1.213359274,2.984011403
6,8/2/2021 10:50,10:50,10,12.875,norwood.mouth,1.318423855,2.664687256
6,8/2/2021 11:00,11:00,11,13,norwood.mouth,1.160522273,3.578161034
6,8/2/2021 11:10,11:10,11,13.5,norwood.mouth,0.972637979,4.644177035
6,8/2/2021 11:25,11:25,11,13.25,norwood.mouth,1.082360571,4.207976978
6,8/2/2021 11:35,11:35,11,13.625,norwood.mouth,1.04863388,4.523035291
6,8/2/2021 11:50,11:50,11,13.562,norwood.mouth,1.059976932,4.619735823
6,8/2/2021 12:00,12:00,12,13.25,norwood.mouth,1.337182448,3.44925943
6,8/2/2021 12:10,12:10,12,13.625,norwood.mouth,1.153719912,4.499394602
6,8/2/2021 12:25,12:25,12,12.688,norwood.mouth,1.55,3.049166667
6,8/2/2021 12:35,12:35,12,13.25,norwood.mouth,1.454822335,3.680280034
6,8/2/2021 12:50,12:50,12,12.938,norwood.mouth,1.466091954,3.923724138
6,8/2/2021 13:00,13:00,13,12.438,norwood.mouth,1.55,3.674333333
6,8/2/2021 13:10,13:10,13,12.938,norwood.mouth,1.455939227,4.166361878
6,8/2/2021 13:25,13:25,13,13.625,norwood.mouth,1.329242263,4.886420446
6,8/2/2021 13:35,13:35,13,13.188,norwood.mouth,1.476655629,4.522374172
6,8/2/2021 13:50,13:50,13,12.875,norwood.mouth,1.55,4.563666667
6,8/2/2021 14:00,14:00,14,13.062,norwood.mouth,1.55,4.840666667
6,8/2/2021 14:10,14:10,14,13.562,norwood.mouth,1.435132576,5.389687263
6,8/2/2021 14:25,14:25,14,13.25,norwood.mouth,1.452754237,5.633340219
6,8/2/2021 14:35,14:35,14,13.062,norwood.mouth,1.55,5.585416667
6,8/2/2021 14:50,14:50,14,13.562,norwood.mouth,1.462916667,6.061521181
6,8/2/2021 15:00,15:00,15,13.062,norwood.mouth,1.55,5.93625
6,8/2/2021 15:10,15:10,15,13.438,norwood.mouth,1.473423423,6.375987988
6,8/2/2021 15:25,15:25,15,13.438,norwood.mouth,1.55,6.372416667
6,8/2/2021 15:35,15:35,15,14,norwood.mouth,1.358733473,6.973772182
6,8/2/2021 15:50,15:50,15,14,norwood.mouth,1.361054073,7.186648471
6,8/2/2021 16:00,16:00,16,14.188,norwood.mouth,1.262995595,7.529618392
6,8/2/2021 16:10,16:10,16,14.188,norwood.mouth,1.262982589,7.663086582
6,8/2/2021 16:25,16:25,16,14.312,norwood.mouth,1.267458603,7.866831234
6,8/2/2021 16:35,16:35,16,13.125,norwood.mouth,1.55,7.505583333
6,8/2/2021 16:50,16:50,16,13.375,norwood.mouth,1.55,7.6045
6,8/2/2021 17:00,17:00,17,12.5,norwood.mouth,1.55,7.705666667
6,8/2/2021 17:10,17:10,17,12.438,norwood.mouth,1.55,7.775
6,8/2/2021 17:25,17:25,17,12.438,norwood.mouth,1.55,8.081416667
6,8/2/2021 17:35,17:35,17,12.688,norwood.mouth,1.55,8.13375
6,8/2/2021 17:50,17:50,17,12.875,norwood.mouth,1.55,8.157666667
6,8/2/2021 18:00,18:00,18,13.5,norwood.mouth,1.55,8.2675
6,8/2/2021 18:10,18:10,18,13.5,norwood.mouth,1.55,8.386416667
6,8/2/2021 18:25,18:25,18,12.875,norwood.mouth,1.55,8.468416667
6,8/2/2021 18:35,18:35,18,13.562,norwood.mouth,1.55,8.483083333
6,8/2/2021 18:50,18:50,18,13,norwood.mouth,1.55,8.596083333
6,8/2/2021 19:00,19:00,19,13.5,norwood.mouth,1.55,8.604333333
6,8/2/2021 19:10,19:10,19,13.25,norwood.mouth,1.55,8.578333333
6,8/2/2021 19:25,19:25,19,14.188,norwood.mouth,1.336767896,8.857328633
6,8/2/2021 19:35,19:35,19,13.688,norwood.mouth,1.55,8.58875
6,8/2/2021 19:50,19:50,19,12.938,norwood.mouth,1.55,8.507833333
6,8/2/2021 20:00,20:00,20,12.938,norwood.mouth,1.55,8.465416667
6,8/2/2021 20:10,20:10,20,13.062,norwood.mouth,1.55,8.4575
6,8/2/2021 20:25,20:25,20,13.188,norwood.mouth,1.55,8.2425
6,8/2/2021 20:35,20:35,20,12.875,norwood.mouth,1.55,8.144
6,8/2/2021 20:50,20:50,20,12.812,norwood.mouth,1.55,7.965083333
6,8/2/2021 21:00,21:00,21,12.875,norwood.mouth,1.55,7.83975
6,8/2/2021 21:10,21:10,21,12.562,norwood.mouth,1.55,7.69375
6,8/2/2021 21:25,21:25,21,12.75,norwood.mouth,1.55,7.400583333
6,8/2/2021 21:35,21:35,21,13.125,norwood.mouth,1.55,7.222916667
6,8/2/2021 21:50,21:50,21,12.812,norwood.mouth,1.55,6.830166667
6,8/2/2021 22:00,22:00,22,13,norwood.mouth,1.55,6.630166667
6,8/2/2021 22:10,22:10,22,13.062,norwood.mouth,1.55,6.370083333
6,8/2/2021 22:25,22:25,22,13,norwood.mouth,1.55,6.07075
6,8/2/2021 22:35,22:35,22,12.938,norwood.mouth,1.55,5.953916667
6,8/2/2021 22:50,22:50,22,12.625,norwood.mouth,1.55,5.582333333
6,8/2/2021 23:00,23:00,23,12.625,norwood.mouth,1.55,5.4095
6,8/2/2021 23:10,23:10,23,12.625,norwood.mouth,1.55,5.08975
6,8/2/2021 23:25,23:25,23,12.625,norwood.mouth,1.55,4.776833333
6,8/2/2021 23:35,23:35,23,12.75,norwood.mouth,1.55,4.551333333
6,8/2/2021 23:50,23:50,23,12.75,norwood.mouth,1.55,4.233166667
6,8/3/2021 0:00,0:00,0,12.562,norwood.mouth,1.55,4.04625
6,8/3/2021 0:10,0:10,0,12.562,norwood.mouth,1.55,3.87725
6,8/3/2021 0:25,0:25,0,12.438,norwood.mouth,1.55,3.572166667
6,8/3/2021 0:35,0:35,0,12.5,norwood.mouth,1.55,3.346333333
6,8/3/2021 0:50,0:50,0,12.562,norwood.mouth,1.55,3.0115
6,8/3/2021 1:00,1:00,1,12.5,norwood.mouth,1.55,2.750416667
6,8/3/2021 1:10,1:10,1,12.562,norwood.mouth,1.55,2.59275
6,8/3/2021 1:25,1:25,1,12.188,norwood.mouth,1.55,2.3975
6,8/3/2021 1:35,1:35,1,12.688,norwood.mouth,1.55,2.273
6,8/3/2021 1:50,1:50,1,12.438,norwood.mouth,1.55,2.050416667
6,8/3/2021 2:00,2:00,2,12.562,norwood.mouth,1.55,1.91725
6,8/3/2021 2:10,2:10,2,12.938,norwood.mouth,1.48,2.125425
6,8/3/2021 2:25,2:25,2,12.812,norwood.mouth,1.55,1.6005
6,8/3/2021 2:35,2:35,2,12.75,norwood.mouth,1.55,1.50225
6,8/3/2021 2:50,2:50,2,12.812,norwood.mouth,1.55,1.247083333
6,8/3/2021 3:00,3:00,3,13.188,norwood.mouth,1.31958457,2.318470326
6,8/3/2021 3:10,3:10,3,13.812,norwood.mouth,1.076612903,3.472156586
6,8/3/2021 3:25,3:25,3,13.562,norwood.mouth,1.149132948,3.007562861
6,8/3/2021 3:35,3:35,3,13.625,norwood.mouth,1.11985782,3.097780332
6,8/3/2021 3:50,3:50,3,13.875,norwood.mouth,0.99222488,3.675360746
6,8/3/2021 4:00,4:00,4,13.688,norwood.mouth,1.064474975,3.311281771
6,8/3/2021 4:10,4:10,4,13.5,norwood.mouth,1.144883485,2.866075608
6,8/3/2021 4:25,4:25,4,13.375,norwood.mouth,1.200934579,2.518007009
6,8/3/2021 4:35,4:35,4,13.875,norwood.mouth,0.982216495,3.573085696
6,8/3/2021 4:50,4:50,4,13.75,norwood.mouth,0.998577075,3.419799605
6,8/3/2021 5:00,5:00,5,13.75,norwood.mouth,0.998783784,3.34004223
6,8/3/2021 5:10,5:10,5,13.625,norwood.mouth,1.054589372,2.984805757
6,8/3/2021 5:25,5:25,5,13.625,norwood.mouth,1.021287643,3.196866996
6,8/3/2021 5:35,5:35,5,14,norwood.mouth,0.960520095,3.492229807
6,8/3/2021 5:50,5:50,5,14.312,norwood.mouth,0.928906823,3.523766508
6,8/3/2021 6:00,6:00,6,14.312,norwood.mouth,0.935699518,3.482361303
6,8/3/2021 6:10,6:10,6,14.25,norwood.mouth,0.911917098,3.586969775
6,8/3/2021 6:25,6:25,6,14.25,norwood.mouth,0.92,3.503233333
6,8/3/2021 6:35,6:35,6,13.5,norwood.mouth,1.011410788,3.052693638
6,8/3/2021 6:50,6:50,6,13.625,norwood.mouth,0.985607196,3.11116548
6,8/3/2021 7:00,7:00,7,13.438,norwood.mouth,1.042510121,2.869088563
6,8/3/2021 7:10,7:10,7,13.688,norwood.mouth,0.97477993,3.273195313
6,8/3/2021 7:25,7:25,7,13.5,norwood.mouth,0.999612737,3.141951807
6,8/3/2021 7:35,7:35,7,13.5,norwood.mouth,1.010858835,3.094514108
6,8/3/2021 7:50,7:50,7,13.812,norwood.mouth,0.945747664,3.489059112
6,8/3/2021 8:00,8:00,8,13.375,norwood.mouth,1.039361702,3.015148936
6,8/3/2021 8:10,8:10,8,13.562,norwood.mouth,0.983083832,3.392123877
6,8/3/2021 8:25,8:25,8,13.375,norwood.mouth,1.039361702,3.13697695
6,8/3/2021 8:35,8:35,8,13.375,norwood.mouth,1.014573991,3.311189462
6,8/3/2021 8:50,8:50,8,13.188,norwood.mouth,1.097748815,2.986212974
6,8/3/2021 9:00,9:00,9,13.5,norwood.mouth,0.984318902,3.569048574
6,8/3/2021 9:10,9:10,9,13.812,norwood.mouth,0.930919341,3.919939722
6,8/3/2021 9:25,9:25,9,13.125,norwood.mouth,1.088235294,3.184676471
6,8/3/2021 9:35,9:35,9,13,norwood.mouth,1.217165899,2.600782258
6,8/3/2021 9:50,9:50,9,13.188,norwood.mouth,1.088679245,3.413766509
6,8/3/2021 10:00,10:00,10,12.688,norwood.mouth,1.420634921,1.756520503
6,8/3/2021 10:10,10:10,10,13.125,norwood.mouth,1.163424125,3.141730058
6,8/3/2021 10:25,10:25,10,12.75,norwood.mouth,1.371886121,2.214397687
6,8/3/2021 10:35,10:35,10,13,norwood.mouth,1.23015873,3.074970238
6,8/3/2021 10:50,10:50,10,12.812,norwood.mouth,1.353517878,2.580973472
6,8/3/2021 11:00,11:00,11,12.562,norwood.mouth,1.497627521,2.016887456
6,8/3/2021 11:10,11:10,11,12.812,norwood.mouth,1.364749734,2.730097089
6,8/3/2021 11:25,11:25,11,13.062,norwood.mouth,1.251037344,3.470025934
6,8/3/2021 11:35,11:35,11,13.125,norwood.mouth,1.362512364,3.122921942
6,8/3/2021 11:50,11:50,11,12.75,norwood.mouth,1.467385445,2.939838275
6,8/3/2021 12:00,12:00,12,12.562,norwood.mouth,1.55,2.735333333
6,8/3/2021 12:10,12:10,12,12.125,norwood.mouth,1.55,3.01475
6,8/3/2021 12:25,12:25,12,12.062,norwood.mouth,1.55,3.28725
6,8/3/2021 12:35,12:35,12,11.938,norwood.mouth,1.55,3.45975
6,8/3/2021 12:50,12:50,12,12,norwood.mouth,1.55,3.7255
6,8/3/2021 13:00,13:00,13,11.938,norwood.mouth,1.55,3.901166667
6,8/3/2021 13:10,13:10,13,12,norwood.mouth,1.55,4.083916667
6,8/3/2021 13:25,13:25,13,11.938,norwood.mouth,1.55,4.363833333
6,8/3/2021 13:35,13:35,13,12.062,norwood.mouth,1.55,4.512416667
6,8/3/2021 13:50,13:50,13,12,norwood.mouth,1.55,4.754333333
6,8/3/2021 14:00,14:00,14,12.062,norwood.mouth,1.55,5.02125
6,8/3/2021 14:10,14:10,14,12.062,norwood.mouth,1.55,5.211166667
6,8/3/2021 14:25,14:25,14,12.062,norwood.mouth,1.55,5.516916667
6,8/3/2021 14:35,14:35,14,12.125,norwood.mouth,1.55,5.679333333
6,8/3/2021 14:50,14:50,14,12.188,norwood.mouth,1.55,5.896166667
6,8/3/2021 15:00,15:00,15,12.312,norwood.mouth,1.55,5.976583333
6,8/3/2021 15:10,15:10,15,12.25,norwood.mouth,1.55,6.17525
6,8/3/2021 15:25,15:25,15,12.25,norwood.mouth,1.55,6.458333333
6,8/3/2021 15:35,15:35,15,12.312,norwood.mouth,1.55,6.612666667
6,8/3/2021 15:50,15:50,15,12.5,norwood.mouth,1.55,6.852333333
6,8/3/2021 16:00,16:00,16,12.562,norwood.mouth,1.55,7.028
6,8/3/2021 16:10,16:10,16,12.375,norwood.mouth,1.55,7.13425
6,8/3/2021 16:25,16:25,16,12.438,norwood.mouth,1.55,7.33075
6,8/3/2021 16:35,16:35,16,12.625,norwood.mouth,1.55,7.458666667
6,8/3/2021 16:50,16:50,16,12.5,norwood.mouth,1.55,7.606083333
6,8/3/2021 17:00,17:00,17,12.562,norwood.mouth,1.55,7.689416667
6,8/3/2021 17:10,17:10,17,12.562,norwood.mouth,1.55,7.71275
6,8/3/2021 17:25,17:25,17,12.938,norwood.mouth,1.55,7.9245
6,8/3/2021 17:35,17:35,17,12.812,norwood.mouth,1.55,8.008666667
6,8/3/2021 17:50,17:50,17,12.75,norwood.mouth,1.55,8.14425
6,8/3/2021 18:00,18:00,18,12.562,norwood.mouth,1.55,8.212
6,8/3/2021 18:10,18:10,18,12.438,norwood.mouth,1.55,8.291
6,8/3/2021 18:25,18:25,18,12.5,norwood.mouth,1.55,8.460916667
6,8/3/2021 18:35,18:35,18,12.562,norwood.mouth,1.55,8.489833333
6,8/3/2021 18:50,18:50,18,12.5,norwood.mouth,1.55,8.528666667
6,8/3/2021 19:00,19:00,19,12.5,norwood.mouth,1.55,8.565916667
6,8/3/2021 19:10,19:10,19,12.5,norwood.mouth,1.55,8.527166667
6,8/3/2021 19:25,19:25,19,12.625,norwood.mouth,1.55,8.5785
6,8/3/2021 19:35,19:35,19,12.562,norwood.mouth,1.55,8.454083333
6,8/3/2021 19:50,19:50,19,12.625,norwood.mouth,1.55,8.42475
6,8/3/2021 20:00,20:00,20,12.562,norwood.mouth,1.55,8.26625
6,8/3/2021 20:10,20:10,20,12.562,norwood.mouth,1.55,8.187916667
6,8/3/2021 20:25,20:25,20,12.438,norwood.mouth,1.55,8.000916667
6,8/3/2021 20:35,20:35,20,12.562,norwood.mouth,1.55,7.896083333
6,8/3/2021 20:50,20:50,20,12.5,norwood.mouth,1.55,7.7225
6,8/3/2021 21:00,21:00,21,12.375,norwood.mouth,1.55,7.58875
6,8/3/2021 21:10,21:10,21,12.562,norwood.mouth,1.55,7.57375
6,8/3/2021 21:25,21:25,21,12.375,norwood.mouth,1.55,7.14225
6,8/3/2021 21:35,21:35,21,12.312,norwood.mouth,1.55,6.905416667
6,8/3/2021 21:50,21:50,21,12.438,norwood.mouth,1.55,6.536833333
6,8/3/2021 22:00,22:00,22,12.75,norwood.mouth,1.55,6.31525
6,8/3/2021 22:10,22:10,22,12.625,norwood.mouth,1.55,6.103
6,8/3/2021 22:25,22:25,22,12.438,norwood.mouth,1.55,5.679333333
6,8/3/2021 22:35,22:35,22,12.5,norwood.mouth,1.55,5.442
6,8/3/2021 22:50,22:50,22,12.625,norwood.mouth,1.55,5.073833333
6,8/3/2021 23:00,23:00,23,13.062,norwood.mouth,1.55,4.8445
6,8/3/2021 23:10,23:10,23,13.125,norwood.mouth,1.55,4.591916667
6,8/3/2021 23:25,23:25,23,12.875,norwood.mouth,1.55,4.212166667
6,8/3/2021 23:35,23:35,23,12.688,norwood.mouth,1.55,3.936416667
6,8/3/2021 23:50,23:50,23,12.438,norwood.mouth,1.55,3.694
6,8/4/2021 0:00,0:00,0,13.125,norwood.mouth,1.482432432,3.745567568
6,8/4/2021 0:10,0:10,0,13.375,norwood.mouth,1.367718447,4.008720267
6,8/4/2021 0:25,0:25,0,13.188,norwood.mouth,1.429888268,3.523363128
6,8/4/2021 0:35,0:35,0,12.875,norwood.mouth,1.55,2.8375
6,8/4/2021 0:50,0:50,0,12.438,norwood.mouth,1.55,2.590166667
6,8/4/2021 1:00,1:00,1,12.5,norwood.mouth,1.55,2.37925
6,8/4/2021 1:10,1:10,1,12.375,norwood.mouth,1.55,2.223083333
6,8/4/2021 1:25,1:25,1,12.625,norwood.mouth,1.55,2.03925
6,8/4/2021 1:35,1:35,1,12.75,norwood.mouth,1.55,1.837333333
6,8/4/2021 1:50,1:50,1,12.75,norwood.mouth,1.55,1.689916667
6,8/4/2021 2:00,2:00,2,12.812,norwood.mouth,1.55,1.594416667
6,8/4/2021 2:10,2:10,2,13.125,norwood.mouth,1.41117851,2.145863663
6,8/4/2021 2:25,2:25,2,13.75,norwood.mouth,1.118629174,3.44758304
6,8/4/2021 2:35,2:35,2,13.938,norwood.mouth,1.04749788,3.714689638
6,8/4/2021 2:50,2:50,2,13.875,norwood.mouth,1.066814159,3.49359292
6,8/4/2021 3:00,3:00,3,13.5,norwood.mouth,1.205058717,2.486502785
6,8/4/2021 3:10,3:10,3,14.375,norwood.mouth,0.955823958,3.754333719
6,8/4/2021 3:25,3:25,3,14.375,norwood.mouth,0.956840491,3.814757362
6,8/4/2021 3:35,3:35,3,14.5,norwood.mouth,0.928772189,3.970909763
6,8/4/2021 3:50,3:50,3,14.5,norwood.mouth,0.940774908,3.646221402
6,8/4/2021 4:00,4:00,4,13.875,norwood.mouth,1.013704686,3.35201411
6,8/4/2021 4:10,4:10,4,14.438,norwood.mouth,0.947623967,3.698055527
6,8/4/2021 4:25,4:25,4,14.5,norwood.mouth,0.937537719,3.739071364
6,8/4/2021 4:35,4:35,4,14.562,norwood.mouth,0.919428571,3.781627857
6,8/4/2021 4:50,4:50,4,14.562,norwood.mouth,0.9248671,3.719070732
6,8/4/2021 5:00,5:00,5,14.812,norwood.mouth,0.896998124,3.857462242
6,8/4/2021 5:10,5:10,5,14.625,norwood.mouth,0.904239664,3.773496146
6,8/4/2021 5:25,5:25,5,14.5,norwood.mouth,0.910061183,3.726030676
6,8/4/2021 5:35,5:35,5,14.188,norwood.mouth,0.950661626,3.461049622
6,8/4/2021 5:50,5:50,5,14,norwood.mouth,0.9583878,3.375841503
6,8/4/2021 6:00,6:00,6,14.188,norwood.mouth,0.938720263,3.352739951
6,8/4/2021 6:10,6:10,6,14.312,norwood.mouth,0.920668397,3.502464309
6,8/4/2021 6:25,6:25,6,14.438,norwood.mouth,0.908224443,3.604515757
6,8/4/2021 6:35,6:35,6,14.188,norwood.mouth,0.921106383,3.563188085
6,8/4/2021 6:50,6:50,6,13.75,norwood.mouth,0.972618094,3.273241193
6,8/4/2021 7:00,7:00,7,13.875,norwood.mouth,0.970085167,3.273548971
6,8/4/2021 7:10,7:10,7,13.438,norwood.mouth,1.018636848,3.019675852
6,8/4/2021 7:25,7:25,7,13.625,norwood.mouth,0.975,3.262916667
6,8/4/2021 7:35,7:35,7,13.812,norwood.mouth,0.979703429,3.309694741
6,8/4/2021 7:50,7:50,7,13.812,norwood.mouth,0.951135557,3.455262775
6,8/4/2021 8:00,8:00,8,13.75,norwood.mouth,0.952880288,3.354381863
6,8/4/2021 8:10,8:10,8,13.688,norwood.mouth,0.957590909,3.395913409
6,8/4/2021 8:25,8:25,8,13.5,norwood.mouth,0.971722265,3.404502133
6,8/4/2021 8:35,8:35,8,14.312,norwood.mouth,0.897599675,3.729082994
6,8/4/2021 8:50,8:50,8,13.562,norwood.mouth,0.958101392,3.535480989
6,8/4/2021 9:00,9:00,9,13.25,norwood.mouth,1.093085106,2.902817819
6,8/4/2021 9:10,9:10,9,13.438,norwood.mouth,0.97679803,3.505661084
6,8/4/2021 9:25,9:25,9,13.5,norwood.mouth,0.975393258,3.629465169
6,8/4/2021 9:35,9:35,9,13.25,norwood.mouth,1.059331797,3.214514977
6,8/4/2021 9:50,9:50,9,13.062,norwood.mouth,1.162804878,2.763580793
6,8/4/2021 10:00,10:00,10,13,norwood.mouth,1.172592593,2.811651543
6,8/4/2021 10:10,10:10,10,13.625,norwood.mouth,0.959781761,4.058421278
6,8/4/2021 10:25,10:25,10,12.562,norwood.mouth,1.466708543,1.386381491
6,8/4/2021 10:35,10:35,10,12.812,norwood.mouth,1.346659919,2.083375675
6,8/4/2021 10:50,10:50,10,12.875,norwood.mouth,1.300218341,2.462176492
6,8/4/2021 11:00,11:00,11,13.312,norwood.mouth,1.0242891,4.012355549
6,8/4/2021 11:10,11:10,11,12.375,norwood.mouth,1.55,1.285
6,8/4/2021 11:25,11:25,11,12.438,norwood.mouth,1.55,1.464083333
6,8/4/2021 11:35,11:35,11,12.062,norwood.mouth,1.55,1.717333333
6,8/4/2021 11:50,11:50,11,11.188,norwood.mouth,1.55,2.132583333
6,8/4/2021 12:00,12:00,12,11.125,norwood.mouth,1.55,2.599916667
6,8/4/2021 12:10,12:10,12,11.312,norwood.mouth,1.55,2.56075
6,8/4/2021 12:25,12:25,12,11.438,norwood.mouth,1.55,2.880666667
6,8/4/2021 12:35,12:35,12,11.625,norwood.mouth,1.55,3.034416667
6,8/4/2021 12:50,12:50,12,11.625,norwood.mouth,1.55,3.333666667
6,8/4/2021 13:00,13:00,13,11.625,norwood.mouth,1.55,3.551666667
6,8/4/2021 13:10,13:10,13,11.75,norwood.mouth,1.55,3.721333333
6,8/4/2021 13:25,13:25,13,11.875,norwood.mouth,1.55,3.879916667
6,8/4/2021 13:35,13:35,13,11.938,norwood.mouth,1.55,4.011416667
6,8/4/2021 13:50,13:50,13,12.125,norwood.mouth,1.55,4.314166667
6,8/4/2021 14:00,14:00,14,12.438,norwood.mouth,1.55,4.45375
6,8/4/2021 14:10,14:10,14,12.188,norwood.mouth,1.55,4.647833333
6,8/4/2021 14:25,14:25,14,12.5,norwood.mouth,1.55,5.01975
6,8/4/2021 14:35,14:35,14,12.688,norwood.mouth,1.55,5.1195
6,8/4/2021 14:50,14:50,14,12.75,norwood.mouth,1.55,5.447083333
6,8/4/2021 15:00,15:00,15,12.938,norwood.mouth,1.55,5.645166667
6,8/4/2021 15:10,15:10,15,13.188,norwood.mouth,1.55,5.802083333
6,8/4/2021 15:25,15:25,15,13.125,norwood.mouth,1.55,6.128416667
6,8/4/2021 15:35,15:35,15,12.562,norwood.mouth,1.55,6.278416667
6,8/4/2021 15:50,15:50,15,13,norwood.mouth,1.55,6.523833333
6,8/4/2021 16:00,16:00,16,12.812,norwood.mouth,1.55,6.634083333
6,8/4/2021 16:10,16:10,16,13.125,norwood.mouth,1.55,6.846833333
6,8/4/2021 16:25,16:25,16,12.75,norwood.mouth,1.55,6.980583333
6,8/4/2021 16:35,16:35,16,13.188,norwood.mouth,1.55,7.116416667
6,8/4/2021 16:50,16:50,16,12.75,norwood.mouth,1.55,7.383166667
6,8/4/2021 17:00,17:00,17,13.062,norwood.mouth,1.55,7.531666667
6,8/4/2021 17:10,17:10,17,12.688,norwood.mouth,1.55,7.675083333
6,8/4/2021 17:25,17:25,17,12.938,norwood.mouth,1.55,7.825666667
6,8/4/2021 17:35,17:35,17,12.75,norwood.mouth,1.55,7.951166667
6,8/4/2021 17:50,17:50,17,12.875,norwood.mouth,1.55,8.161916667
6,8/4/2021 18:00,18:00,18,13.062,norwood.mouth,1.55,8.329
6,8/4/2021 18:10,18:10,18,12.938,norwood.mouth,1.55,8.375833333
6,8/4/2021 18:25,18:25,18,13.5,norwood.mouth,1.55,8.429916667
6,8/4/2021 18:35,18:35,18,13.125,norwood.mouth,1.55,8.44675
6,8/4/2021 18:50,18:50,18,13,norwood.mouth,1.55,8.5295
6,8/4/2021 19:00,19:00,19,12.75,norwood.mouth,1.55,8.594083333
6,8/4/2021 19:10,19:10,19,12.75,norwood.mouth,1.55,8.558666667
6,8/4/2021 19:25,19:25,19,13.125,norwood.mouth,1.55,8.464583333
6,8/4/2021 19:35,19:35,19,13.312,norwood.mouth,1.55,8.515083333
6,8/4/2021 19:50,19:50,19,13.312,norwood.mouth,1.55,8.40775
6,8/4/2021 20:00,20:00,20,13.062,norwood.mouth,1.55,8.309666667
6,8/4/2021 20:10,20:10,20,12.75,norwood.mouth,1.55,8.330333333
6,8/4/2021 20:25,20:25,20,12.562,norwood.mouth,1.55,8.2325
6,8/4/2021 20:35,20:35,20,12.75,norwood.mouth,1.55,8.1025
6,8/4/2021 20:50,20:50,20,12.438,norwood.mouth,1.55,7.910166667
6,8/4/2021 21:00,21:00,21,12.375,norwood.mouth,1.55,7.761666667
6,8/4/2021 21:10,21:10,21,12.5,norwood.mouth,1.55,7.614166667
6,8/4/2021 21:25,21:25,21,12.438,norwood.mouth,1.55,7.346583333
6,8/4/2021 21:35,21:35,21,12.688,norwood.mouth,1.55,7.092416667
6,8/4/2021 21:50,21:50,21,12.312,norwood.mouth,1.55,6.79875
6,8/4/2021 22:00,22:00,22,12.375,norwood.mouth,1.55,6.564916667
6,8/4/2021 22:10,22:10,22,12.375,norwood.mouth,1.55,6.344333333
6,8/4/2021 22:25,22:25,22,12.438,norwood.mouth,1.55,5.97875
6,8/4/2021 22:35,22:35,22,12.312,norwood.mouth,1.55,5.729416667
6,8/4/2021 22:50,22:50,22,12.25,norwood.mouth,1.55,5.409
6,8/4/2021 23:00,23:00,23,12.312,norwood.mouth,1.55,5.183083333
6,8/4/2021 23:10,23:10,23,12.438,norwood.mouth,1.55,4.897333333
6,8/4/2021 23:25,23:25,23,12.375,norwood.mouth,1.55,4.54925
6,8/4/2021 23:35,23:35,23,12.438,norwood.mouth,1.55,4.3065
6,8/4/2021 23:50,23:50,23,12.562,norwood.mouth,1.55,3.870916667
6,8/5/2021 0:00,0:00,0,12.562,norwood.mouth,1.55,3.6965
6,8/5/2021 0:10,0:10,0,12.312,norwood.mouth,1.55,3.4505
6,8/5/2021 0:25,0:25,0,12.5,norwood.mouth,1.55,3.15025
6,8/5/2021 0:35,0:35,0,12.438,norwood.mouth,1.55,2.98575
6,8/5/2021 0:50,0:50,0,12.5,norwood.mouth,1.55,2.728166667
6,8/5/2021 1:00,1:00,1,13.125,norwood.mouth,1.453069866,2.947323747
6,8/5/2021 1:10,1:10,1,13.312,norwood.mouth,1.385139986,3.156735014
6,8/5/2021 1:25,1:25,1,13.188,norwood.mouth,1.423664122,2.798430344
6,8/5/2021 1:35,1:35,1,13.375,norwood.mouth,1.347918137,2.993911462
6,8/5/2021 1:50,1:50,1,14.25,norwood.mouth,0.99673913,4.408236413
6,8/5/2021 2:00,2:00,2,15,norwood.mouth,0.927107728,4.692659982
6,8/5/2021 2:10,2:10,2,13.75,norwood.mouth,1.171288744,3.445130302
6,8/5/2021 2:25,2:25,2,14.188,norwood.mouth,0.9906639,4.203498963
6,8/5/2021 2:35,2:35,2,14,norwood.mouth,1.040765391,3.901165765
6,8/5/2021 2:50,2:50,2,14.062,norwood.mouth,0.99656051,4.014282166
6,8/5/2021 3:00,3:00,3,14.438,norwood.mouth,0.955938697,4.178883621
6,8/5/2021 3:10,3:10,3,14.375,norwood.mouth,0.956538197,4.078917068
6,8/5/2021 3:25,3:25,3,14,norwood.mouth,0.989662757,3.82527511
6,8/5/2021 3:35,3:35,3,14.312,norwood.mouth,0.964475743,3.852074987
6,8/5/2021 3:50,3:50,3,14.5,norwood.mouth,0.9403215,3.933903466
6,8/5/2021 4:00,4:00,4,14.25,norwood.mouth,0.966826156,3.780454745
6,8/5/2021 4:10,4:10,4,14.625,norwood.mouth,0.924570884,3.946407184
6,8/5/2021 4:25,4:25,4,14.562,norwood.mouth,0.937991779,3.833390634
6,8/5/2021 4:35,4:35,4,14.75,norwood.mouth,0.920293951,3.885845746
6,8/5/2021 4:50,4:50,4,14.438,norwood.mouth,0.936029412,3.75003125
6,8/5/2021 5:00,5:00,5,14.375,norwood.mouth,0.94389313,3.686706107
6,8/5/2021 5:10,5:10,5,14,norwood.mouth,0.972498251,3.47900105
6,8/5/2021 5:25,5:25,5,13.812,norwood.mouth,0.997276536,3.300261522
6,8/5/2021 5:35,5:35,5,14,norwood.mouth,0.990555928,3.297413764
6,8/5/2021 5:50,5:50,5,14.25,norwood.mouth,0.95755102,3.502219898
6,8/5/2021 6:00,6:00,6,14.062,norwood.mouth,0.963187588,3.405125882
6,8/5/2021 6:10,6:10,6,14.125,norwood.mouth,0.958888102,3.454406073
6,8/5/2021 6:25,6:25,6,14,norwood.mouth,0.968187204,3.409963418
6,8/5/2021 6:35,6:35,6,14.562,norwood.mouth,0.902040816,3.746586735
6,8/5/2021 6:50,6:50,6,14.375,norwood.mouth,0.931895937,3.561126871
6,8/5/2021 7:00,7:00,7,14.312,norwood.mouth,0.927961165,3.538110922
6,8/5/2021 7:10,7:10,7,14.375,norwood.mouth,0.919525159,3.535615167
6,8/5/2021 7:25,7:25,7,14.812,norwood.mouth,0.848635371,3.975253002
6,8/5/2021 7:35,7:35,7,14.5,norwood.mouth,0.887240584,3.685238566
6,8/5/2021 7:50,7:50,7,14.438,norwood.mouth,0.880935875,3.683526863
6,8/5/2021 8:00,8:00,8,13.938,norwood.mouth,0.932253995,3.530956266
6,8/5/2021 8:10,8:10,8,14.062,norwood.mouth,0.928634895,3.512825525
6,8/5/2021 8:25,8:25,8,14.188,norwood.mouth,0.901759657,3.69620515
6,8/5/2021 8:35,8:35,8,13.812,norwood.mouth,0.943359375,3.530517253
6,8/5/2021 8:50,8:50,8,13.625,norwood.mouth,0.973045822,3.508680031
6,8/5/2021 9:00,9:00,9,13.5,norwood.mouth,1.08879668,3.068126902
6,8/5/2021 9:10,9:10,9,13.25,norwood.mouth,1.142719383,2.890120259
6,8/5/2021 9:25,9:25,9,13.312,norwood.mouth,1.103652517,3.167469151
6,8/5/2021 9:35,9:35,9,13.438,norwood.mouth,1.062205467,3.451369345
6,8/5/2021 9:50,9:50,9,12.5,norwood.mouth,1.48411215,1.479209891
6,8/5/2021 10:00,10:00,10,13.188,norwood.mouth,1.164536741,3.119051917
6,8/5/2021 10:10,10:10,10,12.5,norwood.mouth,1.476229508,1.687349727
6,8/5/2021 10:25,10:25,10,12.25,norwood.mouth,1.55,1.471416667
6,8/5/2021 10:35,10:35,10,12.312,norwood.mouth,1.55,1.5795
6,8/5/2021 10:50,10:50,10,12.562,norwood.mouth,1.497755331,1.984783623
6,8/5/2021 11:00,11:00,11,12.25,norwood.mouth,1.55,1.872916667
6,8/5/2021 11:10,11:10,11,12.438,norwood.mouth,1.55,1.96
6,8/5/2021 11:25,11:25,11,12.438,norwood.mouth,1.55,2.173083333
6,8/5/2021 11:35,11:35,11,11.688,norwood.mouth,1.55,2.388666667
6,8/5/2021 11:50,11:50,11,11.625,norwood.mouth,1.55,2.581
6,8/5/2021 12:00,12:00,12,11.625,norwood.mouth,1.55,2.68575
6,8/5/2021 12:10,12:10,12,11.688,norwood.mouth,1.55,2.730916667
6,8/5/2021 12:25,12:25,12,11.625,norwood.mouth,1.55,2.999166667
6,8/5/2021 12:35,12:35,12,11.5,norwood.mouth,1.55,3.153916667
6,8/5/2021 12:50,12:50,12,11.5,norwood.mouth,1.55,3.356916667
6,8/5/2021 13:00,13:00,13,11.5,norwood.mouth,1.55,3.483166667
6,8/5/2021 13:10,13:10,13,11.5,norwood.mouth,1.55,3.595083333
6,8/5/2021 13:25,13:25,13,11.562,norwood.mouth,1.55,3.74875
6,8/5/2021 13:35,13:35,13,11.75,norwood.mouth,1.55,3.86075
6,8/5/2021 13:50,13:50,13,11.625,norwood.mouth,1.55,4.1635
6,8/5/2021 14:00,14:00,14,11.625,norwood.mouth,1.55,4.377833333
6,8/5/2021 14:10,14:10,14,11.688,norwood.mouth,1.55,4.6005
6,8/5/2021 14:25,14:25,14,11.812,norwood.mouth,1.55,4.902666667
6,8/5/2021 14:35,14:35,14,11.812,norwood.mouth,1.55,5.185583333
6,8/5/2021 14:50,14:50,14,11.812,norwood.mouth,1.55,5.397416667
6,8/5/2021 15:00,15:00,15,12,norwood.mouth,1.55,5.519666667
6,8/5/2021 15:10,15:10,15,12,norwood.mouth,1.55,5.5585
6,8/5/2021 15:25,15:25,15,11.938,norwood.mouth,1.55,5.7425
6,8/5/2021 15:35,15:35,15,12,norwood.mouth,1.55,5.7735
6,8/5/2021 15:50,15:50,15,12.125,norwood.mouth,1.55,6.164833333
6,8/5/2021 16:00,16:00,16,12.062,norwood.mouth,1.55,6.192666667
6,8/5/2021 16:10,16:10,16,12.188,norwood.mouth,1.55,6.283333333
6,8/5/2021 16:25,16:25,16,12.062,norwood.mouth,1.55,6.561583333
6,8/5/2021 16:35,16:35,16,12.125,norwood.mouth,1.55,6.658
6,8/5/2021 16:50,16:50,16,12.125,norwood.mouth,1.55,6.815416667
6,8/5/2021 17:00,17:00,17,12.125,norwood.mouth,1.55,6.97225
6,8/5/2021 17:10,17:10,17,12.375,norwood.mouth,1.55,7.119333333
6,8/5/2021 17:25,17:25,17,12.125,norwood.mouth,1.55,6.69575
6,8/5/2021 17:35,17:35,17,11.938,norwood.mouth,1.55,7.323916667
6,8/5/2021 17:50,17:50,17,12,norwood.mouth,1.55,7.565166667
6,8/5/2021 18:00,18:00,18,12,norwood.mouth,1.55,7.623916667
6,8/5/2021 18:10,18:10,18,12,norwood.mouth,1.55,7.683166667
6,8/5/2021 18:25,18:25,18,11.938,norwood.mouth,1.55,7.719083333
6,8/5/2021 18:35,18:35,18,12,norwood.mouth,1.55,7.785416667
6,8/5/2021 18:50,18:50,18,11.938,norwood.mouth,1.55,7.73725
6,8/5/2021 19:00,19:00,19,12,norwood.mouth,1.55,7.820416667
6,8/5/2021 19:10,19:10,19,11.938,norwood.mouth,1.55,7.807333333
6,8/5/2021 19:25,19:25,19,12.125,norwood.mouth,1.55,7.713583333
6,8/5/2021 19:35,19:35,19,11.938,norwood.mouth,1.55,7.582166667
6,8/5/2021 19:50,19:50,19,11.812,norwood.mouth,1.55,7.696833333
6,8/5/2021 20:00,20:00,20,11.812,norwood.mouth,1.55,7.648166667
6,8/5/2021 20:10,20:10,20,11.75,norwood.mouth,1.55,7.563083333
6,8/5/2021 20:25,20:25,20,11.812,norwood.mouth,1.55,7.302666667
6,8/5/2021 20:35,20:35,20,11.812,norwood.mouth,1.55,7.153083333
6,8/5/2021 20:50,20:50,20,11.875,norwood.mouth,1.55,6.8495
6,8/5/2021 21:00,21:00,21,12,norwood.mouth,1.55,6.697666667
6,8/5/2021 21:10,21:10,21,11.75,norwood.mouth,1.55,6.484333333
6,8/5/2021 21:25,21:25,21,11.75,norwood.mouth,1.55,6.212166667
6,8/5/2021 21:35,21:35,21,11.875,norwood.mouth,1.55,6.172666667
6,8/5/2021 21:50,21:50,21,12.125,norwood.mouth,1.55,6.0755
6,8/5/2021 22:00,22:00,22,12.438,norwood.mouth,1.55,6.002583333
6,8/5/2021 22:10,22:10,22,12.438,norwood.mouth,1.55,5.844416667
6,8/5/2021 22:25,22:25,22,13,norwood.mouth,1.370716511,6.101441719
6,8/5/2021 22:35,22:35,22,12.375,norwood.mouth,1.55,5.38475
6,8/5/2021 22:50,22:50,22,12.688,norwood.mouth,1.472142857,5.387220238
6,8/5/2021 23:00,23:00,23,13.25,norwood.mouth,1.247342995,5.885305153
6,8/5/2021 23:10,23:10,23,12.562,norwood.mouth,1.55,4.66175
6,8/5/2021 23:25,23:25,23,12.125,norwood.mouth,1.55,4.338333333
6,8/5/2021 23:35,23:35,23,11.938,norwood.mouth,1.55,4.101
6,8/5/2021 23:50,23:50,23,11.75,norwood.mouth,1.55,3.88775
