site,date,time,date.time,thermo.measure.loc,latitude,longitude,depth.m,temperature.c,do.mg.l,notes
cottonwood ,8/17/2021,10:50,8/17/21 10:50:00,cottonwood.site.4,44.29443,-123.18976,2.1,13.9,1.09,
cottonwood ,8/17/2021,10:50,8/17/21 10:50:00,cottonwood.site.4,44.29443,-123.18976,1.9,14.2,2,fluctuating
cottonwood ,8/17/2021,10:50,8/17/21 10:50:00,cottonwood.site.4,44.29443,-123.18976,1.7,14.4,2.7,
cottonwood ,8/17/2021,10:50,8/17/21 10:50:00,cottonwood.site.4,44.29443,-123.18976,1.5,14.4,2.75,
cottonwood ,8/17/2021,10:50,8/17/21 10:50:00,cottonwood.site.4,44.29443,-123.18976,1.3,14.7,2.74,
cottonwood ,8/17/2021,10:50,8/17/21 10:50:00,cottonwood.site.4,44.29443,-123.18976,1.1,14.8,2.76,
cottonwood ,8/17/2021,10:50,8/17/21 10:50:00,cottonwood.site.4,44.29443,-123.18976,0.9,15.2,3.1,
cottonwood ,8/17/2021,10:50,8/17/21 10:50:00,cottonwood.site.4,44.29443,-123.18976,0.7,15.5,3.63,
cottonwood ,8/17/2021,10:50,8/17/21 10:50:00,cottonwood.site.4,44.29443,-123.18976,0.6,15.6,3.95,
cottonwood ,8/17/2021,10:50,8/17/21 10:50:00,cottonwood.site.4,44.29443,-123.18976,0.5,16.4,4.4,
cottonwood ,8/17/2021,10:50,8/17/21 10:50:00,cottonwood.site.4,44.29443,-123.18976,0.3,16.9,4.83,
cottonwood ,8/17/2021,10:50,8/17/21 10:50:00,cottonwood.site.4,44.29443,-123.18976,0.1,17.3,5.15,
cottonwood ,8/17/2021,11:10,8/17/21 11:10:00,cottonwood.site.1,44.29519,-123.18979,2,16.1,1.8,
cottonwood ,8/17/2021,11:10,8/17/21 11:10:00,cottonwood.site.1,44.29519,-123.18979,1.8,16.1,3.13,
cottonwood ,8/17/2021,11:10,8/17/21 11:10:00,cottonwood.site.1,44.29519,-123.18979,1.6,16.2,4.36,
cottonwood ,8/17/2021,11:10,8/17/21 11:10:00,cottonwood.site.1,44.29519,-123.18979,1.4,16.2,4.48,
cottonwood ,8/17/2021,11:10,8/17/21 11:10:00,cottonwood.site.1,44.29519,-123.18979,1.2,16.5,5.31,
cottonwood ,8/17/2021,11:10,8/17/21 11:10:00,cottonwood.site.1,44.29519,-123.18979,1,16.5,5.5,
cottonwood ,8/17/2021,11:10,8/17/21 11:10:00,cottonwood.site.1,44.29519,-123.18979,0.9,17.1,6.15,"~thermocline, temp/do oscillating"
cottonwood ,8/17/2021,11:10,8/17/21 11:10:00,cottonwood.site.1,44.29519,-123.18979,0.8,17.8,6.37,
cottonwood ,8/17/2021,11:10,8/17/21 11:10:00,cottonwood.site.1,44.29519,-123.18979,0.6,18.8,6.84,
cottonwood ,8/17/2021,11:10,8/17/21 11:10:00,cottonwood.site.1,44.29519,-123.18979,0.4,19.2,6.89,
cottonwood ,8/17/2021,11:10,8/17/21 11:10:00,cottonwood.site.1,44.29519,-123.18979,0.2,19.5,6.99,
cottonwood ,8/17/2021,11:10,8/17/21 11:10:00,cottonwood.site.1,44.29519,-123.18979,0.1,19.6,7.07,
harrisburg ,8/17/2021,12:15,8/17/21 12:15:00,harrisburg.site.4,44.28362,-123.18369,1.5,16.6,3.22,
harrisburg ,8/17/2021,12:15,8/17/21 12:15:00,harrisburg.site.4,44.28362,-123.18369,1.3,16.6,3.15,
harrisburg ,8/17/2021,12:15,8/17/21 12:15:00,harrisburg.site.4,44.28362,-123.18369,1.1,16.6,3.14,
harrisburg ,8/17/2021,12:15,8/17/21 12:15:00,harrisburg.site.4,44.28362,-123.18369,0.9,16.6,3.29,
harrisburg ,8/17/2021,12:15,8/17/21 12:15:00,harrisburg.site.4,44.28362,-123.18369,0.7,16.6,3.26,
harrisburg ,8/17/2021,12:15,8/17/21 12:15:00,harrisburg.site.4,44.28362,-123.18369,0.5,16.7,3.25,
harrisburg ,8/17/2021,12:15,8/17/21 12:15:00,harrisburg.site.4,44.28362,-123.18369,0.3,17.1,2.64,
harrisburg ,8/17/2021,12:15,8/17/21 12:15:00,harrisburg.site.4,44.28362,-123.18369,0.1,17.3,2.7,
harrisburg ,8/17/2021,12:15,8/17/21 12:15:00,harrisburg.site.4,44.28362,-123.18369,0.7,16.6,3.56,other side of boat
harrisburg ,8/17/2021,12:15,8/17/21 12:15:00,harrisburg.site.4,44.28362,-123.18369,0.1,17.5,3.03,other side of boat
harrisburg ,8/17/2021,12:30,8/17/21 12:30:00,harrisburg.site.3,44.28409,-123.18487,1.7,16.7,5.73,
harrisburg ,8/17/2021,12:30,8/17/21 12:30:00,harrisburg.site.3,44.28409,-123.18487,1.5,17.1,5.68,
harrisburg ,8/17/2021,12:30,8/17/21 12:30:00,harrisburg.site.3,44.28409,-123.18487,1.3,17.7,6.26,
harrisburg ,8/17/2021,12:30,8/17/21 12:30:00,harrisburg.site.3,44.28409,-123.18487,1.1,18.5,7.06,
harrisburg ,8/17/2021,12:30,8/17/21 12:30:00,harrisburg.site.3,44.28409,-123.18487,0.9,19.4,8.26,
harrisburg ,8/17/2021,12:30,8/17/21 12:30:00,harrisburg.site.3,44.28409,-123.18487,0.7,19.7,8.57,
harrisburg ,8/17/2021,12:30,8/17/21 12:30:00,harrisburg.site.3,44.28409,-123.18487,0.5,19.7,8.59,
harrisburg ,8/17/2021,12:30,8/17/21 12:30:00,harrisburg.site.3,44.28409,-123.18487,0.3,19.7,8.59,
harrisburg ,8/17/2021,12:30,8/17/21 12:30:00,harrisburg.site.3,44.28409,-123.18487,0.1,19.8,8.57,
harrisburg ,8/17/2021,12:40,8/17/21 12:40:00,harrisburg.site.1,44.28426,-123.18561,2.1,14.2,2.48,
harrisburg ,8/17/2021,12:40,8/17/21 12:40:00,harrisburg.site.1,44.28426,-123.18561,1.9,15.6,3.42,
harrisburg ,8/17/2021,12:40,8/17/21 12:40:00,harrisburg.site.1,44.28426,-123.18561,1.8,16.1,5.01,
harrisburg ,8/17/2021,12:40,8/17/21 12:40:00,harrisburg.site.1,44.28426,-123.18561,1.7,16.3,3.73,
harrisburg ,8/17/2021,12:40,8/17/21 12:40:00,harrisburg.site.1,44.28426,-123.18561,1.5,17.3,5.43,
harrisburg ,8/17/2021,12:40,8/17/21 12:40:00,harrisburg.site.1,44.28426,-123.18561,1.3,18.1,6.16,
harrisburg ,8/17/2021,12:40,8/17/21 12:40:00,harrisburg.site.1,44.28426,-123.18561,1.1,19,6.79,
harrisburg ,8/17/2021,12:40,8/17/21 12:40:00,harrisburg.site.1,44.28426,-123.18561,0.9,19.4,8,
harrisburg ,8/17/2021,12:40,8/17/21 12:40:00,harrisburg.site.1,44.28426,-123.18561,0.7,19.8,8.81,
harrisburg ,8/17/2021,12:40,8/17/21 12:40:00,harrisburg.site.1,44.28426,-123.18561,0.5,19.9,9.71,
harrisburg ,8/17/2021,12:40,8/17/21 12:40:00,harrisburg.site.1,44.28426,-123.18561,0.3,19.9,9.72,
harrisburg ,8/17/2021,12:40,8/17/21 12:40:00,harrisburg.site.1,44.28426,-123.18561,0.1,20,10.63,
harrisburg ,8/17/2021,13:00,8/17/21 13:00:00,harrisburg.site.2,44.28424,-123.18529,2.1,14.4,3.5,
harrisburg ,8/17/2021,13:00,8/17/21 13:00:00,harrisburg.site.2,44.28424,-123.18529,1.9,15.6,4.95,
harrisburg ,8/17/2021,13:00,8/17/21 13:00:00,harrisburg.site.2,44.28424,-123.18529,1.7,16.5,5.68,
harrisburg ,8/17/2021,13:00,8/17/21 13:00:00,harrisburg.site.2,44.28424,-123.18529,1.5,17,5.73,
harrisburg ,8/17/2021,13:00,8/17/21 13:00:00,harrisburg.site.2,44.28424,-123.18529,1.4,17.8,6.13,do fluctuating here
harrisburg ,8/17/2021,13:00,8/17/21 13:00:00,harrisburg.site.2,44.28424,-123.18529,1.2,18.7,7.01,
harrisburg ,8/17/2021,13:00,8/17/21 13:00:00,harrisburg.site.2,44.28424,-123.18529,1,19.3,7.62,
harrisburg ,8/17/2021,13:00,8/17/21 13:00:00,harrisburg.site.2,44.28424,-123.18529,0.8,19.5,7.79,
harrisburg ,8/17/2021,13:00,8/17/21 13:00:00,harrisburg.site.2,44.28424,-123.18529,0.6,19.7,7.85,
harrisburg ,8/17/2021,13:00,8/17/21 13:00:00,harrisburg.site.2,44.28424,-123.18529,0.4,19.9,8.08,
harrisburg ,8/17/2021,13:00,8/17/21 13:00:00,harrisburg.site.2,44.28424,-123.18529,0.2,19.9,8.4,
blue.ruin,8/22/2019,13:00,8/22/19 13:00:00,br.0822.thermo.1,44.230089,-123.16232,1.85,12.7,9.39,
blue.ruin,8/22/2019,13:00,8/22/19 13:00:00,br.0822.thermo.1,44.230089,-123.16232,1.6,12.3,6.1,
blue.ruin,8/22/2019,13:00,8/22/19 13:00:00,br.0822.thermo.1,44.230089,-123.16232,1.5,12.3,6.1,
blue.ruin,8/22/2019,13:00,8/22/19 13:00:00,br.0822.thermo.1,44.230089,-123.16232,1.4,12.2,5.65,just clear of macrophytes
blue.ruin,8/22/2019,13:00,8/22/19 13:00:00,br.0822.thermo.1,44.230089,-123.16232,1.3,12.2,5.21,
blue.ruin,8/22/2019,13:00,8/22/19 13:00:00,br.0822.thermo.1,44.230089,-123.16232,1.2,12.2,5.18,
blue.ruin,8/22/2019,13:00,8/22/19 13:00:00,br.0822.thermo.1,44.230089,-123.16232,1.1,12.2,5.24,
blue.ruin,8/22/2019,13:00,8/22/19 13:00:00,br.0822.thermo.1,44.230089,-123.16232,1,12.3,5.37,
blue.ruin,8/22/2019,13:00,8/22/19 13:00:00,br.0822.thermo.1,44.230089,-123.16232,0.9,12.5,5.66,
blue.ruin,8/22/2019,13:00,8/22/19 13:00:00,br.0822.thermo.1,44.230089,-123.16232,0.8,12.6,5.84,
blue.ruin,8/22/2019,13:00,8/22/19 13:00:00,br.0822.thermo.1,44.230089,-123.16232,0.7,13.4,6.09,
blue.ruin,8/22/2019,13:00,8/22/19 13:00:00,br.0822.thermo.1,44.230089,-123.16232,0.6,14,6.19,
blue.ruin,8/22/2019,13:00,8/22/19 13:00:00,br.0822.thermo.1,44.230089,-123.16232,0.5,15.6,6.65,
blue.ruin,8/22/2019,13:00,8/22/19 13:00:00,br.0822.thermo.1,44.230089,-123.16232,0.4,16.2,7.04,
blue.ruin,8/22/2019,13:00,8/22/19 13:00:00,br.0822.thermo.1,44.230089,-123.16232,0.3,17,7.38,
blue.ruin,8/22/2019,13:00,8/22/19 13:00:00,br.0822.thermo.1,44.230089,-123.16232,0.2,17,7.39,
blue.ruin,8/22/2019,13:00,8/22/19 13:00:00,br.0822.thermo.1,44.230089,-123.16232,0.1,17.1,7.68,
blue.ruin,8/22/2019,13:10,8/22/19 13:10:00,br.0822.thermo.2,44.230402,-123.162473,1.85,13,7.73,
blue.ruin,8/22/2019,13:10,8/22/19 13:10:00,br.0822.thermo.2,44.230402,-123.162473,1.7,13.1,7.81,
blue.ruin,8/22/2019,13:10,8/22/19 13:10:00,br.0822.thermo.2,44.230402,-123.162473,1.6,13,7.94,
blue.ruin,8/22/2019,13:10,8/22/19 13:10:00,br.0822.thermo.2,44.230402,-123.162473,1.5,12.9,6.58,
blue.ruin,8/22/2019,13:10,8/22/19 13:10:00,br.0822.thermo.2,44.230402,-123.162473,1.4,12.8,6.46,
blue.ruin,8/22/2019,13:10,8/22/19 13:10:00,br.0822.thermo.2,44.230402,-123.162473,1.3,12.8,6.44,
blue.ruin,8/22/2019,13:10,8/22/19 13:10:00,br.0822.thermo.2,44.230402,-123.162473,1.2,14.3,0.3,
blue.ruin,8/22/2019,13:10,8/22/19 13:10:00,br.0822.thermo.2,44.230402,-123.162473,1.1,15.3,7.2,
blue.ruin,8/22/2019,13:10,8/22/19 13:10:00,br.0822.thermo.2,44.230402,-123.162473,1,16,7.16,
blue.ruin,8/22/2019,13:10,8/22/19 13:10:00,br.0822.thermo.2,44.230402,-123.162473,0.9,16.6,7.11,
blue.ruin,8/22/2019,13:10,8/22/19 13:10:00,br.0822.thermo.2,44.230402,-123.162473,0.8,16.8,7.1,
blue.ruin,8/22/2019,13:10,8/22/19 13:10:00,br.0822.thermo.2,44.230402,-123.162473,0.7,16.8,7.11,
blue.ruin,8/22/2019,13:10,8/22/19 13:10:00,br.0822.thermo.2,44.230402,-123.162473,0.6,16.9,7.12,
blue.ruin,8/22/2019,13:10,8/22/19 13:10:00,br.0822.thermo.2,44.230402,-123.162473,0.5,17,7.14,
blue.ruin,8/22/2019,13:10,8/22/19 13:10:00,br.0822.thermo.2,44.230402,-123.162473,0.4,17,7.17,
blue.ruin,8/22/2019,13:10,8/22/19 13:10:00,br.0822.thermo.2,44.230402,-123.162473,0.3,17.1,7.2,
blue.ruin,8/22/2019,13:10,8/22/19 13:10:00,br.0822.thermo.2,44.230402,-123.162473,0.2,17.2,7.3,
blue.ruin,8/22/2019,13:10,8/22/19 13:10:00,br.0822.thermo.2,44.230402,-123.162473,0.1,17.4,7.7,
blue.ruin,8/22/2019,13:25,8/22/19 13:25:00,br.0822.thermo.3,44.232542,-123.162969,3.38,12.5,4.17,
blue.ruin,8/22/2019,13:25,8/22/19 13:25:00,br.0822.thermo.3,44.232542,-123.162969,3,12.5,3.53,
blue.ruin,8/22/2019,13:25,8/22/19 13:25:00,br.0822.thermo.3,44.232542,-123.162969,2.5,12.7,3.87,
blue.ruin,8/22/2019,13:25,8/22/19 13:25:00,br.0822.thermo.3,44.232542,-123.162969,2,12.8,4.33,
blue.ruin,8/22/2019,13:25,8/22/19 13:25:00,br.0822.thermo.3,44.232542,-123.162969,1.8,12.9,4.62,
blue.ruin,8/22/2019,13:25,8/22/19 13:25:00,br.0822.thermo.3,44.232542,-123.162969,1.6,13,5.11,
blue.ruin,8/22/2019,13:25,8/22/19 13:25:00,br.0822.thermo.3,44.232542,-123.162969,1.5,13.2,5.89,
blue.ruin,8/22/2019,13:25,8/22/19 13:25:00,br.0822.thermo.3,44.232542,-123.162969,1.4,14.4,6.21,
blue.ruin,8/22/2019,13:25,8/22/19 13:25:00,br.0822.thermo.3,44.232542,-123.162969,1.3,16.1,6.55,
blue.ruin,8/22/2019,13:25,8/22/19 13:25:00,br.0822.thermo.3,44.232542,-123.162969,1.2,16.4,6.57,
blue.ruin,8/22/2019,13:25,8/22/19 13:25:00,br.0822.thermo.3,44.232542,-123.162969,1.1,16.5,6.61,
blue.ruin,8/22/2019,13:25,8/22/19 13:25:00,br.0822.thermo.3,44.232542,-123.162969,1,16.6,6.63,
blue.ruin,8/22/2019,13:25,8/22/19 13:25:00,br.0822.thermo.3,44.232542,-123.162969,0.9,16.7,6.63,
blue.ruin,8/22/2019,13:25,8/22/19 13:25:00,br.0822.thermo.3,44.232542,-123.162969,0.8,16.7,6.66,
blue.ruin,8/22/2019,13:25,8/22/19 13:25:00,br.0822.thermo.3,44.232542,-123.162969,0.7,16.7,6.69,
blue.ruin,8/22/2019,13:25,8/22/19 13:25:00,br.0822.thermo.3,44.232542,-123.162969,0.6,16.8,6.73,
blue.ruin,8/22/2019,13:25,8/22/19 13:25:00,br.0822.thermo.3,44.232542,-123.162969,0.5,16.8,6.75,
blue.ruin,8/22/2019,13:25,8/22/19 13:25:00,br.0822.thermo.3,44.232542,-123.162969,0.4,16.9,6.76,
blue.ruin,8/22/2019,13:25,8/22/19 13:25:00,br.0822.thermo.3,44.232542,-123.162969,0.3,17,6.77,
blue.ruin,8/22/2019,13:25,8/22/19 13:25:00,br.0822.thermo.3,44.232542,-123.162969,0.2,17,6.79,
blue.ruin,8/22/2019,13:25,8/22/19 13:25:00,br.0822.thermo.3,44.232542,-123.162969,0.1,17.1,6.8,
blue.ruin,8/22/2019,13:41,8/22/19 13:41:00,br.0822.thermo.4,44.232834,-123.163065,2.15,13.1,4.16,
blue.ruin,8/22/2019,13:41,8/22/19 13:41:00,br.0822.thermo.4,44.232834,-123.163065,2,13.1,4.27,
blue.ruin,8/22/2019,13:41,8/22/19 13:41:00,br.0822.thermo.4,44.232834,-123.163065,1.8,13.1,4.28,
blue.ruin,8/22/2019,13:41,8/22/19 13:41:00,br.0822.thermo.4,44.232834,-123.163065,1.6,13.1,4.35,
blue.ruin,8/22/2019,13:41,8/22/19 13:41:00,br.0822.thermo.4,44.232834,-123.163065,1.4,13.2,4.31,
blue.ruin,8/22/2019,13:41,8/22/19 13:41:00,br.0822.thermo.4,44.232834,-123.163065,1.3,13.3,4.96,
blue.ruin,8/22/2019,13:41,8/22/19 13:41:00,br.0822.thermo.4,44.232834,-123.163065,1.2,14.6,6.05,
blue.ruin,8/22/2019,13:41,8/22/19 13:41:00,br.0822.thermo.4,44.232834,-123.163065,1.1,14.5,5.54,
blue.ruin,8/22/2019,13:41,8/22/19 13:41:00,br.0822.thermo.4,44.232834,-123.163065,1,16.5,6.5,
blue.ruin,8/22/2019,13:41,8/22/19 13:41:00,br.0822.thermo.4,44.232834,-123.163065,0.9,16.6,6.69,
blue.ruin,8/22/2019,13:41,8/22/19 13:41:00,br.0822.thermo.4,44.232834,-123.163065,0.8,16.6,6.68,
blue.ruin,8/22/2019,13:41,8/22/19 13:41:00,br.0822.thermo.4,44.232834,-123.163065,0.7,16.9,7.05,
blue.ruin,8/22/2019,13:41,8/22/19 13:41:00,br.0822.thermo.4,44.232834,-123.163065,0.6,17,7.26,
blue.ruin,8/22/2019,13:41,8/22/19 13:41:00,br.0822.thermo.4,44.232834,-123.163065,0.5,17.1,7.28,
blue.ruin,8/22/2019,13:41,8/22/19 13:41:00,br.0822.thermo.4,44.232834,-123.163065,0.4,17.1,7.28,
blue.ruin,8/22/2019,13:41,8/22/19 13:41:00,br.0822.thermo.4,44.232834,-123.163065,0.3,17.1,7.29,
blue.ruin,8/22/2019,13:41,8/22/19 13:41:00,br.0822.thermo.4,44.232834,-123.163065,0.2,17.3,7.5,
blue.ruin,8/22/2019,13:41,8/22/19 13:41:00,br.0822.thermo.4,44.232834,-123.163065,0.1,17.3,7.64,
norwood,8/27/2019,11:32,8/27/19 11:32:00,nor.0827.thermo.1,44.383901,-123.237078,1.5,11.6,4.74,"for some reason we didn't take DO here, using DO taken on 8/23 at same site (TS_S6.3 from temperature map measurements)"
norwood,8/27/2019,11:32,8/27/19 11:32:00,nor.0827.thermo.1,44.383901,-123.237078,1.4,11.5,4.72,
norwood,8/27/2019,11:32,8/27/19 11:32:00,nor.0827.thermo.1,44.383901,-123.237078,1.3,11.6,4.71,
norwood,8/27/2019,11:32,8/27/19 11:32:00,nor.0827.thermo.1,44.383901,-123.237078,1.2,12.4,4.7,
norwood,8/27/2019,11:32,8/27/19 11:32:00,nor.0827.thermo.1,44.383901,-123.237078,1.1,12.6,4.83,
norwood,8/27/2019,11:32,8/27/19 11:32:00,nor.0827.thermo.1,44.383901,-123.237078,1,12.8,5.16,
norwood,8/27/2019,11:32,8/27/19 11:32:00,nor.0827.thermo.1,44.383901,-123.237078,0.9,14.6,8.27,
norwood,8/27/2019,11:32,8/27/19 11:32:00,nor.0827.thermo.1,44.383901,-123.237078,0.8,15.9,8.74,
norwood,8/27/2019,11:32,8/27/19 11:32:00,nor.0827.thermo.1,44.383901,-123.237078,0.7,16.2,8.93,
norwood,8/27/2019,11:32,8/27/19 11:32:00,nor.0827.thermo.1,44.383901,-123.237078,0.6,16.5,9.18,
norwood,8/27/2019,11:32,8/27/19 11:32:00,nor.0827.thermo.1,44.383901,-123.237078,0.5,16.7,9.43,
norwood,8/27/2019,11:32,8/27/19 11:32:00,nor.0827.thermo.1,44.383901,-123.237078,0.4,16.8,9.61,
norwood,8/27/2019,11:32,8/27/19 11:32:00,nor.0827.thermo.1,44.383901,-123.237078,0.3,16.8,9.71,
norwood,8/27/2019,11:32,8/27/19 11:32:00,nor.0827.thermo.1,44.383901,-123.237078,0.2,17.1,11.41,
norwood,8/27/2019,11:32,8/27/19 11:32:00,nor.0827.thermo.1,44.383901,-123.237078,0.1,17.1,4.74,
norwood,8/27/2019,11:32,8/27/19 11:32:00,nor.0827.thermo.2,44.384147,-123.236812,1.5,11.8,5.27,using DO taken at rougly same site (TS_S7.0)
norwood,8/27/2019,11:47,8/27/19 11:47:00,nor.0827.thermo.2,44.384147,-123.236812,1.4,11.9,5.25,
norwood,8/27/2019,11:47,8/27/19 11:47:00,nor.0827.thermo.2,44.384147,-123.236812,1.3,11.7,5.18,
norwood,8/27/2019,11:47,8/27/19 11:47:00,nor.0827.thermo.2,44.384147,-123.236812,1.2,11.8,5.02,
norwood,8/27/2019,11:47,8/27/19 11:47:00,nor.0827.thermo.2,44.384147,-123.236812,1.1,12.1,4.91,
norwood,8/27/2019,11:47,8/27/19 11:47:00,nor.0827.thermo.2,44.384147,-123.236812,1,13.4,5.49,
norwood,8/27/2019,11:47,8/27/19 11:47:00,nor.0827.thermo.2,44.384147,-123.236812,0.9,14.1,8.57,
norwood,8/27/2019,11:47,8/27/19 11:47:00,nor.0827.thermo.2,44.384147,-123.236812,0.8,15.3,8.95,
norwood,8/27/2019,11:47,8/27/19 11:47:00,nor.0827.thermo.2,44.384147,-123.236812,0.7,16.7,9.2,
norwood,8/27/2019,11:47,8/27/19 11:47:00,nor.0827.thermo.2,44.384147,-123.236812,0.6,17.3,9.45,
norwood,8/27/2019,11:47,8/27/19 11:47:00,nor.0827.thermo.2,44.384147,-123.236812,0.5,17.6,9.5,
norwood,8/27/2019,11:47,8/27/19 11:47:00,nor.0827.thermo.2,44.384147,-123.236812,0.4,17.6,9.68,
norwood,8/27/2019,11:47,8/27/19 11:47:00,nor.0827.thermo.2,44.384147,-123.236812,0.3,17.5,9.77,
norwood,8/27/2019,11:47,8/27/19 11:47:00,nor.0827.thermo.2,44.384147,-123.236812,0.2,17.5,9.91,
norwood,8/27/2019,11:47,8/27/19 11:47:00,nor.0827.thermo.2,44.384147,-123.236812,0.1,17.5,9.99,
