date.time,tag.id,receiver.site,antenna.number,temp.sd,temp.strong,lat,long,strength,gap,temp.diff,mainstem.temp,foray
7/25/2021 1:40,11,1,2,NA,13.2,44.2333796,-123.1625399,77,60,0,23.593,0
7/25/2021 2:50,11,1,1,NA,13.2,44.2333796,-123.1625399,76,70,0,21.891,0
7/25/2021 3:00,11,1,1,NA,13.2,44.2333796,-123.1625399,76,10,0,21.676,0
7/25/2021 7:40,11,1,1,NA,12.4,44.2333796,-123.1625399,76,190,-0.8,17.962,0
7/25/2021 8:10,11,1,1,0.565685425,13.2,44.2333796,-123.1625399,76,30,0.8,18.414,0
7/25/2021 11:10,11,1,1,NA,14,44.2333796,-123.1625399,77,80,0.8,26.012,0
7/25/2021 14:20,11,1,1,NA,14,44.2333796,-123.1625399,77,190,0,20.531,0
7/25/2021 14:30,11,1,1,NA,14,44.2333796,-123.1625399,74,10,0,20.722,0
7/25/2021 15:50,11,1,1,NA,14,44.2333796,-123.1625399,76,80,0,21.127,0
7/25/2021 17:10,11,1,1,NA,14,44.2333796,-123.1625399,56,80,0,21.39,0
7/25/2021 17:20,11,1,1,NA,14,44.2333796,-123.1625399,80,10,0,21.342,0
7/25/2021 19:20,11,1,1,0.461880215,13.2,44.2333796,-123.1625399,75,60,-0.8,21.175,0
7/25/2021 19:40,11,1,1,3.743794866,22,44.2333796,-123.1625399,92,20,8.8,20.96,0
7/25/2021 21:10,11,2,1,0.565685425,23.6,44.23122,-123.1629,95,70,1.6,20.817,1
7/25/2021 21:40,11,2,1,3.346640106,22,44.23122,-123.1629,85,30,-1.6,20.77,0
7/26/2021 1:40,11,1,1,NA,14,44.2333796,-123.1625399,73,80,-8,20.007,0
7/26/2021 2:10,11,1,2,NA,13.2,44.2333796,-123.1625399,78,30,-0.8,19.888,0
7/26/2021 7:20,11,1,1,NA,13.2,44.2333796,-123.1625399,85,80,0,18.913,0
7/26/2021 8:00,11,1,1,NA,12.4,44.2333796,-123.1625399,78,40,-0.8,18.818,0
7/26/2021 10:30,11,1,1,NA,14,44.2333796,-123.1625399,78,140,1.6,19.056,1
7/26/2021 10:40,11,1,1,NA,12.4,44.2333796,-123.1625399,59,10,-1.6,19.27,0
7/26/2021 13:40,11,1,1,NA,14.8,44.2333796,-123.1625399,77,180,2.4,20.531,1
7/26/2021 14:50,11,1,2,NA,14.8,44.2333796,-123.1625399,74,70,0,20.65,0
7/26/2021 16:20,11,4,1,NA,13.2,44.2303277,-123.1622552,54,90,-1.6,21.223,0
7/26/2021 17:20,11,1,1,NA,14,44.2333796,-123.1625399,74,60,0.8,21.366,0
7/26/2021 18:20,11,1,1,NA,14,44.2333796,-123.1625399,76,60,0,21.246,0
7/26/2021 19:10,11,1,1,2.828427125,23.6,44.2333796,-123.1625399,118,50,9.6,21.079,0
7/26/2021 21:20,11,1,1,NA,14.8,44.2333796,-123.1625399,88,130,-8.8,20.817,0
7/26/2021 21:30,11,1,1,4.039801975,22,44.2333796,-123.1625399,90,10,7.2,20.746,0
7/27/2021 1:50,11,1,1,NA,10,44.2333796,-123.1625399,74,120,-12,19.817,0
7/27/2021 2:30,11,1,1,NA,14,44.2333796,-123.1625399,80,40,4,19.603,0
7/27/2021 8:00,11,1,1,NA,13.2,44.2333796,-123.1625399,77,100,-0.8,19.056,0
7/27/2021 8:20,11,1,1,NA,12.4,44.2333796,-123.1625399,81,20,-0.8,18.961,0
7/27/2021 10:00,11,1,2,NA,11.6,44.2333796,-123.1625399,67,100,-0.8,19.151,0
7/27/2021 15:00,11,1,1,NA,14,44.2333796,-123.1625399,80,300,2.4,20.77,1
7/27/2021 17:20,11,2,1,0.56051924,22.8,44.23122,-123.1629,87,140,8.8,20.96,1
7/27/2021 19:10,11,1,1,NA,11.6,44.2333796,-123.1625399,56,110,-11.2,20.698,0
7/27/2021 19:30,11,1,1,1.697056275,16.4,44.2333796,-123.1625399,76,20,4.8,20.627,0
7/27/2021 20:50,11,4,1,0.393892771,12.4,44.2303277,-123.1622552,142,80,-4,20.341,0
7/27/2021 21:10,11,1,2,NA,13.2,44.2333796,-123.1625399,80,20,0.8,19.912,0
7/28/2021 0:20,11,1,2,NA,14,44.2333796,-123.1625399,80,110,0.8,19.365,0
7/28/2021 1:10,11,4,1,0.461880215,13.2,44.2303277,-123.1622552,140,50,-0.8,19.199,0
7/28/2021 2:10,11,1,2,0.8,14,44.2333796,-123.1625399,76,60,0.8,19.08,0
7/28/2021 4:00,11,1,2,0.4,14,44.2333796,-123.1625399,74,110,0,18.723,0
7/28/2021 8:20,11,1,2,NA,14,44.2333796,-123.1625399,81,260,0,18.485,0
7/28/2021 9:00,11,4,1,NA,16.4,44.2303277,-123.1622552,81,40,2.4,18.58,0
7/28/2021 19:00,11,4,1,NA,14,44.2303277,-123.1622552,55,600,-2.4,20.531,0
7/28/2021 19:30,11,4,1,0.565685425,17.2,44.2303277,-123.1622552,56,30,3.2,20.341,0
7/28/2021 21:10,11,1,1,0.461880215,13.2,44.2333796,-123.1625399,84,60,-4,20.317,0
7/28/2021 21:20,11,1,1,0.461880215,14,44.2333796,-123.1625399,78,10,0.8,20.293,0
7/29/2021 4:00,11,1,2,NA,13.2,44.2333796,-123.1625399,74,100,-0.8,19.294,0
7/29/2021 5:30,11,1,1,NA,14,44.2333796,-123.1625399,82,90,0.8,19.08,0
7/29/2021 8:20,11,1,2,NA,11.6,44.2333796,-123.1625399,73,170,-2.4,18.961,0
7/29/2021 8:50,11,1,1,NA,22.8,44.2333796,-123.1625399,59,30,11.2,18.985,0
7/29/2021 18:40,11,4,1,0.403619983,22,44.2303277,-123.1622552,109,580,-0.8,21.223,0
7/29/2021 21:00,11,1,1,0.565685425,13.2,44.2333796,-123.1625399,80,140,-8.8,20.674,0
7/29/2021 21:10,11,1,1,1.043072385,13.2,44.2333796,-123.1625399,66,10,0,20.65,0
7/30/2021 2:30,11,4,1,0,13.2,44.2303277,-123.1622552,55,110,0,19.627,0
7/30/2021 3:10,11,1,2,NA,14.8,44.2333796,-123.1625399,74,40,1.6,19.46,0
7/30/2021 6:30,11,1,1,NA,13.2,44.2333796,-123.1625399,71,60,-1.6,19.032,0
7/30/2021 7:20,11,1,1,NA,13.2,44.2333796,-123.1625399,77,50,0,19.032,0
7/30/2021 10:30,11,1,1,0,10.8,44.2333796,-123.1625399,89,80,-2.4,19.103,0
7/30/2021 10:40,11,1,2,0,10,44.2333796,-123.1625399,95,10,-0.8,18.985,0
7/30/2021 15:30,11,1,1,0,10,44.2333796,-123.1625399,86,270,0,19.984,0
7/30/2021 15:40,11,1,1,0.241209076,10.8,44.2333796,-123.1625399,93,10,0.8,19.96,0
7/30/2021 19:50,11,1,1,NA,14,44.2333796,-123.1625399,78,200,3.2,19.936,1
7/30/2021 20:40,11,1,1,NA,12.4,44.2333796,-123.1625399,46,50,-1.6,19.817,0
7/30/2021 22:30,11,3,1,3.375203698,19.6,44.23065,-123.16275,78,60,7.2,19.341,0
7/30/2021 22:40,11,1,1,2.146625258,10,44.2333796,-123.1625399,86,10,-9.6,19.318,0
7/31/2021 2:00,11,1,1,NA,13.2,44.2333796,-123.1625399,59,90,3.2,18.604,1
7/31/2021 2:10,11,4,1,4.5254834,18.8,44.2303277,-123.1622552,45,10,5.6,18.604,0
7/31/2021 4:30,11,1,1,NA,11.6,44.2333796,-123.1625399,61,70,-7.2,18.343,0
7/31/2021 4:40,11,4,1,2.722743714,16.4,44.2303277,-123.1622552,132,10,4.8,18.343,0
7/31/2021 6:30,11,1,1,NA,13.2,44.2333796,-123.1625399,85,80,-3.2,18.224,0
7/31/2021 7:10,11,4,1,4.574713106,10.8,44.2303277,-123.1622552,56,40,-2.4,18.224,0
7/31/2021 8:20,11,1,1,NA,12.4,44.2333796,-123.1625399,59,70,1.6,18.295,1
7/31/2021 8:50,11,1,1,NA,12.4,44.2333796,-123.1625399,80,30,0,18.319,0
7/31/2021 19:00,11,1,1,NA,13.2,44.2333796,-123.1625399,74,570,0.8,19.318,0
7/31/2021 19:40,11,4,1,NA,22,44.2303277,-123.1622552,111,40,8.8,19.46,0
7/31/2021 21:00,11,1,1,1.13137085,14,44.2333796,-123.1625399,82,80,-8,19.246,0
7/31/2021 21:10,11,1,1,0.221880078,13.2,44.2333796,-123.1625399,82,10,-0.8,19.246,0
8/1/2021 0:30,11,1,1,0.565685425,14,44.2333796,-123.1625399,86,70,0.8,18.985,0
8/1/2021 0:50,11,1,2,NA,13.2,44.2333796,-123.1625399,73,20,-0.8,18.889,0
8/1/2021 2:40,11,1,2,NA,15.6,44.2333796,-123.1625399,74,60,2.4,18.533,1
8/1/2021 3:00,11,1,1,NA,14,44.2333796,-123.1625399,78,20,-1.6,18.557,0
8/1/2021 5:00,11,1,1,NA,13.2,44.2333796,-123.1625399,73,60,-0.8,18.224,0
8/1/2021 5:20,11,1,1,NA,14,44.2333796,-123.1625399,86,20,0.8,18.247,0
8/1/2021 7:00,11,1,1,NA,10.8,44.2333796,-123.1625399,73,100,-3.2,18.033,0
8/1/2021 7:50,11,1,1,NA,18,44.2333796,-123.1625399,73,50,7.2,18.01,0
8/1/2021 10:10,11,4,1,NA,19.6,44.2303277,-123.1622552,64,110,1.6,18.295,0
8/1/2021 10:20,11,3,1,0.706972081,19.6,44.23065,-123.16275,109,10,0,18.343,0
8/1/2021 15:40,11,2,1,0.931600122,13.2,44.23122,-123.1629,95,300,-6.4,20.055,0
8/1/2021 16:40,11,1,1,0.552052447,13.2,44.2333796,-123.1625399,78,60,0,20.103,0
8/1/2021 16:50,11,1,1,NA,14,44.2333796,-123.1625399,75,10,0.8,19.888,0
8/1/2021 18:30,11,1,1,0.414039336,13.2,44.2333796,-123.1625399,90,100,-0.8,20.388,0
8/1/2021 20:50,11,1,1,NA,14.8,44.2333796,-123.1625399,74,140,1.6,20.46,1
8/1/2021 21:20,11,1,1,0.8,14.8,44.2333796,-123.1625399,76,30,0,20.436,0
8/2/2021 0:00,11,1,1,0.8,14.8,44.2333796,-123.1625399,76,70,0,19.579,0
8/2/2021 0:20,11,1,1,0.565685425,14.8,44.2333796,-123.1625399,77,20,0,19.746,0
8/2/2021 2:30,11,1,1,0.565685425,14.8,44.2333796,-123.1625399,79,70,0,19.46,0
8/2/2021 2:40,11,1,1,2.2627417,14,44.2333796,-123.1625399,81,10,-0.8,19.484,0
8/2/2021 5:40,11,1,1,NA,10,44.2333796,-123.1625399,78,100,-4,18.985,0
8/2/2021 6:00,11,1,1,NA,13.2,44.2333796,-123.1625399,69,20,3.2,18.889,0
8/2/2021 7:00,11,4,1,0.282842712,24.4,44.2303277,-123.1622552,68,60,11.2,18.866,0
8/2/2021 8:00,11,1,1,NA,14.8,44.2333796,-123.1625399,80,60,-9.6,18.747,0
8/2/2021 8:30,11,1,1,5.6,13.2,44.2333796,-123.1625399,81,30,-1.6,18.937,0
8/2/2021 11:00,11,1,1,NA,13.2,44.2333796,-123.1625399,75,150,0,19.389,0
8/2/2021 11:20,11,1,1,NA,13.2,44.2333796,-123.1625399,74,20,0,19.508,0
8/2/2021 14:00,11,1,1,NA,14,44.2333796,-123.1625399,76,130,0.8,20.365,0
8/2/2021 14:10,11,1,1,0.413118224,15.6,44.2333796,-123.1625399,89,10,1.6,20.65,0
8/2/2021 15:20,11,1,1,0.438178046,15.6,44.2333796,-123.1625399,95,70,0,20.841,0
8/2/2021 15:30,11,1,1,0.565685425,15.6,44.2333796,-123.1625399,94,10,0,20.841,0
8/2/2021 17:30,11,1,1,NA,13.2,44.2333796,-123.1625399,77,120,-2.4,21.246,0
8/2/2021 18:10,11,1,1,0.37032804,15.6,44.2333796,-123.1625399,86,40,2.4,21.342,0
8/2/2021 19:40,11,1,1,0.461880215,16.4,44.2333796,-123.1625399,90,90,0.8,20.936,0
8/2/2021 19:50,11,1,1,0,15.6,44.2333796,-123.1625399,92,10,-0.8,20.96,0
8/2/2021 21:10,11,1,1,NA,14,44.2333796,-123.1625399,78,80,-1.6,20.913,0
8/2/2021 21:20,11,1,1,2.116601049,15.6,44.2333796,-123.1625399,84,10,1.6,20.913,0
8/2/2021 23:20,11,1,1,NA,14,44.2333796,-123.1625399,77,70,-1.6,20.579,0
8/3/2021 0:40,11,1,1,0.565685425,13.2,44.2333796,-123.1625399,74,80,-0.8,20.293,0
8/3/2021 1:00,11,1,1,NA,13.2,44.2333796,-123.1625399,75,20,0,20.293,0
8/3/2021 3:10,11,1,1,NA,12.4,44.2333796,-123.1625399,73,70,-0.8,20.103,0
8/3/2021 3:20,11,1,1,0.4,13.2,44.2333796,-123.1625399,76,10,0.8,20.103,0
8/3/2021 6:50,11,1,1,0.653197265,17.2,44.2333796,-123.1625399,82,90,4,19.579,1
8/3/2021 7:00,11,1,1,2.496438489,15.6,44.2333796,-123.1625399,118,10,-1.6,19.532,0
8/3/2021 13:00,11,1,1,3.269250679,22,44.2333796,-123.1625399,97,80,6.4,20.007,1
8/3/2021 13:10,11,1,1,0.386436713,14.8,44.2333796,-123.1625399,86,10,-7.2,19.865,0
8/3/2021 17:10,11,4,1,0.373679493,23.6,44.2303277,-123.1622552,128,240,8.8,20.984,0
8/3/2021 18:20,11,1,1,0,15.6,44.2333796,-123.1625399,103,70,-8,21.032,0
8/3/2021 20:10,11,4,1,NA,17.2,44.2303277,-123.1622552,113,110,1.6,20.865,0
8/3/2021 21:00,11,1,1,NA,12.4,44.2333796,-123.1625399,73,50,-4.8,20.793,0
8/4/2021 2:20,11,1,1,NA,13.2,44.2333796,-123.1625399,74,80,0.8,19.46,0
8/4/2021 3:00,11,1,1,NA,14,44.2333796,-123.1625399,74,40,0.8,19.532,0
8/4/2021 4:10,11,1,1,NA,14,44.2333796,-123.1625399,68,70,0,19.365,0
8/4/2021 4:30,11,1,1,0,12.4,44.2333796,-123.1625399,48,20,-1.6,19.318,0
8/4/2021 6:30,11,1,1,NA,10.8,44.2333796,-123.1625399,84,90,-1.6,18.675,0
8/4/2021 6:50,11,1,1,NA,13.2,44.2333796,-123.1625399,80,20,2.4,18.699,0
8/4/2021 8:00,11,1,1,1.13137085,15.6,44.2333796,-123.1625399,76,70,2.4,18.723,1
8/4/2021 10:00,11,1,1,NA,14,44.2333796,-123.1625399,85,120,-1.6,18.675,0
8/4/2021 10:50,11,4,1,0.311399578,22.8,44.2303277,-123.1622552,114,50,8.8,19.056,0
8/4/2021 13:40,11,1,1,NA,14,44.2333796,-123.1625399,76,170,-8.8,20.269,0
8/4/2021 19:00,11,1,1,NA,14.8,44.2333796,-123.1625399,70,320,0.8,21.199,0
8/4/2021 20:00,11,1,1,1.6653328,11.6,44.2333796,-123.1625399,76,60,-3.2,21.151,0
8/4/2021 20:10,11,1,1,0.461880215,10,44.2333796,-123.1625399,92,10,-1.6,21.151,0
8/5/2021 9:40,11,1,1,NA,14,44.2333796,-123.1625399,77,210,4,18.985,1
8/5/2021 10:00,11,1,1,NA,14,44.2333796,-123.1625399,86,20,0,19.08,0
8/5/2021 18:50,11,1,1,NA,14,44.2333796,-123.1625399,76,440,0,18.794,0
8/5/2021 20:20,11,1,1,NA,13.2,44.2333796,-123.1625399,76,90,-0.8,18.01,0
8/5/2021 20:30,11,1,1,0.565685425,13.2,44.2333796,-123.1625399,78,10,0,18.01,0
8/6/2021 0:10,11,1,1,NA,13.2,44.2333796,-123.1625399,79,120,0,17.867,0
8/6/2021 1:30,11,1,1,NA,12.4,44.2333796,-123.1625399,75,80,-0.8,17.701,0
8/6/2021 1:50,11,1,1,NA,13.2,44.2333796,-123.1625399,81,20,0.8,17.701,0
8/6/2021 3:20,11,1,1,NA,14.8,44.2333796,-123.1625399,84,60,1.6,17.605,1
8/6/2021 3:40,11,1,1,NA,14,44.2333796,-123.1625399,82,20,-0.8,17.534,0
8/6/2021 6:10,11,1,1,NA,14,44.2333796,-123.1625399,83,130,0,17.486,0
8/6/2021 8:30,11,1,1,0,12.4,44.2333796,-123.1625399,85,140,-1.6,17.915,0
8/6/2021 9:00,11,1,1,NA,11.6,44.2333796,-123.1625399,75,30,-0.8,17.962,0
8/6/2021 11:10,11,1,1,0.461880215,15.6,44.2333796,-123.1625399,92,130,4,18.604,1
8/6/2021 11:20,11,1,1,NA,13.2,44.2333796,-123.1625399,77,10,-2.4,18.628,0
8/6/2021 21:20,11,1,1,1.13137085,14.8,44.2333796,-123.1625399,77,500,1.6,19.532,1
8/6/2021 21:40,11,1,1,1.13137085,14.8,44.2333796,-123.1625399,76,20,0,19.603,0
8/7/2021 1:50,11,1,1,NA,14.8,44.2333796,-123.1625399,76,100,0,19.484,0
8/7/2021 2:10,11,1,1,NA,14.8,44.2333796,-123.1625399,75,20,0,19.436,0
8/7/2021 5:40,11,1,1,NA,12.4,44.2333796,-123.1625399,74,60,-2.4,19.008,0
8/7/2021 8:10,11,1,1,NA,14,44.2333796,-123.1625399,80,150,1.6,18.818,1
8/7/2021 8:20,11,2,1,NA,14,44.23122,-123.1629,75,10,0,18.842,0
8/7/2021 16:10,11,1,1,0.461880215,24.4,44.2333796,-123.1625399,88,470,10.4,20.293,1
8/7/2021 18:40,11,1,1,NA,21.2,44.2333796,-123.1625399,75,150,-3.2,19.888,0
8/7/2021 18:50,11,1,1,0.648941863,21.2,44.2333796,-123.1625399,113,10,0,19.96,0
8/7/2021 20:10,11,2,1,NA,14,44.23122,-123.1629,79,80,-7.2,20.341,0
8/7/2021 20:30,11,2,1,NA,14,44.23122,-123.1629,75,20,0,20.317,0
8/8/2021 7:30,11,1,1,NA,13.2,44.2333796,-123.1625399,76,60,-0.8,19.056,0
8/8/2021 7:40,11,1,1,NA,13.2,44.2333796,-123.1625399,80,10,0,19.032,0
8/8/2021 20:40,11,2,1,NA,18.8,44.23122,-123.1629,74,780,5.6,19.984,1
8/8/2021 21:10,11,1,1,0.461880215,15.6,44.2333796,-123.1625399,79,30,-3.2,19.888,0
8/9/2021 9:20,11,1,1,0.50730119,14,44.2333796,-123.1625399,95,220,-1.6,17.653,0
8/9/2021 20:50,11,1,1,0,16.4,44.2333796,-123.1625399,100,690,2.4,19.746,1
8/9/2021 21:10,11,1,1,NA,15.6,44.2333796,-123.1625399,81,20,-0.8,19.651,0
8/10/2021 3:10,11,1,1,0.653197265,14,44.2333796,-123.1625399,75,60,-1.6,19.032,0
8/10/2021 4:30,11,1,1,NA,14.8,44.2333796,-123.1625399,74,80,0.8,18.675,0
8/10/2021 4:50,11,1,1,NA,14,44.2333796,-123.1625399,75,20,-0.8,18.557,0
8/10/2021 5:50,11,1,1,NA,14,44.2333796,-123.1625399,84,60,0,18.461,0
8/10/2021 6:20,11,1,1,NA,13.2,44.2333796,-123.1625399,75,30,-0.8,18.438,0
8/10/2021 16:30,11,1,1,NA,22,44.2333796,-123.1625399,79,610,8.8,20.627,1
8/10/2021 17:50,11,2,1,NA,12.4,44.23122,-123.1629,77,80,-9.6,20.722,0
8/10/2021 21:10,11,1,1,0,14.8,44.2333796,-123.1625399,79,200,2.4,20.484,1
8/10/2021 21:20,11,1,1,0.461880215,15.6,44.2333796,-123.1625399,78,10,0.8,20.388,0
8/11/2021 3:00,11,2,1,NA,14,44.23122,-123.1629,79,60,-1.6,19.627,0
8/11/2021 3:10,11,1,1,NA,14,44.2333796,-123.1625399,57,10,0,19.603,0
8/11/2021 4:50,11,1,1,0.57419245,14,44.2333796,-123.1625399,74,100,0,19.436,0
8/11/2021 6:40,11,2,1,NA,13.2,44.23122,-123.1629,50,110,-0.8,19.389,0
8/11/2021 7:10,11,1,1,NA,14.8,44.2333796,-123.1625399,79,30,1.6,19.294,0
8/11/2021 8:10,11,1,1,NA,13.2,44.2333796,-123.1625399,83,60,-1.6,19.222,0
8/11/2021 9:00,11,1,1,NA,13.2,44.2333796,-123.1625399,83,50,0,19.175,0
8/11/2021 12:30,11,1,1,NA,14,44.2333796,-123.1625399,82,180,0.8,19.841,0
8/11/2021 21:10,11,1,1,2.971868099,21.2,44.2333796,-123.1625399,92,520,7.2,21.032,1
8/11/2021 21:20,11,1,1,1.13137085,14.8,44.2333796,-123.1625399,78,10,-6.4,20.96,0
8/12/2021 2:50,11,1,1,0.414039336,13.2,44.2333796,-123.1625399,82,130,-1.6,20.198,0
8/12/2021 3:40,11,1,1,NA,14,44.2333796,-123.1625399,80,50,0.8,20.007,0
8/12/2021 7:20,11,1,1,NA,14,44.2333796,-123.1625399,76,120,0,19.508,0
8/12/2021 8:00,11,1,1,NA,13.2,44.2333796,-123.1625399,74,40,-0.8,19.365,0
8/12/2021 9:20,11,1,1,NA,14,44.2333796,-123.1625399,74,80,0.8,19.484,0
8/12/2021 11:00,11,1,1,0,14,44.2333796,-123.1625399,75,100,0,20.055,0
8/12/2021 11:10,11,1,1,NA,14,44.2333796,-123.1625399,84,10,0,20.079,0
8/12/2021 21:20,11,1,1,NA,14,44.2333796,-123.1625399,71,590,0,20.984,0
8/12/2021 21:30,11,1,1,0.461880215,14,44.2333796,-123.1625399,75,10,0,20.984,0
8/13/2021 5:30,11,1,1,NA,14,44.2333796,-123.1625399,73,170,0,19.484,0
8/13/2021 5:40,11,1,1,NA,14.8,44.2333796,-123.1625399,73,10,0.8,19.508,0
8/13/2021 11:00,11,1,1,NA,14,44.2333796,-123.1625399,75,320,-0.8,20.031,0
8/13/2021 21:30,11,1,1,0.565685425,14,44.2333796,-123.1625399,73,630,0,19.722,0
8/13/2021 21:50,11,1,1,NA,14,44.2333796,-123.1625399,75,20,0,19.722,0
8/14/2021 3:10,11,1,1,0.923760431,14,44.2333796,-123.1625399,71,130,0,18.842,0
8/14/2021 5:20,11,1,1,NA,13.2,44.2333796,-123.1625399,73,130,-0.8,18.58,0
8/14/2021 5:40,11,1,1,NA,15.6,44.2333796,-123.1625399,76,20,2.4,18.628,0
8/14/2021 8:30,11,1,1,NA,12.4,44.2333796,-123.1625399,75,150,-3.2,18.461,0
8/14/2021 10:00,11,1,1,1.697056275,15.6,44.2333796,-123.1625399,78,90,3.2,18.557,1
8/14/2021 16:00,11,2,1,NA,21.2,44.23122,-123.1629,74,360,5.6,19.817,1
8/14/2021 19:40,11,1,1,NA,14.8,44.2333796,-123.1625399,74,220,-6.4,20.15,0
8/14/2021 20:20,11,1,1,0.427617987,14,44.2333796,-123.1625399,85,40,-0.8,20.079,0
8/14/2021 22:30,11,1,1,NA,15.6,44.2333796,-123.1625399,83,60,1.6,20.246,1
8/14/2021 23:20,11,1,1,0,15.6,44.2333796,-123.1625399,60,50,0,20.103,0
8/15/2021 0:40,11,1,1,NA,14,44.2333796,-123.1625399,80,60,-1.6,19.841,0
8/15/2021 1:10,11,1,1,NA,14,44.2333796,-123.1625399,79,30,0,19.817,0
8/15/2021 5:10,11,1,1,0,13.2,44.2333796,-123.1625399,74,80,-0.8,19.318,0
8/15/2021 5:20,11,1,1,NA,14,44.2333796,-123.1625399,78,10,0.8,19.318,0
8/15/2021 10:40,11,1,1,NA,13.2,44.2333796,-123.1625399,73,310,-0.8,19.508,0
8/15/2021 20:10,11,1,1,NA,14,44.2333796,-123.1625399,88,570,0.8,20.603,0
8/15/2021 20:20,11,1,1,NA,14.8,44.2333796,-123.1625399,67,10,0.8,20.65,0
8/15/2021 22:20,11,1,1,5.656854249,22,44.2333796,-123.1625399,79,60,7.2,20.317,1
8/15/2021 22:50,11,1,1,0,21.2,44.2333796,-123.1625399,82,30,-0.8,20.174,0
8/16/2021 0:40,11,1,1,0.4,14.8,44.2333796,-123.1625399,76,60,-6.4,19.984,0
8/16/2021 0:50,11,1,1,0.461880215,14,44.2333796,-123.1625399,83,10,-0.8,19.865,0
8/16/2021 8:20,11,1,1,NA,22,44.2333796,-123.1625399,86,150,8,18.985,1
8/16/2021 8:30,11,1,1,NA,22,44.2333796,-123.1625399,82,10,0,19.056,0
8/16/2021 16:50,11,1,1,0,23.6,44.2333796,-123.1625399,90,500,1.6,20.079,1
8/16/2021 20:10,11,1,1,0.923760431,22.8,44.2333796,-123.1625399,97,200,-0.8,20.174,0
8/16/2021 20:50,11,1,1,NA,14.8,44.2333796,-123.1625399,73,40,-8,20.174,0
8/17/2021 1:50,11,1,1,0.715541753,15.6,44.2333796,-123.1625399,81,80,0.8,19.603,0
8/17/2021 2:00,11,1,1,1.032795559,15.6,44.2333796,-123.1625399,79,10,0,19.484,0
8/17/2021 14:10,11,1,1,NA,14.8,44.2333796,-123.1625399,78,520,-0.8,18.913,0
8/17/2021 16:30,11,1,1,NA,14.8,44.2333796,-123.1625399,75,140,0,18.723,0
8/17/2021 20:00,11,1,1,NA,13.2,44.2333796,-123.1625399,74,210,-1.6,18.557,0
8/17/2021 20:40,11,1,1,NA,14,44.2333796,-123.1625399,73,40,0.8,18.485,0
8/17/2021 22:00,11,1,1,0.53935989,14.8,44.2333796,-123.1625399,77,80,0.8,18.414,0
8/17/2021 22:10,11,1,1,NA,14,44.2333796,-123.1625399,71,10,-0.8,18.438,0
8/18/2021 2:30,11,1,1,0.461880215,13.2,44.2333796,-123.1625399,75,90,-0.8,17.748,0
8/18/2021 2:40,11,1,1,0.56051924,13.2,44.2333796,-123.1625399,75,10,0,17.748,0
8/18/2021 5:30,11,1,1,NA,14.8,44.2333796,-123.1625399,77,70,1.6,17.249,1
8/18/2021 5:50,11,1,1,NA,14,44.2333796,-123.1625399,73,20,-0.8,17.225,0
8/18/2021 7:40,11,1,1,NA,13.2,44.2333796,-123.1625399,77,90,-0.8,17.011,0
8/18/2021 8:40,11,1,1,0.565685425,13.2,44.2333796,-123.1625399,76,60,0,16.987,0
8/18/2021 9:40,11,1,1,NA,13.2,44.2333796,-123.1625399,80,60,0,17.13,0
8/18/2021 20:10,11,1,1,NA,14,44.2333796,-123.1625399,75,630,0.8,18.818,0
8/18/2021 20:30,11,1,1,NA,16.4,44.2333796,-123.1625399,76,20,2.4,18.842,0
8/19/2021 0:00,11,1,1,NA,14.8,44.2333796,-123.1625399,78,100,-1.6,18.652,0
8/19/2021 0:20,11,1,1,NA,14,44.2333796,-123.1625399,74,20,-0.8,18.604,0
8/19/2021 3:40,11,1,1,NA,14,44.2333796,-123.1625399,76,70,0,18.057,0
8/19/2021 4:00,11,1,1,NA,14,44.2333796,-123.1625399,70,20,0,18.105,0
8/19/2021 6:10,11,1,1,NA,12.4,44.2333796,-123.1625399,74,60,-1.6,17.819,0
8/19/2021 12:20,11,1,1,NA,13.2,44.2333796,-123.1625399,75,370,0.8,18.2,0
8/19/2021 20:40,11,1,1,1.13137085,14.8,44.2333796,-123.1625399,81,500,1.6,19.294,1
8/19/2021 21:00,11,1,1,NA,14,44.2333796,-123.1625399,76,20,-0.8,19.27,0
8/19/2021 23:10,11,1,1,0.565685425,15.6,44.2333796,-123.1625399,75,110,1.6,19.318,1
8/19/2021 23:30,11,1,1,0.565685425,15.6,44.2333796,-123.1625399,79,20,0,19.246,0
8/20/2021 1:00,11,1,1,NA,15.6,44.2333796,-123.1625399,78,60,0,18.961,0
8/20/2021 1:10,11,1,1,1.222020185,14.8,44.2333796,-123.1625399,76,10,-0.8,18.937,0
8/20/2021 20:50,11,1,1,NA,14,44.2333796,-123.1625399,80,1000,-0.8,18.794,0
8/20/2021 21:30,11,1,1,0.357770876,14,44.2333796,-123.1625399,78,40,0,18.889,0
8/21/2021 3:00,11,1,1,NA,11.6,44.2333796,-123.1625399,70,70,-2.4,18.2,0
8/21/2021 3:30,11,1,1,0,13.2,44.2333796,-123.1625399,76,30,1.6,18.224,0
8/21/2021 10:40,11,1,1,NA,13.2,44.2333796,-123.1625399,76,390,0,17.534,0
8/21/2021 15:30,11,1,1,NA,14,44.2333796,-123.1625399,75,290,0.8,18.866,0
8/21/2021 18:10,11,1,1,NA,14,44.2333796,-123.1625399,79,160,0,18.937,0
8/21/2021 21:00,11,1,1,0.565685425,14.8,44.2333796,-123.1625399,77,170,0.8,18.461,0
8/21/2021 22:50,11,1,1,NA,14.8,44.2333796,-123.1625399,49,110,0,18.438,0
8/21/2021 23:10,11,1,1,NA,14.8,44.2333796,-123.1625399,79,20,0,18.366,0
8/22/2021 1:20,11,1,1,NA,15.6,44.2333796,-123.1625399,85,120,0.8,18.01,0
8/22/2021 2:50,11,1,1,NA,14.8,44.2333796,-123.1625399,73,90,-0.8,17.867,0
8/22/2021 3:00,11,1,1,NA,14.8,44.2333796,-123.1625399,75,10,0,17.843,0
8/22/2021 4:10,11,1,1,NA,15.6,44.2333796,-123.1625399,72,70,0.8,17.748,0
8/22/2021 4:40,11,1,1,NA,15.6,44.2333796,-123.1625399,78,30,0,17.582,0
8/22/2021 20:30,11,1,1,0.565685425,15.6,44.2333796,-123.1625399,76,940,0,17.724,0
8/22/2021 20:40,11,1,1,0.715541753,15.6,44.2333796,-123.1625399,76,10,0,17.701,0
8/22/2021 23:50,11,1,1,NA,14.8,44.2333796,-123.1625399,72,150,-0.8,17.344,0
8/23/2021 0:00,11,1,1,0.653197265,15.6,44.2333796,-123.1625399,73,10,0.8,17.296,0
8/23/2021 2:20,11,1,1,NA,13.2,44.2333796,-123.1625399,79,80,-2.4,16.987,0
8/23/2021 3:30,11,1,1,NA,14.8,44.2333796,-123.1625399,73,70,1.6,16.749,1
8/23/2021 4:10,11,1,1,NA,14.8,44.2333796,-123.1625399,79,40,0,16.749,0
