"hour","depth","temperature","dissolved.oxygen","temp.fact","do.fact","WQI"
7,0.2,16.8,3.9,0.53,0.2,0.33
8,0.2,17,4.5,0.51,0.28,0.38
9,0.2,17.5,5.2,0.46,0.38,0.42
10,0.2,18.1,6.6,0.4,0.58,0.48
11,0.2,18.9,7.6,0.33,0.72,0.49
12,0.2,19.8,8.6,0.24,0.86,0.45
13,0.2,20.7,8.9,0.15,0.9,0.37
14,0.2,21.3,9.2,0.1,0.94,0.31
15,0.2,21.9,9.5,0.04,0.99,0.2
16,0.2,22.3,9.6,0,1,0
17,0.2,22.1,9.6,0.02,1,0.14
18,0.2,21.9,9.5,0.04,0.99,0.2
19,0.2,21.6,9,0.07,0.92,0.25
20,0.2,20.9,8.3,0.13,0.82,0.33
21,0.2,20.2,7.4,0.2,0.69,0.37
22,0.2,19.7,6.8,0.25,0.61,0.39
23,0.2,19.3,5.9,0.29,0.48,0.37
0,0.2,18.9,5.3,0.33,0.39,0.36
1,0.2,18.6,4.9,0.36,0.34,0.35
2,0.2,18.2,4.5,0.39,0.28,0.33
3,0.2,18.1,4.5,0.4,0.28,0.33
4,0.2,18.2,3.7,0.39,0.17,0.26
5,0.2,17.6,3.4,0.45,0.13,0.24
6,0.2,17.3,3.6,0.48,0.15,0.27
7,0.4,16.5,3.7,0.56,0.17,0.31
8,0.4,16.8,4.4,0.53,0.27,0.38
9,0.4,17.6,5,0.45,0.35,0.4
10,0.4,18.3,6.3,0.38,0.54,0.45
11,0.4,19.2,7.3,0.3,0.68,0.45
12,0.4,20.1,8.1,0.21,0.79,0.41
13,0.4,20.8,8.5,0.14,0.85,0.34
14,0.4,21.3,8.9,0.1,0.9,0.3
15,0.4,21.9,8.9,0.04,0.9,0.19
16,0.4,22.2,9,0.01,0.92,0.1
17,0.4,22.1,9,0.02,0.92,0.14
18,0.4,21.9,8.5,0.04,0.85,0.18
19,0.4,21.5,7.7,0.08,0.73,0.24
20,0.4,20.7,7.2,0.15,0.66,0.31
21,0.4,19.9,6.4,0.23,0.55,0.36
22,0.4,19.4,5.9,0.28,0.48,0.37
23,0.4,18.9,5.2,0.33,0.38,0.35
0,0.4,18.5,4.7,0.37,0.31,0.34
1,0.4,18.2,4.4,0.39,0.27,0.32
2,0.4,17.9,4.1,0.42,0.23,0.31
3,0.4,17.8,4,0.43,0.21,0.3
4,0.4,18,3.4,0.41,0.13,0.23
5,0.4,17.1,3.2,0.5,0.1,0.22
6,0.4,16.9,3.3,0.52,0.11,0.24
7,0.6,15.4,3,0.66,0.07,0.21
8,0.6,15.8,3.8,0.62,0.18,0.33
9,0.6,16.9,4.5,0.52,0.28,0.38
10,0.6,17.9,5.4,0.42,0.41,0.41
11,0.6,18.8,6.3,0.34,0.54,0.43
12,0.6,19.6,7,0.26,0.63,0.4
13,0.6,20.3,7.7,0.19,0.73,0.37
14,0.6,21,8.2,0.12,0.8,0.31
15,0.6,21.3,8,0.1,0.77,0.28
16,0.6,21.7,7.9,0.06,0.76,0.21
17,0.6,21.5,7.9,0.08,0.76,0.25
18,0.6,21.1,7.2,0.12,0.66,0.28
19,0.6,20,6.2,0.22,0.52,0.34
20,0.6,19.1,5.8,0.31,0.46,0.38
21,0.6,18.3,5.1,0.38,0.37,0.37
22,0.6,17.8,4.5,0.43,0.28,0.35
23,0.6,17.4,4,0.47,0.21,0.31
0,0.6,17.1,3.7,0.5,0.17,0.29
1,0.6,16.8,3.4,0.53,0.13,0.26
2,0.6,16.5,3.1,0.56,0.08,0.21
3,0.6,16.5,3,0.56,0.07,0.2
4,0.6,16.7,2.9,0.54,0.06,0.18
5,0.6,15.8,2.7,0.62,0.03,0.14
6,0.6,15.6,2.7,0.64,0.03,0.14
7,0.8,13.7,2.9,0.83,0.06,0.22
8,0.8,14.1,4,0.79,0.21,0.41
9,0.8,15.2,4.4,0.68,0.27,0.43
10,0.8,16.6,5.3,0.55,0.39,0.46
11,0.8,17.8,6.1,0.43,0.51,0.47
12,0.8,18.4,6.6,0.38,0.58,0.47
13,0.8,19.1,7.3,0.31,0.68,0.46
14,0.8,20.2,7.8,0.2,0.75,0.39
15,0.8,20.3,7.4,0.19,0.69,0.36
16,0.8,20.7,7.3,0.15,0.68,0.32
17,0.8,20.5,7.1,0.17,0.65,0.33
18,0.8,19.5,5.8,0.27,0.46,0.35
19,0.8,17.2,4.4,0.49,0.27,0.36
20,0.8,16.3,4.3,0.58,0.25,0.38
21,0.8,15.5,3.8,0.65,0.18,0.34
22,0.8,15.1,3.4,0.69,0.13,0.3
23,0.8,14.9,3.2,0.71,0.1,0.27
0,0.8,14.6,3,0.74,0.07,0.23
1,0.8,14.5,2.9,0.75,0.06,0.21
2,0.8,14.3,2.8,0.77,0.04,0.18
3,0.8,14.3,2.7,0.77,0.03,0.15
4,0.8,14.4,2.6,0.76,0.01,0.09
5,0.8,13.9,2.6,0.81,0.01,0.09
6,0.8,13.8,2.6,0.82,0.01,0.09
7,1,12.3,2.8,0.96,0.04,0.2
8,1,12.7,4.1,0.92,0.23,0.46
9,1,13.5,4.3,0.85,0.25,0.46
10,1,14.9,5.1,0.71,0.37,0.51
11,1,15.9,5.9,0.62,0.48,0.55
12,1,16.3,6.1,0.58,0.51,0.54
13,1,16.8,6.7,0.53,0.59,0.56
14,1,17.8,7.2,0.43,0.66,0.53
15,1,17.6,6.6,0.45,0.58,0.51
16,1,17.9,6.5,0.42,0.56,0.48
17,1,17.7,6.1,0.44,0.51,0.47
18,1,16.7,4.7,0.54,0.31,0.41
19,1,14.5,3.1,0.75,0.08,0.24
20,1,13.8,3.2,0.82,0.1,0.29
21,1,13.2,2.9,0.87,0.06,0.23
22,1,12.9,2.7,0.9,0.03,0.16
23,1,12.8,2.6,0.91,0.01,0.1
0,1,12.7,2.6,0.92,0.01,0.1
1,1,12.6,2.5,0.93,0,0
2,1,12.5,2.5,0.94,0,0
3,1,12.5,2.5,0.94,0,0
4,1,12.5,2.5,0.94,0,0
5,1,12.3,2.5,0.96,0,0
6,1,12.3,2.5,0.96,0,0
7,1.2,12.1,2.9,0.98,0.06,0.24
8,1.2,12.3,3.8,0.96,0.18,0.42
9,1.2,12.6,4.2,0.93,0.24,0.47
10,1.2,13.2,4.7,0.87,0.31,0.52
11,1.2,13.6,5.3,0.84,0.39,0.57
12,1.2,13.8,5.4,0.82,0.41,0.58
13,1.2,13.8,5.7,0.82,0.45,0.61
14,1.2,13.9,5.7,0.81,0.45,0.6
15,1.2,13.8,5.4,0.82,0.41,0.58
16,1.2,13.8,5.2,0.82,0.38,0.56
17,1.2,13.6,4.9,0.84,0.34,0.53
18,1.2,13.5,4.1,0.85,0.23,0.44
19,1.2,13.1,3.3,0.88,0.11,0.31
20,1.2,12.9,3.3,0.9,0.11,0.31
21,1.2,12.7,3,0.92,0.07,0.25
22,1.2,12.5,2.9,0.94,0.06,0.24
23,1.2,12.4,2.8,0.95,0.04,0.19
0,1.2,12.4,2.7,0.95,0.03,0.17
1,1.2,12.3,2.7,0.96,0.03,0.17
2,1.2,12.3,2.7,0.96,0.03,0.17
3,1.2,12.2,2.7,0.97,0.03,0.17
4,1.2,12.2,2.7,0.97,0.03,0.17
5,1.2,12.2,2.7,0.97,0.03,0.17
6,1.2,12.1,2.7,0.98,0.03,0.17
7,1.4,12,3,0.99,0.07,0.26
8,1.4,12.1,3.6,0.98,0.15,0.38
9,1.4,12.5,4.1,0.94,0.23,0.46
10,1.4,13,4.5,0.89,0.28,0.5
11,1.4,13.3,4.8,0.87,0.32,0.53
12,1.4,13.5,4.8,0.85,0.32,0.52
13,1.4,13.6,4.9,0.84,0.34,0.53
14,1.4,13.7,4.6,0.83,0.3,0.5
15,1.4,13.7,4.4,0.83,0.27,0.47
16,1.4,13.6,4.2,0.84,0.24,0.45
17,1.4,13.4,3.9,0.86,0.2,0.41
18,1.4,13.3,3.7,0.87,0.17,0.38
19,1.4,13,3.4,0.89,0.13,0.34
20,1.4,12.8,3.3,0.91,0.11,0.32
21,1.4,12.6,3.1,0.93,0.08,0.27
22,1.4,12.5,3,0.94,0.07,0.26
23,1.4,12.4,2.9,0.95,0.06,0.24
0,1.4,12.3,2.9,0.96,0.06,0.24
1,1.4,12.2,2.8,0.97,0.04,0.2
2,1.4,12.2,2.8,0.97,0.04,0.2
3,1.4,12.1,2.8,0.98,0.04,0.2
4,1.4,12.1,2.8,0.98,0.04,0.2
5,1.4,12.1,2.8,0.98,0.04,0.2
6,1.4,12,2.8,0.99,0.04,0.2
7,1.6,11.9,3,1,0.07,0.26
8,1.6,12.1,3.6,0.98,0.15,0.38
9,1.6,12.4,4.1,0.95,0.23,0.47
10,1.6,12.8,4.5,0.91,0.28,0.5
11,1.6,13.1,4.8,0.88,0.32,0.53
12,1.6,13.3,4.8,0.87,0.32,0.53
13,1.6,13.4,4.9,0.86,0.34,0.54
14,1.6,13.5,4.6,0.85,0.3,0.5
15,1.6,13.6,4.4,0.84,0.27,0.48
16,1.6,13.5,4.2,0.85,0.24,0.45
17,1.6,13.2,3.9,0.87,0.2,0.42
18,1.6,13.1,3.7,0.88,0.17,0.39
19,1.6,12.9,3.4,0.9,0.13,0.34
20,1.6,12.7,3.3,0.92,0.11,0.32
21,1.6,12.6,3.1,0.93,0.08,0.27
22,1.6,12.4,3,0.95,0.07,0.26
23,1.6,12.3,2.9,0.96,0.06,0.24
0,1.6,12.2,2.9,0.97,0.06,0.24
1,1.6,12.2,2.8,0.97,0.04,0.2
2,1.6,12.1,2.8,0.98,0.04,0.2
3,1.6,12.1,2.8,0.98,0.04,0.2
4,1.6,12,2.8,0.99,0.04,0.2
5,1.6,12,2.8,0.99,0.04,0.2
6,1.6,12,2.8,0.99,0.04,0.2
